"sale_date","total_amount"
"2023-01-01 00:04:40.941383",450000.00
"2023-01-01 00:21:08.791725",30000.00
"2023-01-01 00:45:20.962949",20000.00
"2023-01-01 02:22:41.854294",900000.00
"2023-01-01 06:00:57.448986",90000.00
"2023-01-01 06:17:43.542461",11000.00
"2023-01-01 06:41:10.064232",11000.00
"2023-01-01 10:00:53.285269",425000.00
"2023-01-01 10:14:58.255119",5000.00
"2023-01-01 13:02:54.146652",320000.00
"2023-01-01 13:39:39.934998",12500.00
"2023-01-01 14:00:38.664863",90000.00
"2023-01-01 15:25:03.432467",1600000.00
"2023-01-01 16:41:31.549147",1800000.00
"2023-01-01 17:47:52.987332",45000.00
"2023-01-01 18:00:00.865188",18000.00
"2023-01-01 18:05:56.075552",640000.00
"2023-01-01 18:21:03.774197",340000.00
"2023-01-01 21:22:35.462141",180000.00
"2023-01-02 01:55:40.844053",180000.00
"2023-01-02 03:33:12.65703",255000.00
"2023-01-02 05:17:23.592613",30000.00
"2023-01-02 05:55:13.442933",18000.00
"2023-01-02 07:15:28.313914",15000.00
"2023-01-02 07:40:14.023959",6000.00
"2023-01-02 08:09:15.778958",10000.00
"2023-01-02 08:45:38.803125",6000.00
"2023-01-02 08:56:44.35986",7500.00
"2023-01-02 10:28:20.7606",170000.00
"2023-01-02 11:14:24.287019",170000.00
"2023-01-02 13:49:33.04414",12000.00
"2023-01-02 13:59:10.596239",10000.00
"2023-01-02 14:25:16.898208",10000.00
"2023-01-02 14:43:35.114704",18000.00
"2023-01-02 17:02:16.732286",27500.00
"2023-01-02 18:21:54.153884",15000.00
"2023-01-02 18:44:23.580396",225000.00
"2023-01-02 18:54:06.341769",22000.00
"2023-01-02 19:14:51.581444",18000.00
"2023-01-02 21:29:14.100968",340000.00
"2023-01-02 22:58:01.909863",10000.00
"2023-01-02 23:06:48.076549",1600000.00
"2023-01-03 01:01:54.700671",5000.00
"2023-01-03 04:02:43.616929",45000.00
"2023-01-03 04:09:13.534736",10000.00
"2023-01-03 04:39:19.656689",90000.00
"2023-01-03 06:43:34.126626",255000.00
"2023-01-03 07:37:38.271142",90000.00
"2023-01-03 08:56:34.93451",54000.00
"2023-01-03 09:49:56.042146",90000.00
"2023-01-03 12:16:31.308564",2250000.00
"2023-01-03 12:41:58.116874",12500.00
"2023-01-03 14:23:22.002629",10000.00
"2023-01-03 14:26:50.380074",900000.00
"2023-01-03 15:28:27.185247",255000.00
"2023-01-03 16:36:04.868835",18000.00
"2023-01-03 17:31:47.168787",72000.00
"2023-01-03 22:03:08.238275",6000.00
"2023-01-03 22:08:16.862481",1800000.00
"2023-01-03 22:52:41.942924",900000.00
"2023-01-03 23:12:11.54762",30000.00
"2023-01-03 23:48:12.475293",90000.00
"2023-01-04 01:26:48.602555",5500.00
"2023-01-04 03:46:06.580512",30000.00
"2023-01-04 03:56:52.870506",1280000.00
"2023-01-04 04:56:17.133005",10000.00
"2023-01-04 06:23:03.485427",85000.00
"2023-01-04 06:38:43.857691",425000.00
"2023-01-04 07:14:09.535838",90000.00
"2023-01-04 08:46:20.203056",255000.00
"2023-01-04 09:56:15.000981",5500.00
"2023-01-04 10:25:37.640224",425000.00
"2023-01-04 11:43:08.912064",6000.00
"2023-01-04 13:27:30.013924",340000.00
"2023-01-04 14:35:25.639372",85000.00
"2023-01-04 16:31:00.936431",255000.00
"2023-01-04 16:44:08.306243",10000.00
"2023-01-04 16:57:17.551476",1350000.00
"2023-01-04 17:55:54.413216",170000.00
"2023-01-04 19:03:07.39215",25000.00
"2023-01-04 19:03:55.771876",5500.00
"2023-01-04 19:42:41.450324",960000.00
"2023-01-04 20:20:41.511092",10000.00
"2023-01-04 22:14:59.64868",225000.00
"2023-01-04 22:34:26.573939",85000.00
"2023-01-04 23:48:55.468048",255000.00
"2023-01-04 23:51:23.414424",30000.00
"2023-01-05 00:46:39.276646",12000.00
"2023-01-05 01:29:11.6323",10000.00
"2023-01-05 03:10:42.30933",900000.00
"2023-01-05 04:38:26.321468",640000.00
"2023-01-05 05:56:03.688935",24000.00
"2023-01-05 06:04:17.169885",5500.00
"2023-01-05 09:27:50.593895",450000.00
"2023-01-05 09:29:12.106193",6000.00
"2023-01-05 11:00:30.212856",2500.00
"2023-01-05 13:19:05.341359",180000.00
"2023-01-05 14:19:00.160058",1350000.00
"2023-01-05 14:41:53.297499",1600000.00
"2023-01-05 16:50:52.396316",340000.00
"2023-01-05 18:44:26.597663",1800000.00
"2023-01-05 21:23:57.371388",2250000.00
"2023-01-06 00:20:25.916502",340000.00
"2023-01-06 01:05:36.047051",45000.00
"2023-01-06 01:40:38.848942",1280000.00
"2023-01-06 02:26:43.514373",30000.00
"2023-01-06 05:10:05.316602",90000.00
"2023-01-06 06:09:00.623568",18000.00
"2023-01-06 08:44:56.695484",25000.00
"2023-01-06 08:56:09.822522",24000.00
"2023-01-06 09:58:53.472936",11000.00
"2023-01-06 10:18:19.135808",5500.00
"2023-01-06 10:26:26.868539",18000.00
"2023-01-06 11:00:52.009416",640000.00
"2023-01-06 12:12:07.947081",15000.00
"2023-01-06 12:32:18.369356",15000.00
"2023-01-06 13:02:31.783216",36000.00
"2023-01-06 13:05:12.298425",225000.00
"2023-01-06 13:35:26.660812",7500.00
"2023-01-06 13:49:38.336785",1600000.00
"2023-01-06 14:29:03.0524",18000.00
"2023-01-06 15:29:07.060156",960000.00
"2023-01-06 16:28:14.554369",54000.00
"2023-01-06 17:52:48.677455",12000.00
"2023-01-06 18:53:29.382682",54000.00
"2023-01-06 19:28:11.130235",320000.00
"2023-01-06 20:16:48.214457",5000.00
"2023-01-06 22:13:51.860301",255000.00
"2023-01-06 22:43:50.586463",10000.00
"2023-01-06 22:48:35.271295",1350000.00
"2023-01-06 22:49:47.906892",22000.00
"2023-01-06 23:24:45.072567",36000.00
"2023-01-07 03:55:33.066453",1600000.00
"2023-01-07 05:05:58.781765",90000.00
"2023-01-07 05:27:22.286794",1600000.00
"2023-01-07 06:00:43.49489",425000.00
"2023-01-07 06:06:26.227484",11000.00
"2023-01-07 08:30:21.811493",36000.00
"2023-01-07 09:24:57.573888",640000.00
"2023-01-07 09:29:55.126147",10000.00
"2023-01-07 10:08:52.401356",90000.00
"2023-01-07 11:20:30.5601",180000.00
"2023-01-07 11:27:08.414961",12000.00
"2023-01-07 11:33:02.95822",5500.00
"2023-01-07 11:35:01.609361",5000.00
"2023-01-07 14:47:24.988672",16500.00
"2023-01-07 15:09:10.983914",450000.00
"2023-01-07 15:23:42.890346",2250000.00
"2023-01-07 15:33:18.433457",1800000.00
"2023-01-07 15:56:08.456516",255000.00
"2023-01-07 16:48:12.041073",25000.00
"2023-01-07 16:54:07.070519",135000.00
"2023-01-07 18:47:04.425039",12000.00
"2023-01-07 19:45:37.059776",20000.00
"2023-01-07 22:39:39.324239",640000.00
"2023-01-07 23:33:42.252922",6000.00
"2023-01-08 03:33:13.374178",15000.00
"2023-01-08 05:29:07.888872",10000.00
"2023-01-08 06:10:26.151955",5000.00
"2023-01-08 08:11:56.77146",225000.00
"2023-01-08 08:49:29.977409",54000.00
"2023-01-08 08:56:17.704212",90000.00
"2023-01-08 09:12:23.809806",25000.00
"2023-01-08 11:11:53.955603",1600000.00
"2023-01-08 11:27:53.807211",900000.00
"2023-01-08 12:09:06.102932",10000.00
"2023-01-08 15:08:35.398884",15000.00
"2023-01-08 16:28:26.767915",27500.00
"2023-01-08 17:17:58.501674",22000.00
"2023-01-08 18:13:42.022007",90000.00
"2023-01-08 19:14:11.143376",180000.00
"2023-01-08 20:46:39.589503",5000.00
"2023-01-08 21:40:16.251311",16500.00
"2023-01-08 22:03:04.523652",5000.00
"2023-01-09 00:03:44.853006",170000.00
"2023-01-09 00:44:54.53003",16500.00
"2023-01-09 01:29:24.128537",180000.00
"2023-01-09 03:08:46.160694",15000.00
"2023-01-09 04:13:20.834689",45000.00
"2023-01-09 04:19:24.482463",170000.00
"2023-01-09 04:26:47.08434",2500.00
"2023-01-09 05:57:38.784274",450000.00
"2023-01-09 06:55:49.641224",180000.00
"2023-01-09 07:22:13.728013",18000.00
"2023-01-09 07:27:21.292206",85000.00
"2023-01-09 10:24:52.57304",170000.00
"2023-01-09 12:54:27.347325",85000.00
"2023-01-09 13:20:09.772412",22000.00
"2023-01-09 14:04:13.199853",36000.00
"2023-01-09 14:18:38.18726",24000.00
"2023-01-09 16:28:19.012162",135000.00
"2023-01-09 16:47:07.552483",27500.00
"2023-01-09 17:04:01.913106",72000.00
"2023-01-09 20:35:47.424689",12500.00
"2023-01-09 21:03:14.370926",30000.00
"2023-01-09 21:52:16.978441",900000.00
"2023-01-09 22:03:58.528197",12000.00
"2023-01-09 23:28:43.849421",12000.00
"2023-01-10 00:13:16.586875",85000.00
"2023-01-10 00:31:10.189806",255000.00
"2023-01-10 00:43:04.039438",900000.00
"2023-01-10 01:28:43.866616",180000.00
"2023-01-10 03:51:54.196874",180000.00
"2023-01-10 05:19:26.034949",5000.00
"2023-01-10 05:41:56.891708",1800000.00
"2023-01-10 05:51:57.232362",6000.00
"2023-01-10 06:06:24.684608",90000.00
"2023-01-10 06:14:05.149236",450000.00
"2023-01-10 08:22:17.954309",12000.00
"2023-01-10 12:19:55.505876",450000.00
"2023-01-10 13:03:51.352202",255000.00
"2023-01-10 15:21:00.241458",960000.00
"2023-01-10 16:16:18.990692",640000.00
"2023-01-10 19:26:58.463907",12500.00
"2023-01-10 19:49:56.031561",22000.00
"2023-01-10 22:10:26.598307",960000.00
"2023-01-10 22:24:13.900746",5000.00
"2023-01-11 00:57:35.742484",5500.00
"2023-01-11 01:05:00.210382",12000.00
"2023-01-11 02:48:41.064973",900000.00
"2023-01-11 02:49:00.968855",54000.00
"2023-01-11 05:43:14.14779",135000.00
"2023-01-11 06:18:39.227147",72000.00
"2023-01-11 07:12:58.002729",340000.00
"2023-01-11 08:42:21.865124",135000.00
"2023-01-11 11:15:31.766121",90000.00
"2023-01-11 13:16:30.917551",18000.00
"2023-01-11 15:51:07.666359",16500.00
"2023-01-11 16:16:46.847913",85000.00
"2023-01-11 16:27:58.299917",5000.00
"2023-01-11 16:35:05.20441",170000.00
"2023-01-11 18:27:31.073464",2500.00
"2023-01-11 18:38:05.522953",22000.00
"2023-01-11 19:04:28.194869",960000.00
"2023-01-11 23:47:19.507552",10000.00
"2023-01-11 23:57:41.831945",18000.00
"2023-01-12 00:04:27.788412",1600000.00
"2023-01-12 00:36:55.433421",85000.00
"2023-01-12 00:51:53.666411",1280000.00
"2023-01-12 01:40:31.677883",22000.00
"2023-01-12 02:26:36.828165",2250000.00
"2023-01-12 04:44:55.097534",10000.00
"2023-01-12 05:04:08.993793",180000.00
"2023-01-12 06:00:46.244453",11000.00
"2023-01-12 06:47:21.971338",15000.00
"2023-01-12 10:06:17.757218",2250000.00
"2023-01-12 10:43:10.727209",7500.00
"2023-01-12 11:54:56.965909",2250000.00
"2023-01-12 12:25:47.554834",12000.00
"2023-01-12 12:43:47.06014",12000.00
"2023-01-12 14:40:03.53681",11000.00
"2023-01-12 15:44:10.794541",72000.00
"2023-01-12 17:25:42.364416",18000.00
"2023-01-12 18:38:01.732882",25000.00
"2023-01-12 19:14:26.042159",255000.00
"2023-01-12 19:30:45.760719",7500.00
"2023-01-12 20:28:37.316904",1280000.00
"2023-01-13 02:03:31.910647",225000.00
"2023-01-13 04:56:58.570698",22000.00
"2023-01-13 06:36:37.021176",72000.00
"2023-01-13 07:36:40.188907",72000.00
"2023-01-13 07:59:23.197833",6000.00
"2023-01-13 08:12:23.751579",225000.00
"2023-01-13 09:48:18.722974",11000.00
"2023-01-13 10:19:27.98922",90000.00
"2023-01-13 11:24:29.735559",960000.00
"2023-01-13 11:38:03.479642",12500.00
"2023-01-13 12:54:47.894086",425000.00
"2023-01-13 13:26:24.406799",10000.00
"2023-01-13 15:17:25.226084",1280000.00
"2023-01-13 16:03:03.276904",18000.00
"2023-01-13 16:12:15.784273",2500.00
"2023-01-13 16:49:18.076523",2250000.00
"2023-01-13 16:54:29.945738",18000.00
"2023-01-13 17:49:10.12023",10000.00
"2023-01-13 18:25:26.899573",30000.00
"2023-01-13 19:06:56.569464",22000.00
"2023-01-13 19:15:06.226709",10000.00
"2023-01-13 19:53:29.854834",1800000.00
"2023-01-13 21:52:08.741376",11000.00
"2023-01-13 22:03:39.177913",340000.00
"2023-01-13 22:15:57.31565",450000.00
"2023-01-13 22:27:10.34512",54000.00
"2023-01-14 02:10:41.714149",90000.00
"2023-01-14 02:18:50.705805",640000.00
"2023-01-14 03:33:02.592631",18000.00
"2023-01-14 05:00:09.096301",135000.00
"2023-01-14 06:20:13.467709",85000.00
"2023-01-14 07:03:24.139329",2250000.00
"2023-01-14 07:41:36.76648",640000.00
"2023-01-14 09:06:30.937437",90000.00
"2023-01-14 09:09:52.332241",18000.00
"2023-01-14 10:49:33.268897",45000.00
"2023-01-14 10:50:48.931516",7500.00
"2023-01-14 10:55:52.711887",10000.00
"2023-01-14 11:09:37.060452",18000.00
"2023-01-14 11:22:25.007761",1600000.00
"2023-01-14 11:48:13.962083",340000.00
"2023-01-14 12:15:32.128752",6000.00
"2023-01-14 12:58:06.714116",11000.00
"2023-01-14 14:36:06.207644",960000.00
"2023-01-14 14:45:37.581004",5000.00
"2023-01-14 15:05:32.853973",1600000.00
"2023-01-14 15:34:18.790326",7500.00
"2023-01-14 17:48:11.934072",20000.00
"2023-01-14 17:56:32.927276",90000.00
"2023-01-14 18:59:45.992423",22000.00
"2023-01-14 19:45:19.78698",170000.00
"2023-01-14 20:47:44.638311",225000.00
"2023-01-14 21:01:22.296762",225000.00
"2023-01-14 21:11:23.989546",1600000.00
"2023-01-14 21:12:37.410153",425000.00
"2023-01-15 01:31:01.975777",320000.00
"2023-01-15 01:59:25.348081",12000.00
"2023-01-15 02:24:10.268521",85000.00
"2023-01-15 02:40:06.261084",90000.00
"2023-01-15 03:02:23.906225",180000.00
"2023-01-15 03:21:50.011451",1800000.00
"2023-01-15 05:53:33.688576",5000.00
"2023-01-15 07:23:36.262702",5000.00
"2023-01-15 08:50:24.270839",450000.00
"2023-01-15 10:08:10.460683",20000.00
"2023-01-15 10:20:58.444029",24000.00
"2023-01-15 11:02:39.56766",1350000.00
"2023-01-15 15:27:50.478384",18000.00
"2023-01-15 17:02:41.069662",1280000.00
"2023-01-15 19:24:54.09864",72000.00
"2023-01-15 20:12:40.184169",18000.00
"2023-01-15 22:15:16.40663",27500.00
"2023-01-15 22:41:24.105054",16500.00
"2023-01-15 22:53:41.495011",5500.00
"2023-01-15 23:22:47.340027",450000.00
"2023-01-15 23:25:01.033789",640000.00
"2023-01-16 00:45:58.886438",22000.00
"2023-01-16 00:57:34.380477",36000.00
"2023-01-16 01:10:24.704019",255000.00
"2023-01-16 01:26:49.851677",72000.00
"2023-01-16 06:38:27.208308",5000.00
"2023-01-16 08:05:26.401313",1800000.00
"2023-01-16 10:39:35.672976",960000.00
"2023-01-16 11:12:48.546032",12000.00
"2023-01-16 14:39:27.742057",90000.00
"2023-01-16 16:06:20.032553",450000.00
"2023-01-16 16:21:03.357001",36000.00
"2023-01-16 17:57:08.610976",22000.00
"2023-01-16 18:17:11.184778",10000.00
"2023-01-16 18:19:40.197863",90000.00
"2023-01-16 18:38:27.161761",30000.00
"2023-01-16 19:21:59.789882",6000.00
"2023-01-16 22:22:35.468737",24000.00
"2023-01-16 22:54:43.470915",22000.00
"2023-01-16 23:33:27.751374",320000.00
"2023-01-17 00:26:59.741992",135000.00
"2023-01-17 01:12:46.254579",22000.00
"2023-01-17 02:03:37.062868",225000.00
"2023-01-17 02:25:02.83662",1350000.00
"2023-01-17 02:39:50.528724",225000.00
"2023-01-17 03:18:54.793496",12500.00
"2023-01-17 03:46:57.64818",2250000.00
"2023-01-17 03:55:36.363638",135000.00
"2023-01-17 04:44:52.657556",45000.00
"2023-01-17 05:01:17.190428",6000.00
"2023-01-17 05:32:32.335094",24000.00
"2023-01-17 07:06:06.28357",30000.00
"2023-01-17 07:08:44.993948",18000.00
"2023-01-17 08:02:28.106075",2500.00
"2023-01-17 09:41:28.667886",20000.00
"2023-01-17 10:19:06.480439",85000.00
"2023-01-17 10:21:26.925493",10000.00
"2023-01-17 11:09:47.062092",85000.00
"2023-01-17 12:00:22.597198",2500.00
"2023-01-17 13:06:28.975414",7500.00
"2023-01-17 15:51:49.172878",18000.00
"2023-01-17 16:25:18.433466",180000.00
"2023-01-17 16:38:23.699318",12000.00
"2023-01-17 16:52:00.842919",180000.00
"2023-01-17 17:14:05.713155",135000.00
"2023-01-17 19:30:15.001853",10000.00
"2023-01-17 19:41:27.538668",22000.00
"2023-01-17 21:47:18.630009",135000.00
"2023-01-17 22:50:32.982381",15000.00
"2023-01-18 00:44:31.159674",2250000.00
"2023-01-18 01:05:22.883211",54000.00
"2023-01-18 02:47:48.219312",450000.00
"2023-01-18 04:25:25.540549",45000.00
"2023-01-18 05:40:24.602386",20000.00
"2023-01-18 07:29:50.899517",22000.00
"2023-01-18 07:45:19.875506",27500.00
"2023-01-18 09:09:34.695073",15000.00
"2023-01-18 09:54:20.430017",11000.00
"2023-01-18 10:51:22.937268",640000.00
"2023-01-18 11:05:28.055711",960000.00
"2023-01-18 11:16:12.274865",2500.00
"2023-01-18 12:12:10.604525",18000.00
"2023-01-18 12:29:40.487471",135000.00
"2023-01-18 12:48:39.84712",1350000.00
"2023-01-18 13:01:58.091435",1800000.00
"2023-01-18 14:15:04.531234",45000.00
"2023-01-18 14:41:06.74465",1350000.00
"2023-01-18 17:05:47.615795",10000.00
"2023-01-18 17:13:57.306276",1800000.00
"2023-01-18 21:59:53.368162",255000.00
"2023-01-19 00:04:27.040773",25000.00
"2023-01-19 01:04:37.943522",180000.00
"2023-01-19 01:16:18.479204",12500.00
"2023-01-19 03:23:11.138096",16500.00
"2023-01-19 04:55:18.197903",6000.00
"2023-01-19 05:49:41.18664",640000.00
"2023-01-19 06:28:37.895773",16500.00
"2023-01-19 07:37:52.961848",11000.00
"2023-01-19 08:31:02.876294",20000.00
"2023-01-19 09:47:51.116126",11000.00
"2023-01-19 10:18:38.03627",1800000.00
"2023-01-19 10:58:18.697685",135000.00
"2023-01-19 12:28:04.158273",320000.00
"2023-01-19 13:43:55.356393",12000.00
"2023-01-19 14:10:43.682582",10000.00
"2023-01-19 15:44:29.766199",72000.00
"2023-01-19 16:40:29.122221",22000.00
"2023-01-19 18:17:19.570671",2500.00
"2023-01-19 18:37:06.207497",170000.00
"2023-01-19 19:22:13.321413",960000.00
"2023-01-19 23:40:30.943525",10000.00
"2023-01-20 01:51:21.14436",180000.00
"2023-01-20 04:59:29.056733",640000.00
"2023-01-20 05:37:17.128457",85000.00
"2023-01-20 06:07:46.480016",18000.00
"2023-01-20 06:53:00.704304",425000.00
"2023-01-20 09:18:46.022191",16500.00
"2023-01-20 11:04:23.78454",450000.00
"2023-01-20 12:56:59.93821",18000.00
"2023-01-20 13:28:00.659961",7500.00
"2023-01-20 14:12:46.475702",72000.00
"2023-01-20 15:21:57.273576",1350000.00
"2023-01-20 16:34:47.336135",10000.00
"2023-01-20 19:03:31.467703",900000.00
"2023-01-20 19:10:39.668466",450000.00
"2023-01-20 23:06:39.3597",135000.00
"2023-01-20 23:20:55.885893",16500.00
"2023-01-21 03:10:51.700771",36000.00
"2023-01-21 03:54:47.73325",1600000.00
"2023-01-21 03:55:01.715941",5000.00
"2023-01-21 04:26:51.240791",72000.00
"2023-01-21 05:01:58.127026",1280000.00
"2023-01-21 05:37:56.750231",15000.00
"2023-01-21 06:38:11.94701",22000.00
"2023-01-21 06:53:04.961365",27500.00
"2023-01-21 07:27:35.854719",20000.00
"2023-01-21 08:14:17.65747",7500.00
"2023-01-21 08:29:28.925253",10000.00
"2023-01-21 08:34:03.669421",10000.00
"2023-01-21 09:35:53.84045",18000.00
"2023-01-21 10:20:14.968646",12000.00
"2023-01-21 12:19:49.534144",18000.00
"2023-01-21 14:11:38.780464",960000.00
"2023-01-21 14:38:37.274187",15000.00
"2023-01-21 15:30:50.785135",85000.00
"2023-01-21 17:03:34.368682",5000.00
"2023-01-21 17:09:00.842603",85000.00
"2023-01-21 17:43:56.186234",54000.00
"2023-01-21 17:59:18.281653",225000.00
"2023-01-21 22:50:23.754623",2500.00
"2023-01-21 23:02:10.767252",135000.00
"2023-01-21 23:28:08.968357",1350000.00
"2023-01-21 23:47:16.764301",54000.00
"2023-01-21 23:47:30.91195",11000.00
"2023-01-22 00:14:58.20563",1800000.00
"2023-01-22 00:15:36.194353",320000.00
"2023-01-22 00:21:44.735478",54000.00
"2023-01-22 00:22:05.36802",12000.00
"2023-01-22 00:34:49.488683",960000.00
"2023-01-22 01:01:39.963803",16500.00
"2023-01-22 02:24:33.866242",54000.00
"2023-01-22 02:27:29.816258",6000.00
"2023-01-22 03:34:58.31711",36000.00
"2023-01-22 05:03:23.282351",7500.00
"2023-01-22 06:13:12.946656",340000.00
"2023-01-22 06:27:17.421662",180000.00
"2023-01-22 08:12:59.265109",30000.00
"2023-01-22 08:39:21.643073",225000.00
"2023-01-22 12:47:19.583542",27500.00
"2023-01-22 14:31:03.415468",2500.00
"2023-01-22 15:54:00.687682",15000.00
"2023-01-22 15:59:08.637101",15000.00
"2023-01-22 16:00:31.653557",12500.00
"2023-01-22 16:24:02.618332",22000.00
"2023-01-22 16:41:14.05245",5500.00
"2023-01-22 16:57:47.941426",22000.00
"2023-01-22 17:23:22.316156",1800000.00
"2023-01-22 17:45:21.061021",180000.00
"2023-01-22 17:49:49.040151",85000.00
"2023-01-22 19:04:26.566419",27500.00
"2023-01-22 20:02:47.686156",5000.00
"2023-01-22 21:28:37.797941",425000.00
"2023-01-22 21:41:02.545733",640000.00
"2023-01-22 21:48:05.926545",180000.00
"2023-01-23 01:53:54.787303",16500.00
"2023-01-23 02:30:53.716444",10000.00
"2023-01-23 03:29:35.359426",225000.00
"2023-01-23 03:43:01.110068",425000.00
"2023-01-23 04:04:28.949283",22000.00
"2023-01-23 04:35:33.350012",5000.00
"2023-01-23 05:11:54.509862",135000.00
"2023-01-23 06:05:59.147877",225000.00
"2023-01-23 07:27:20.124597",22000.00
"2023-01-23 07:37:03.160735",1800000.00
"2023-01-23 08:41:35.718607",255000.00
"2023-01-23 08:43:58.887236",425000.00
"2023-01-23 11:36:50.800283",6000.00
"2023-01-23 12:05:57.746881",85000.00
"2023-01-23 12:52:55.758548",340000.00
"2023-01-23 12:58:39.644575",180000.00
"2023-01-23 13:08:59.689504",20000.00
"2023-01-23 15:11:04.1741",18000.00
"2023-01-23 15:44:06.037083",450000.00
"2023-01-23 17:32:30.633477",10000.00
"2023-01-23 18:32:27.626495",15000.00
"2023-01-23 18:51:56.476348",72000.00
"2023-01-23 20:01:38.833776",24000.00
"2023-01-23 22:01:56.944107",25000.00
"2023-01-23 22:43:02.795415",36000.00
"2023-01-24 00:33:30.334655",640000.00
"2023-01-24 01:01:25.518499",10000.00
"2023-01-24 01:29:14.763842",5000.00
"2023-01-24 02:16:31.531431",16500.00
"2023-01-24 03:07:21.054506",5000.00
"2023-01-24 03:49:31.904306",27500.00
"2023-01-24 03:57:29.42322",255000.00
"2023-01-24 04:18:14.918337",640000.00
"2023-01-24 05:46:29.733374",7500.00
"2023-01-24 05:57:08.687948",425000.00
"2023-01-24 06:32:08.030754",10000.00
"2023-01-24 07:17:49.995537",5000.00
"2023-01-24 11:56:34.71915",7500.00
"2023-01-24 12:23:42.140509",85000.00
"2023-01-24 12:49:41.030318",18000.00
"2023-01-24 13:05:38.587287",1350000.00
"2023-01-24 13:52:16.501093",900000.00
"2023-01-24 14:04:22.837908",72000.00
"2023-01-24 14:11:53.753003",15000.00
"2023-01-24 16:04:28.370175",1350000.00
"2023-01-24 18:10:53.311423",960000.00
"2023-01-24 18:25:16.90984",6000.00
"2023-01-24 19:03:04.927501",72000.00
"2023-01-24 19:24:35.813113",54000.00
"2023-01-25 02:27:47.634116",90000.00
"2023-01-25 02:32:27.862458",10000.00
"2023-01-25 02:51:18.115342",20000.00
"2023-01-25 03:06:04.609513",340000.00
"2023-01-25 03:23:55.859404",6000.00
"2023-01-25 03:56:46.054062",5000.00
"2023-01-25 04:51:29.76334",1350000.00
"2023-01-25 04:51:30.686",2250000.00
"2023-01-25 05:00:23.840416",22000.00
"2023-01-25 05:13:21.294693",25000.00
"2023-01-25 05:55:20.051827",12500.00
"2023-01-25 07:24:29.654408",2250000.00
"2023-01-25 07:47:57.288537",12000.00
"2023-01-25 10:02:40.006938",15000.00
"2023-01-25 10:34:46.596787",320000.00
"2023-01-25 11:13:15.427151",90000.00
"2023-01-25 11:36:44.996777",2250000.00
"2023-01-25 13:52:43.466915",36000.00
"2023-01-25 14:12:20.359198",1350000.00
"2023-01-25 15:50:49.352981",25000.00
"2023-01-25 15:53:02.43732",180000.00
"2023-01-25 17:11:50.552852",900000.00
"2023-01-25 17:31:25.457002",640000.00
"2023-01-25 17:53:11.765567",10000.00
"2023-01-25 17:58:47.302162",900000.00
"2023-01-25 20:12:20.303176",340000.00
"2023-01-25 20:56:40.634712",22000.00
"2023-01-26 01:34:56.445111",225000.00
"2023-01-26 02:20:47.176706",1600000.00
"2023-01-26 05:34:04.601759",30000.00
"2023-01-26 05:41:25.723275",36000.00
"2023-01-26 05:47:22.538628",45000.00
"2023-01-26 05:59:29.325203",1600000.00
"2023-01-26 06:52:53.411967",24000.00
"2023-01-26 08:02:56.020768",1800000.00
"2023-01-26 08:04:27.480593",320000.00
"2023-01-26 08:28:15.279318",15000.00
"2023-01-26 08:34:04.317725",255000.00
"2023-01-26 11:31:03.924039",135000.00
"2023-01-26 11:44:31.62533",27500.00
"2023-01-26 12:06:09.756655",320000.00
"2023-01-26 13:21:43.608644",45000.00
"2023-01-26 14:17:00.707424",1600000.00
"2023-01-26 16:05:54.901417",12500.00
"2023-01-26 16:44:38.724732",7500.00
"2023-01-26 17:06:35.224155",900000.00
"2023-01-26 17:24:39.885933",20000.00
"2023-01-26 18:24:59.504126",170000.00
"2023-01-26 19:24:24.928732",27500.00
"2023-01-26 19:41:38.153595",1350000.00
"2023-01-26 19:49:39.943219",135000.00
"2023-01-26 20:24:23.24573",18000.00
"2023-01-26 21:10:00.126882",255000.00
"2023-01-26 21:19:11.552426",170000.00
"2023-01-26 23:13:12.102579",1280000.00
"2023-01-27 01:20:53.837576",640000.00
"2023-01-27 01:55:12.744156",340000.00
"2023-01-27 04:01:29.527999",320000.00
"2023-01-27 04:14:01.472669",170000.00
"2023-01-27 04:28:25.85912",5500.00
"2023-01-27 05:07:53.176346",960000.00
"2023-01-27 06:17:20.649688",320000.00
"2023-01-27 06:21:35.988889",450000.00
"2023-01-27 06:55:28.816513",1800000.00
"2023-01-27 07:10:50.587422",340000.00
"2023-01-27 08:09:15.614134",30000.00
"2023-01-27 09:14:45.719537",20000.00
"2023-01-27 09:22:18.105876",450000.00
"2023-01-27 09:52:01.880863",5500.00
"2023-01-27 10:33:09.043231",5500.00
"2023-01-27 10:53:55.643889",960000.00
"2023-01-27 13:28:00.146766",135000.00
"2023-01-27 14:36:18.152124",30000.00
"2023-01-27 15:08:17.452583",320000.00
"2023-01-27 18:33:57.821869",6000.00
"2023-01-27 18:39:50.200351",16500.00
"2023-01-27 19:25:54.133014",1600000.00
"2023-01-27 21:10:25.891855",900000.00
"2023-01-27 21:33:27.438002",170000.00
"2023-01-28 00:18:43.473132",340000.00
"2023-01-28 00:41:42.40412",18000.00
"2023-01-28 04:03:06.382965",180000.00
"2023-01-28 04:03:52.960553",425000.00
"2023-01-28 05:26:51.856391",320000.00
"2023-01-28 07:46:56.755269",7500.00
"2023-01-28 08:14:18.13781",5000.00
"2023-01-28 09:29:48.739802",1600000.00
"2023-01-28 09:40:53.297207",22000.00
"2023-01-28 10:16:02.094565",45000.00
"2023-01-28 10:45:59.041148",24000.00
"2023-01-28 11:36:31.081533",12000.00
"2023-01-28 12:17:25.151718",1350000.00
"2023-01-28 13:18:44.615564",1280000.00
"2023-01-28 16:53:50.18421",72000.00
"2023-01-28 17:16:16.276983",225000.00
"2023-01-28 19:16:59.693971",1800000.00
"2023-01-28 19:28:05.42628",45000.00
"2023-01-28 20:10:11.187778",18000.00
"2023-01-28 20:16:05.157268",54000.00
"2023-01-28 20:25:45.380673",320000.00
"2023-01-28 21:21:09.110091",18000.00
"2023-01-29 00:06:58.809221",12500.00
"2023-01-29 00:09:15.349033",22000.00
"2023-01-29 00:28:46.017867",18000.00
"2023-01-29 02:41:09.043107",135000.00
"2023-01-29 06:41:12.106051",90000.00
"2023-01-29 11:27:56.724628",85000.00
"2023-01-29 13:56:59.960466",90000.00
"2023-01-29 14:05:16.923737",6000.00
"2023-01-29 14:47:22.55141",225000.00
"2023-01-29 15:22:34.67602",5500.00
"2023-01-29 15:53:02.790118",450000.00
"2023-01-29 15:55:46.476814",27500.00
"2023-01-29 16:22:04.347992",960000.00
"2023-01-29 16:25:29.524034",12000.00
"2023-01-29 17:26:47.370156",2250000.00
"2023-01-29 17:29:26.835354",225000.00
"2023-01-29 17:33:49.171078",900000.00
"2023-01-29 17:49:07.261413",54000.00
"2023-01-29 18:33:27.316775",18000.00
"2023-01-29 19:45:02.417853",1280000.00
"2023-01-29 19:48:22.561238",90000.00
"2023-01-29 20:46:52.928769",225000.00
"2023-01-29 23:02:00.464613",90000.00
"2023-01-30 00:24:18.093711",30000.00
"2023-01-30 00:42:25.88989",90000.00
"2023-01-30 00:56:17.646835",18000.00
"2023-01-30 04:26:16.914474",450000.00
"2023-01-30 05:14:19.605299",170000.00
"2023-01-30 06:27:00.203707",18000.00
"2023-01-30 06:39:54.598621",6000.00
"2023-01-30 06:57:51.524274",255000.00
"2023-01-30 09:04:33.565156",22000.00
"2023-01-30 09:22:38.453649",24000.00
"2023-01-30 09:27:45.419193",320000.00
"2023-01-30 09:34:31.942007",960000.00
"2023-01-30 10:05:28.054443",90000.00
"2023-01-30 10:53:53.572616",450000.00
"2023-01-30 11:31:58.650254",6000.00
"2023-01-30 12:01:24.817721",640000.00
"2023-01-30 13:21:27.023733",255000.00
"2023-01-30 14:14:16.624112",85000.00
"2023-01-30 14:54:45.165807",18000.00
"2023-01-30 15:26:12.968176",12000.00
"2023-01-30 18:47:01.863562",425000.00
"2023-01-30 20:02:37.597243",2500.00
"2023-01-30 20:19:55.424062",22000.00
"2023-01-31 01:43:01.883353",22000.00
"2023-01-31 02:03:40.893616",22000.00
"2023-01-31 03:40:31.488124",90000.00
"2023-01-31 03:56:09.366703",5000.00
"2023-01-31 05:18:37.621979",255000.00
"2023-01-31 06:01:29.682493",255000.00
"2023-01-31 07:56:24.985256",640000.00
"2023-01-31 08:40:43.071171",36000.00
"2023-01-31 09:24:14.204068",85000.00
"2023-01-31 10:34:03.275538",11000.00
"2023-01-31 13:47:07.10912",340000.00
"2023-01-31 14:47:03.06331",320000.00
"2023-01-31 18:05:55.167253",12000.00
"2023-01-31 18:57:54.973704",340000.00
"2023-01-31 20:41:28.734915",450000.00
"2023-01-31 21:06:16.49921",54000.00
"2023-01-31 23:45:40.330429",6000.00
"2023-02-01 01:49:23.806938",1280000.00
"2023-02-01 04:38:06.33375",12500.00
"2023-02-01 04:52:54.479555",11000.00
"2023-02-01 04:58:07.778682",24000.00
"2023-02-01 06:22:05.603111",1280000.00
"2023-02-01 06:43:26.926769",425000.00
"2023-02-01 07:55:24.878066",1280000.00
"2023-02-01 12:07:35.910987",1600000.00
"2023-02-01 13:24:41.568478",5000.00
"2023-02-01 13:49:24.377615",90000.00
"2023-02-01 15:47:26.949885",5000.00
"2023-02-01 16:53:18.119256",1800000.00
"2023-02-01 18:29:42.934759",54000.00
"2023-02-01 20:02:45.854783",6000.00
"2023-02-01 22:44:19.818909",2250000.00
"2023-02-02 00:30:31.615535",27500.00
"2023-02-02 04:03:28.169048",25000.00
"2023-02-02 04:21:31.53754",90000.00
"2023-02-02 04:22:52.322934",36000.00
"2023-02-02 04:47:13.329737",18000.00
"2023-02-02 06:29:46.161541",7500.00
"2023-02-02 07:15:19.326831",900000.00
"2023-02-02 08:02:57.181153",340000.00
"2023-02-02 08:55:48.081442",10000.00
"2023-02-02 12:38:43.609169",1600000.00
"2023-02-02 13:21:36.710103",90000.00
"2023-02-02 13:42:24.778122",11000.00
"2023-02-02 14:43:23.071213",340000.00
"2023-02-02 14:57:17.320829",1800000.00
"2023-02-02 15:16:11.534883",6000.00
"2023-02-02 15:49:06.452762",22000.00
"2023-02-02 16:56:38.936175",5000.00
"2023-02-02 17:14:29.199635",12500.00
"2023-02-02 17:40:21.665029",135000.00
"2023-02-02 18:36:33.906672",30000.00
"2023-02-02 19:15:21.633762",24000.00
"2023-02-02 19:26:23.951328",7500.00
"2023-02-02 21:22:38.252846",85000.00
"2023-02-02 21:46:35.69135",960000.00
"2023-02-02 21:47:30.542118",24000.00
"2023-02-03 02:01:11.014584",54000.00
"2023-02-03 02:27:23.535217",425000.00
"2023-02-03 05:21:39.04853",320000.00
"2023-02-03 07:22:08.137673",25000.00
"2023-02-03 08:45:22.013262",6000.00
"2023-02-03 09:05:59.723037",960000.00
"2023-02-03 11:05:24.436694",20000.00
"2023-02-03 13:32:16.526865",6000.00
"2023-02-03 15:07:11.232791",5000.00
"2023-02-03 15:24:57.527876",30000.00
"2023-02-03 15:27:03.501669",960000.00
"2023-02-03 15:30:35.758707",340000.00
"2023-02-03 18:45:15.473841",320000.00
"2023-02-03 18:55:50.841807",36000.00
"2023-02-03 19:32:42.998893",12500.00
"2023-02-03 19:49:02.976042",90000.00
"2023-02-03 21:11:12.023716",72000.00
"2023-02-03 21:16:10.211271",170000.00
"2023-02-03 21:39:02.400729",30000.00
"2023-02-03 22:27:32.659702",255000.00
"2023-02-03 23:17:15.65863",340000.00
"2023-02-04 01:01:39.579077",24000.00
"2023-02-04 05:44:59.142877",24000.00
"2023-02-04 06:08:23.846247",12000.00
"2023-02-04 06:40:02.739153",54000.00
"2023-02-04 07:10:04.018954",11000.00
"2023-02-04 07:12:20.572468",11000.00
"2023-02-04 08:53:15.165028",900000.00
"2023-02-04 09:47:48.623289",27500.00
"2023-02-04 10:04:49.819533",1280000.00
"2023-02-04 10:05:36.852266",1280000.00
"2023-02-04 11:02:26.677549",340000.00
"2023-02-04 11:45:20.172669",24000.00
"2023-02-04 12:31:44.842056",900000.00
"2023-02-04 12:33:09.600394",255000.00
"2023-02-04 13:32:51.271537",10000.00
"2023-02-04 13:47:40.680424",54000.00
"2023-02-04 14:44:54.481223",90000.00
"2023-02-04 15:18:26.937425",7500.00
"2023-02-04 15:48:12.099699",12000.00
"2023-02-04 17:21:28.123187",7500.00
"2023-02-04 17:49:44.999859",135000.00
"2023-02-04 21:16:53.153612",900000.00
"2023-02-04 21:32:18.412651",450000.00
"2023-02-04 21:47:38.084646",27500.00
"2023-02-04 22:40:01.100763",225000.00
"2023-02-04 22:45:55.046416",960000.00
"2023-02-04 23:57:12.288053",90000.00
"2023-02-05 00:52:30.054906",5000.00
"2023-02-05 01:53:52.463626",90000.00
"2023-02-05 06:15:41.522822",340000.00
"2023-02-05 06:51:31.45609",450000.00
"2023-02-05 08:46:13.419867",1350000.00
"2023-02-05 09:58:24.91716",7500.00
"2023-02-05 10:14:24.98834",30000.00
"2023-02-05 11:13:34.274046",5000.00
"2023-02-05 11:13:56.605478",90000.00
"2023-02-05 11:27:54.228962",72000.00
"2023-02-05 11:36:01.205598",1280000.00
"2023-02-05 11:59:39.834268",1800000.00
"2023-02-05 12:33:23.244002",1800000.00
"2023-02-05 13:11:41.344235",18000.00
"2023-02-05 16:24:40.561354",2250000.00
"2023-02-05 17:00:35.79476",135000.00
"2023-02-05 17:52:55.857074",45000.00
"2023-02-05 18:15:31.61045",22000.00
"2023-02-05 18:36:26.142722",90000.00
"2023-02-05 18:41:37.076807",45000.00
"2023-02-05 19:06:56.005491",12500.00
"2023-02-05 19:07:47.585638",30000.00
"2023-02-05 19:10:36.932286",180000.00
"2023-02-05 20:56:54.903259",30000.00
"2023-02-05 21:10:23.148031",2500.00
"2023-02-05 21:46:13.837045",15000.00
"2023-02-05 22:56:48.80747",255000.00
"2023-02-06 00:29:53.303993",10000.00
"2023-02-06 01:02:03.568518",255000.00
"2023-02-06 01:07:30.087754",225000.00
"2023-02-06 01:42:32.31369",10000.00
"2023-02-06 02:25:31.962114",15000.00
"2023-02-06 02:51:04.326479",20000.00
"2023-02-06 05:24:15.461084",90000.00
"2023-02-06 06:38:04.894298",5000.00
"2023-02-06 06:51:26.236374",1280000.00
"2023-02-06 08:46:38.126711",36000.00
"2023-02-06 09:24:37.828871",22000.00
"2023-02-06 09:38:57.146229",2500.00
"2023-02-06 10:10:18.535533",5500.00
"2023-02-06 11:26:50.279227",320000.00
"2023-02-06 15:18:52.317",15000.00
"2023-02-06 18:16:42.830819",170000.00
"2023-02-06 18:16:49.972455",425000.00
"2023-02-06 19:39:17.650062",2250000.00
"2023-02-06 19:54:10.902348",45000.00
"2023-02-06 20:18:19.427776",135000.00
"2023-02-06 21:35:33.403762",6000.00
"2023-02-06 23:49:11.208094",320000.00
"2023-02-06 23:50:55.161483",54000.00
"2023-02-06 23:54:31.116446",960000.00
"2023-02-07 00:33:55.950316",16500.00
"2023-02-07 02:24:19.89212",135000.00
"2023-02-07 02:26:53.072869",36000.00
"2023-02-07 04:37:48.30815",2250000.00
"2023-02-07 05:29:16.650452",1350000.00
"2023-02-07 06:21:50.729369",10000.00
"2023-02-07 08:27:48.944415",320000.00
"2023-02-07 10:49:27.765363",900000.00
"2023-02-07 11:42:55.599767",30000.00
"2023-02-07 12:41:51.786968",1280000.00
"2023-02-07 15:33:05.075057",5000.00
"2023-02-07 20:54:01.425717",5000.00
"2023-02-07 21:24:41.714154",11000.00
"2023-02-07 23:00:02.491338",6000.00
"2023-02-08 00:17:12.925065",27500.00
"2023-02-08 00:27:08.909461",320000.00
"2023-02-08 01:25:36.758924",27500.00
"2023-02-08 01:40:19.057845",640000.00
"2023-02-08 04:21:38.318241",1350000.00
"2023-02-08 05:17:33.55834",16500.00
"2023-02-08 05:30:26.471276",900000.00
"2023-02-08 06:41:13.735241",640000.00
"2023-02-08 07:21:40.462501",320000.00
"2023-02-08 07:30:39.545507",20000.00
"2023-02-08 07:48:28.519713",10000.00
"2023-02-08 08:30:08.770194",1280000.00
"2023-02-08 08:54:50.104804",45000.00
"2023-02-08 09:22:25.614506",5000.00
"2023-02-08 09:42:46.973583",425000.00
"2023-02-08 09:56:29.083785",54000.00
"2023-02-08 10:50:28.996518",30000.00
"2023-02-08 10:58:50.516909",11000.00
"2023-02-08 11:57:24.361418",255000.00
"2023-02-08 13:44:28.970397",1280000.00
"2023-02-08 16:02:03.236906",1800000.00
"2023-02-08 16:16:21.625678",1600000.00
"2023-02-08 18:26:34.085219",5500.00
"2023-02-08 21:36:27.605468",72000.00
"2023-02-08 23:45:52.83928",640000.00
"2023-02-09 02:51:52.645208",1800000.00
"2023-02-09 03:38:09.966591",1600000.00
"2023-02-09 05:19:14.223087",900000.00
"2023-02-09 05:26:09.332385",24000.00
"2023-02-09 06:57:54.545599",1350000.00
"2023-02-09 07:16:01.463371",25000.00
"2023-02-09 08:24:26.87551",90000.00
"2023-02-09 11:06:01.973085",27500.00
"2023-02-09 12:50:32.22259",36000.00
"2023-02-09 16:23:09.688921",45000.00
"2023-02-09 17:03:53.100358",5000.00
"2023-02-09 17:58:22.78747",425000.00
"2023-02-09 19:20:23.983082",1350000.00
"2023-02-09 19:20:38.517813",16500.00
"2023-02-09 19:32:06.096055",5500.00
"2023-02-09 20:11:43.876553",72000.00
"2023-02-09 20:58:25.940216",225000.00
"2023-02-09 22:17:46.061026",2250000.00
"2023-02-09 22:37:36.065509",1800000.00
"2023-02-09 22:39:20.125725",20000.00
"2023-02-10 02:44:01.476939",18000.00
"2023-02-10 03:23:42.004394",2250000.00
"2023-02-10 04:38:34.218464",320000.00
"2023-02-10 07:59:03.324135",320000.00
"2023-02-10 09:51:54.091568",11000.00
"2023-02-10 09:59:43.514347",225000.00
"2023-02-10 10:51:42.026143",45000.00
"2023-02-10 11:22:45.765332",18000.00
"2023-02-10 11:32:13.569129",72000.00
"2023-02-10 12:06:42.514368",5000.00
"2023-02-10 12:26:02.222033",10000.00
"2023-02-10 14:33:00.244842",1800000.00
"2023-02-10 15:19:32.165441",36000.00
"2023-02-10 15:25:24.594877",85000.00
"2023-02-10 18:25:37.978106",45000.00
"2023-02-10 20:03:55.275174",340000.00
"2023-02-10 22:30:18.692193",960000.00
"2023-02-10 22:36:23.040862",340000.00
"2023-02-11 00:29:11.942938",170000.00
"2023-02-11 01:32:02.581501",25000.00
"2023-02-11 01:57:48.58537",24000.00
"2023-02-11 04:32:51.092225",255000.00
"2023-02-11 07:13:28.508563",90000.00
"2023-02-11 07:38:51.662605",22000.00
"2023-02-11 08:29:51.706457",1600000.00
"2023-02-11 11:50:34.797513",12500.00
"2023-02-11 12:40:27.522773",225000.00
"2023-02-11 15:07:30.394193",320000.00
"2023-02-11 17:13:27.63331",10000.00
"2023-02-11 18:26:17.769381",12000.00
"2023-02-11 18:39:50.225426",18000.00
"2023-02-11 19:07:30.36032",425000.00
"2023-02-11 20:51:58.854844",960000.00
"2023-02-11 21:52:20.956401",900000.00
"2023-02-12 00:19:17.57059",1280000.00
"2023-02-12 01:59:20.508414",180000.00
"2023-02-12 03:45:12.383221",255000.00
"2023-02-12 05:04:15.093573",320000.00
"2023-02-12 05:08:44.632351",425000.00
"2023-02-12 05:28:06.017574",20000.00
"2023-02-12 06:41:38.267258",1600000.00
"2023-02-12 07:28:49.280517",340000.00
"2023-02-12 10:47:06.769588",2250000.00
"2023-02-12 11:22:57.439461",85000.00
"2023-02-12 14:09:35.736937",255000.00
"2023-02-12 15:07:42.969508",5000.00
"2023-02-12 17:38:38.399708",425000.00
"2023-02-12 19:40:31.667535",72000.00
"2023-02-12 22:14:12.854238",72000.00
"2023-02-12 22:46:44.968921",16500.00
"2023-02-13 00:32:19.05603",2500.00
"2023-02-13 00:35:07.57732",85000.00
"2023-02-13 01:11:50.336443",18000.00
"2023-02-13 05:27:01.34274",12500.00
"2023-02-13 05:27:15.551225",10000.00
"2023-02-13 05:41:04.835009",1280000.00
"2023-02-13 05:44:52.292984",1280000.00
"2023-02-13 06:28:37.82724",255000.00
"2023-02-13 08:57:10.413833",12500.00
"2023-02-13 09:17:06.006768",2500.00
"2023-02-13 09:53:22.931307",255000.00
"2023-02-13 11:01:15.803635",24000.00
"2023-02-13 15:03:27.483987",90000.00
"2023-02-13 16:51:09.489304",22000.00
"2023-02-13 18:43:20.127828",27500.00
"2023-02-13 19:53:43.198792",7500.00
"2023-02-13 21:12:37.16858",25000.00
"2023-02-13 22:16:22.088195",12500.00
"2023-02-14 00:00:05.531489",20000.00
"2023-02-14 00:04:29.512309",1800000.00
"2023-02-14 00:45:04.832294",425000.00
"2023-02-14 02:40:41.035526",10000.00
"2023-02-14 03:23:35.664995",180000.00
"2023-02-14 03:55:22.080612",10000.00
"2023-02-14 05:59:06.34816",1800000.00
"2023-02-14 07:19:07.281681",6000.00
"2023-02-14 07:46:30.45751",22000.00
"2023-02-14 09:44:56.171499",180000.00
"2023-02-14 10:06:01.943422",135000.00
"2023-02-14 10:31:06.595613",450000.00
"2023-02-14 10:37:54.63782",72000.00
"2023-02-14 10:51:56.677479",22000.00
"2023-02-14 11:43:13.976945",450000.00
"2023-02-14 11:57:50.559114",12000.00
"2023-02-14 13:41:17.230732",30000.00
"2023-02-14 14:39:24.988766",450000.00
"2023-02-14 15:09:01.29004",18000.00
"2023-02-14 19:22:07.323371",5500.00
"2023-02-14 20:15:38.531664",25000.00
"2023-02-14 20:49:06.125893",1800000.00
"2023-02-14 22:03:19.444694",24000.00
"2023-02-15 00:10:51.591671",1800000.00
"2023-02-15 00:50:08.509673",27500.00
"2023-02-15 03:30:54.66881",36000.00
"2023-02-15 04:05:44.286206",18000.00
"2023-02-15 04:36:21.053606",255000.00
"2023-02-15 05:45:47.604331",320000.00
"2023-02-15 06:30:35.708663",170000.00
"2023-02-15 06:47:38.043928",2250000.00
"2023-02-15 07:14:26.496649",7500.00
"2023-02-15 08:09:49.42542",45000.00
"2023-02-15 08:30:38.421906",54000.00
"2023-02-15 09:16:57.83168",25000.00
"2023-02-15 13:18:16.116542",2500.00
"2023-02-15 13:54:12.918166",18000.00
"2023-02-15 14:25:44.192037",45000.00
"2023-02-15 14:47:46.247276",25000.00
"2023-02-15 16:49:06.790496",10000.00
"2023-02-15 18:10:33.307958",90000.00
"2023-02-15 18:34:51.657864",340000.00
"2023-02-15 20:15:54.371686",24000.00
"2023-02-15 20:24:21.133513",22000.00
"2023-02-15 21:01:11.107262",1280000.00
"2023-02-15 21:32:15.793893",10000.00
"2023-02-15 21:37:51.436843",72000.00
"2023-02-15 23:26:14.795113",900000.00
"2023-02-16 00:40:27.027062",25000.00
"2023-02-16 02:59:21.756618",12500.00
"2023-02-16 03:53:37.156802",90000.00
"2023-02-16 04:33:18.879004",16500.00
"2023-02-16 04:39:37.519722",5500.00
"2023-02-16 06:22:22.564932",45000.00
"2023-02-16 07:05:56.210784",2500.00
"2023-02-16 07:07:25.30948",45000.00
"2023-02-16 07:15:22.311974",960000.00
"2023-02-16 07:34:43.102747",18000.00
"2023-02-16 07:48:49.497198",16500.00
"2023-02-16 07:51:05.126564",25000.00
"2023-02-16 07:52:26.475814",24000.00
"2023-02-16 08:24:52.45455",16500.00
"2023-02-16 10:09:34.603357",10000.00
"2023-02-16 10:10:41.777029",15000.00
"2023-02-16 11:36:19.75075",5500.00
"2023-02-16 12:28:22.953909",340000.00
"2023-02-16 13:01:35.03625",1800000.00
"2023-02-16 17:11:14.209326",5500.00
"2023-02-16 17:26:54.562464",1800000.00
"2023-02-16 17:52:49.100769",340000.00
"2023-02-16 19:08:43.073938",27500.00
"2023-02-16 21:33:55.593987",450000.00
"2023-02-17 02:02:16.311944",2250000.00
"2023-02-17 03:16:24.551711",640000.00
"2023-02-17 03:42:30.715967",255000.00
"2023-02-17 04:50:17.462366",22000.00
"2023-02-17 04:57:18.400182",255000.00
"2023-02-17 05:40:27.37196",1350000.00
"2023-02-17 07:04:04.551776",1280000.00
"2023-02-17 10:01:44.483487",5000.00
"2023-02-17 10:42:57.238761",90000.00
"2023-02-17 11:36:09.203345",11000.00
"2023-02-17 14:26:06.293001",5000.00
"2023-02-17 15:15:27.828925",5000.00
"2023-02-17 15:57:58.296415",2500.00
"2023-02-17 16:25:52.495323",10000.00
"2023-02-17 17:02:53.117008",18000.00
"2023-02-17 17:28:18.443572",1280000.00
"2023-02-17 18:33:55.693245",90000.00
"2023-02-17 19:46:27.732446",5000.00
"2023-02-17 20:05:48.946965",12000.00
"2023-02-17 20:38:39.254576",5500.00
"2023-02-17 22:47:45.754904",5000.00
"2023-02-18 01:00:05.494261",18000.00
"2023-02-18 01:26:09.174392",27500.00
"2023-02-18 02:07:25.235611",320000.00
"2023-02-18 02:31:19.670739",5500.00
"2023-02-18 03:01:20.879487",1280000.00
"2023-02-18 04:54:17.588665",24000.00
"2023-02-18 05:34:42.710421",30000.00
"2023-02-18 09:33:38.337889",36000.00
"2023-02-18 09:50:10.433135",90000.00
"2023-02-18 10:33:54.046578",5000.00
"2023-02-18 17:28:30.090012",900000.00
"2023-02-18 19:22:15.631397",45000.00
"2023-02-18 21:03:02.913585",180000.00
"2023-02-19 00:01:11.529465",1280000.00
"2023-02-19 00:55:47.56881",320000.00
"2023-02-19 01:29:22.33275",340000.00
"2023-02-19 03:04:33.720387",27500.00
"2023-02-19 03:52:37.635397",7500.00
"2023-02-19 04:21:15.281029",25000.00
"2023-02-19 05:11:39.440229",1600000.00
"2023-02-19 05:52:11.497317",900000.00
"2023-02-19 06:12:51.249213",450000.00
"2023-02-19 06:49:02.877223",90000.00
"2023-02-19 06:52:20.237898",12000.00
"2023-02-19 09:16:20.369364",340000.00
"2023-02-19 09:33:30.807061",85000.00
"2023-02-19 11:22:05.910491",6000.00
"2023-02-19 12:25:21.763553",18000.00
"2023-02-19 14:22:08.256127",640000.00
"2023-02-19 14:47:26.966856",960000.00
"2023-02-19 17:13:09.107586",30000.00
"2023-02-19 17:55:35.613762",6000.00
"2023-02-19 20:21:03.413085",10000.00
"2023-02-19 20:46:02.09641",10000.00
"2023-02-19 21:15:28.032214",225000.00
"2023-02-19 22:52:47.046144",320000.00
"2023-02-19 23:18:35.651758",72000.00
"2023-02-19 23:27:25.578374",5000.00
"2023-02-20 02:57:19.041717",1280000.00
"2023-02-20 04:56:27.816806",90000.00
"2023-02-20 05:57:09.077915",450000.00
"2023-02-20 06:18:11.162383",425000.00
"2023-02-20 07:32:32.746874",900000.00
"2023-02-20 07:40:49.340775",5500.00
"2023-02-20 08:25:27.322029",90000.00
"2023-02-20 10:40:09.756752",5000.00
"2023-02-20 12:11:28.422834",90000.00
"2023-02-20 16:04:46.396421",340000.00
"2023-02-20 16:18:21.395324",54000.00
"2023-02-20 17:13:44.424754",1280000.00
"2023-02-20 17:33:08.62182",180000.00
"2023-02-20 17:58:19.368998",340000.00
"2023-02-20 19:06:05.253268",6000.00
"2023-02-20 19:17:08.560945",180000.00
"2023-02-20 21:11:19.799655",640000.00
"2023-02-20 21:36:12.253025",54000.00
"2023-02-20 21:55:28.395069",10000.00
"2023-02-20 22:09:28.924531",135000.00
"2023-02-20 23:30:47.149385",54000.00
"2023-02-21 00:28:45.77625",90000.00
"2023-02-21 07:12:01.6385",225000.00
"2023-02-21 09:49:04.316478",27500.00
"2023-02-21 10:03:24.059722",960000.00
"2023-02-21 11:21:35.957311",90000.00
"2023-02-21 11:40:07.617025",7500.00
"2023-02-21 12:13:22.040062",6000.00
"2023-02-21 12:18:44.555571",1350000.00
"2023-02-21 13:15:57.241553",340000.00
"2023-02-21 14:37:20.025706",10000.00
"2023-02-21 14:44:19.398467",5500.00
"2023-02-21 15:03:31.244333",180000.00
"2023-02-21 16:08:27.874431",16500.00
"2023-02-21 16:39:46.653498",180000.00
"2023-02-21 17:34:51.612956",5000.00
"2023-02-21 17:45:53.475868",640000.00
"2023-02-21 17:57:20.45198",255000.00
"2023-02-21 18:08:47.807653",11000.00
"2023-02-21 18:13:39.988386",24000.00
"2023-02-21 18:23:15.537911",20000.00
"2023-02-21 18:53:34.153894",90000.00
"2023-02-21 19:35:46.686414",255000.00
"2023-02-21 22:23:40.599633",72000.00
"2023-02-21 23:03:21.291081",11000.00
"2023-02-22 00:21:55.012066",5000.00
"2023-02-22 00:37:16.89893",90000.00
"2023-02-22 01:42:40.903893",960000.00
"2023-02-22 01:47:01.1165",45000.00
"2023-02-22 05:14:09.322592",72000.00
"2023-02-22 06:11:33.180907",225000.00
"2023-02-22 06:38:55.530971",1280000.00
"2023-02-22 07:22:45.38264",45000.00
"2023-02-22 08:14:08.049843",5500.00
"2023-02-22 08:45:06.751144",5500.00
"2023-02-22 08:57:08.369267",960000.00
"2023-02-22 09:26:46.384273",10000.00
"2023-02-22 11:17:34.423303",90000.00
"2023-02-22 15:30:55.463382",340000.00
"2023-02-22 16:11:06.599989",5000.00
"2023-02-22 17:24:59.548872",90000.00
"2023-02-22 17:47:48.232562",27500.00
"2023-02-22 17:49:37.620631",1800000.00
"2023-02-22 18:50:24.620334",5000.00
"2023-02-22 20:00:21.345869",170000.00
"2023-02-22 21:38:56.294672",180000.00
"2023-02-22 21:51:49.226997",225000.00
"2023-02-23 01:22:10.537598",640000.00
"2023-02-23 02:02:49.728147",320000.00
"2023-02-23 03:09:19.128882",640000.00
"2023-02-23 04:42:24.789654",7500.00
"2023-02-23 05:33:37.703645",10000.00
"2023-02-23 06:36:02.835866",10000.00
"2023-02-23 08:22:33.95264",5500.00
"2023-02-23 09:26:18.136816",6000.00
"2023-02-23 10:46:32.241312",36000.00
"2023-02-23 11:41:28.872035",36000.00
"2023-02-23 12:06:20.100922",30000.00
"2023-02-23 12:30:35.321657",2250000.00
"2023-02-23 12:31:02.257976",24000.00
"2023-02-23 15:52:11.68871",18000.00
"2023-02-23 16:57:15.481596",2500.00
"2023-02-23 17:45:59.028996",10000.00
"2023-02-23 18:55:05.5435",54000.00
"2023-02-23 19:50:54.085579",12000.00
"2023-02-23 20:29:26.565577",18000.00
"2023-02-23 21:29:35.253485",5000.00
"2023-02-23 22:02:28.566603",225000.00
"2023-02-23 22:03:29.917849",1800000.00
"2023-02-23 22:18:09.144561",90000.00
"2023-02-23 23:58:04.32929",1800000.00
"2023-02-24 00:44:05.311853",12000.00
"2023-02-24 01:19:37.046511",1280000.00
"2023-02-24 05:19:01.856342",85000.00
"2023-02-24 05:24:41.124895",425000.00
"2023-02-24 05:31:41.847723",22000.00
"2023-02-24 06:21:56.121109",320000.00
"2023-02-24 07:00:33.439517",10000.00
"2023-02-24 08:45:43.013131",90000.00
"2023-02-24 10:09:35.084474",10000.00
"2023-02-24 10:35:02.039493",36000.00
"2023-02-24 10:44:24.078789",90000.00
"2023-02-24 12:23:41.524431",90000.00
"2023-02-24 12:55:42.448134",22000.00
"2023-02-24 12:58:53.965579",36000.00
"2023-02-24 13:05:48.77304",15000.00
"2023-02-24 14:44:41.870054",425000.00
"2023-02-24 17:59:09.305119",6000.00
"2023-02-24 20:23:35.925893",170000.00
"2023-02-24 21:24:44.198487",5000.00
"2023-02-24 23:32:59.090906",18000.00
"2023-02-24 23:47:18.199515",170000.00
"2023-02-25 00:42:56.151297",24000.00
"2023-02-25 01:45:58.874292",5500.00
"2023-02-25 02:02:38.478593",12500.00
"2023-02-25 02:24:26.860986",30000.00
"2023-02-25 02:47:21.913876",90000.00
"2023-02-25 03:58:51.211037",425000.00
"2023-02-25 04:34:44.902502",24000.00
"2023-02-25 06:15:54.256626",18000.00
"2023-02-25 06:26:06.762573",5000.00
"2023-02-25 07:46:05.979801",7500.00
"2023-02-25 07:52:20.888985",72000.00
"2023-02-25 08:01:17.20228",5000.00
"2023-02-25 10:36:56.899973",20000.00
"2023-02-25 11:30:58.318061",90000.00
"2023-02-25 12:14:26.635964",450000.00
"2023-02-25 13:22:09.964812",340000.00
"2023-02-25 13:27:47.46765",135000.00
"2023-02-25 14:33:05.851104",135000.00
"2023-02-25 18:18:32.23595",72000.00
"2023-02-25 19:18:49.690416",225000.00
"2023-02-25 19:25:59.508857",85000.00
"2023-02-25 19:40:30.360386",320000.00
"2023-02-25 23:52:24.68183",30000.00
"2023-02-26 02:09:01.684265",1600000.00
"2023-02-26 04:14:54.35018",5000.00
"2023-02-26 05:09:59.711748",45000.00
"2023-02-26 05:35:38.239849",24000.00
"2023-02-26 05:51:31.913353",27500.00
"2023-02-26 06:29:23.671034",2500.00
"2023-02-26 07:02:02.972436",25000.00
"2023-02-26 07:26:13.893447",425000.00
"2023-02-26 08:23:29.822371",54000.00
"2023-02-26 09:35:47.004841",6000.00
"2023-02-26 10:10:27.478473",18000.00
"2023-02-26 11:31:28.828876",960000.00
"2023-02-26 11:40:05.55975",90000.00
"2023-02-26 13:47:54.892961",450000.00
"2023-02-26 17:10:14.892527",90000.00
"2023-02-26 17:48:24.560525",18000.00
"2023-02-26 18:37:12.626329",640000.00
"2023-02-26 19:46:46.204913",20000.00
"2023-02-26 21:07:56.305747",22000.00
"2023-02-26 21:57:38.720534",1350000.00
"2023-02-26 23:47:29.992741",12000.00
"2023-02-27 00:29:40.615969",225000.00
"2023-02-27 02:57:41.218198",90000.00
"2023-02-27 05:14:28.857071",170000.00
"2023-02-27 11:50:34.992316",24000.00
"2023-02-27 13:08:22.439028",1280000.00
"2023-02-27 13:31:00.437456",90000.00
"2023-02-27 13:46:00.239291",425000.00
"2023-02-27 14:37:26.721779",7500.00
"2023-02-27 15:22:29.989452",320000.00
"2023-02-27 15:35:41.937612",18000.00
"2023-02-27 16:04:03.784415",72000.00
"2023-02-27 17:55:03.626334",18000.00
"2023-02-27 18:07:21.950337",1280000.00
"2023-02-27 20:15:15.430552",960000.00
"2023-02-27 20:22:22.202829",425000.00
"2023-02-27 21:00:10.833476",25000.00
"2023-02-27 21:18:40.239037",1600000.00
"2023-02-27 21:35:49.569844",30000.00
"2023-02-27 22:41:00.202829",320000.00
"2023-02-27 23:01:17.570503",90000.00
"2023-02-28 00:44:16.638029",1350000.00
"2023-02-28 06:12:06.831956",1280000.00
"2023-02-28 06:16:59.102419",24000.00
"2023-02-28 08:54:11.031661",1600000.00
"2023-02-28 11:40:17.920595",640000.00
"2023-02-28 12:02:23.609175",11000.00
"2023-02-28 13:19:58.095303",135000.00
"2023-02-28 16:39:45.405954",10000.00
"2023-02-28 17:51:36.098754",45000.00
"2023-02-28 19:27:18.59427",1280000.00
"2023-02-28 19:38:19.61405",90000.00
"2023-02-28 20:36:26.218469",900000.00
"2023-03-01 00:12:57.989673",85000.00
"2023-03-01 01:27:56.27832",24000.00
"2023-03-01 02:01:10.474147",5000.00
"2023-03-01 02:28:02.70581",18000.00
"2023-03-01 02:47:31.631968",12500.00
"2023-03-01 04:16:17.418065",225000.00
"2023-03-01 04:20:53.805841",180000.00
"2023-03-01 05:29:02.739234",900000.00
"2023-03-01 05:40:17.870038",10000.00
"2023-03-01 05:41:35.530808",170000.00
"2023-03-01 06:14:45.623325",1600000.00
"2023-03-01 06:49:14.276257",5000.00
"2023-03-01 06:49:58.223617",20000.00
"2023-03-01 07:19:22.438037",2250000.00
"2023-03-01 08:05:31.693003",12000.00
"2023-03-01 08:58:19.76505",54000.00
"2023-03-01 09:47:44.717884",1350000.00
"2023-03-01 10:01:05.592832",340000.00
"2023-03-01 10:06:48.266725",320000.00
"2023-03-01 10:13:55.862122",10000.00
"2023-03-01 10:36:52.141929",12500.00
"2023-03-01 16:09:44.209862",18000.00
"2023-03-01 16:24:55.800633",6000.00
"2023-03-01 19:14:10.54398",170000.00
"2023-03-01 23:58:54.366235",90000.00
"2023-03-02 00:39:34.281729",15000.00
"2023-03-02 01:07:07.797009",22000.00
"2023-03-02 03:33:31.073011",5500.00
"2023-03-02 04:35:34.928954",2250000.00
"2023-03-02 06:17:05.044498",16500.00
"2023-03-02 06:35:55.855664",15000.00
"2023-03-02 07:50:38.994541",5000.00
"2023-03-02 07:54:27.881636",5500.00
"2023-03-02 10:46:34.074772",1350000.00
"2023-03-02 11:52:29.23327",170000.00
"2023-03-02 12:08:25.126182",36000.00
"2023-03-02 12:36:13.114619",11000.00
"2023-03-02 15:09:41.376044",450000.00
"2023-03-02 16:16:06.63224",255000.00
"2023-03-02 17:07:04.091062",11000.00
"2023-03-02 17:08:13.739451",1280000.00
"2023-03-02 20:16:28.308706",1350000.00
"2023-03-02 20:53:25.956239",170000.00
"2023-03-02 21:09:19.084239",72000.00
"2023-03-02 22:19:09.995422",15000.00
"2023-03-02 22:45:47.053776",5500.00
"2023-03-03 02:03:01.523514",2500.00
"2023-03-03 02:25:05.619491",10000.00
"2023-03-03 02:41:31.013309",10000.00
"2023-03-03 02:48:19.696674",450000.00
"2023-03-03 02:54:54.934849",12500.00
"2023-03-03 03:41:50.756465",960000.00
"2023-03-03 04:08:27.977714",36000.00
"2023-03-03 05:15:45.052266",54000.00
"2023-03-03 08:10:42.952449",340000.00
"2023-03-03 08:22:50.328888",25000.00
"2023-03-03 09:19:20.871432",18000.00
"2023-03-03 12:03:45.596736",10000.00
"2023-03-03 12:14:30.652142",22000.00
"2023-03-03 12:21:14.556435",180000.00
"2023-03-03 12:47:07.900519",16500.00
"2023-03-03 13:00:44.748038",2250000.00
"2023-03-03 15:38:24.731134",15000.00
"2023-03-03 17:52:41.113417",1350000.00
"2023-03-03 18:09:13.057483",5000.00
"2023-03-03 18:15:02.39425",18000.00
"2023-03-03 19:58:13.990741",960000.00
"2023-03-03 21:34:28.575142",7500.00
"2023-03-03 23:39:23.452165",960000.00
"2023-03-04 01:19:04.581704",90000.00
"2023-03-04 01:58:19.585623",320000.00
"2023-03-04 03:31:22.927692",11000.00
"2023-03-04 05:09:20.01524",2500.00
"2023-03-04 05:51:37.54457",54000.00
"2023-03-04 06:18:40.560082",27500.00
"2023-03-04 14:39:33.656432",425000.00
"2023-03-04 14:47:14.512098",18000.00
"2023-03-04 18:37:32.515534",18000.00
"2023-03-04 18:53:27.905906",425000.00
"2023-03-04 23:28:36.489352",25000.00
"2023-03-04 23:36:52.817919",11000.00
"2023-03-05 01:08:18.6046",16500.00
"2023-03-05 01:17:20.626659",1800000.00
"2023-03-05 01:28:37.857058",72000.00
"2023-03-05 01:39:39.455188",1280000.00
"2023-03-05 03:07:04.241522",45000.00
"2023-03-05 03:08:36.87288",450000.00
"2023-03-05 04:32:27.613284",20000.00
"2023-03-05 05:51:35.336535",2500.00
"2023-03-05 06:03:22.572703",20000.00
"2023-03-05 08:22:30.513432",90000.00
"2023-03-05 11:02:36.343228",5500.00
"2023-03-05 13:48:44.081903",11000.00
"2023-03-05 17:37:20.200138",450000.00
"2023-03-05 18:53:02.273098",1280000.00
"2023-03-05 20:37:44.422744",6000.00
"2023-03-05 21:18:05.07852",22000.00
"2023-03-05 22:24:17.857691",10000.00
"2023-03-05 23:18:49.632206",25000.00
"2023-03-06 00:58:08.200682",1600000.00
"2023-03-06 02:28:43.707699",5000.00
"2023-03-06 04:18:36.389659",340000.00
"2023-03-06 06:33:31.353729",25000.00
"2023-03-06 07:53:42.088127",36000.00
"2023-03-06 08:28:36.569081",30000.00
"2023-03-06 14:13:38.087077",640000.00
"2023-03-06 14:34:38.432586",2500.00
"2023-03-06 14:42:40.516202",15000.00
"2023-03-06 14:57:08.074464",24000.00
"2023-03-06 15:59:46.747292",170000.00
"2023-03-06 16:12:52.073079",90000.00
"2023-03-06 17:04:41.572254",450000.00
"2023-03-06 19:02:34.904323",90000.00
"2023-03-06 20:27:07.188608",85000.00
"2023-03-06 23:31:10.522754",5000.00
"2023-03-07 01:26:49.422137",1600000.00
"2023-03-07 03:46:02.613009",90000.00
"2023-03-07 04:18:18.180116",170000.00
"2023-03-07 06:10:00.181521",25000.00
"2023-03-07 07:25:12.236033",1350000.00
"2023-03-07 07:32:58.004511",72000.00
"2023-03-07 08:17:51.344683",90000.00
"2023-03-07 09:51:03.920987",1350000.00
"2023-03-07 10:04:38.776171",2250000.00
"2023-03-07 10:41:18.215557",10000.00
"2023-03-07 11:54:05.842387",11000.00
"2023-03-07 12:41:57.262285",5000.00
"2023-03-07 13:31:47.525958",170000.00
"2023-03-07 13:53:18.394973",340000.00
"2023-03-07 14:48:04.26942",10000.00
"2023-03-07 14:50:58.453883",72000.00
"2023-03-07 16:51:17.620283",5500.00
"2023-03-07 17:54:32.692183",24000.00
"2023-03-07 17:56:41.754125",320000.00
"2023-03-07 18:10:08.056002",170000.00
"2023-03-07 19:56:45.981867",5500.00
"2023-03-07 20:43:24.486261",20000.00
"2023-03-07 20:46:25.151019",450000.00
"2023-03-07 21:06:12.021209",7500.00
"2023-03-07 21:58:05.500239",640000.00
"2023-03-07 23:17:58.046427",12500.00
"2023-03-08 00:36:22.958842",1800000.00
"2023-03-08 02:56:41.070488",16500.00
"2023-03-08 03:30:25.390522",24000.00
"2023-03-08 04:40:17.971373",30000.00
"2023-03-08 05:35:04.359842",5500.00
"2023-03-08 07:00:13.999162",900000.00
"2023-03-08 08:54:18.218051",135000.00
"2023-03-08 09:34:35.115433",1280000.00
"2023-03-08 10:17:26.88727",30000.00
"2023-03-08 10:22:33.515608",10000.00
"2023-03-08 11:16:06.477206",5000.00
"2023-03-08 12:37:08.486587",7500.00
"2023-03-08 12:57:23.88553",1280000.00
"2023-03-08 13:12:36.513208",72000.00
"2023-03-08 13:29:11.689679",180000.00
"2023-03-08 15:38:12.043472",90000.00
"2023-03-08 17:03:21.424684",170000.00
"2023-03-08 17:03:37.150416",36000.00
"2023-03-08 17:27:33.6083",12500.00
"2023-03-08 17:40:56.79859",2500.00
"2023-03-08 22:36:53.687836",425000.00
"2023-03-08 22:39:46.074514",18000.00
"2023-03-09 00:51:20.115028",25000.00
"2023-03-09 01:44:05.788349",225000.00
"2023-03-09 02:04:59.382305",1600000.00
"2023-03-09 07:38:31.130613",27500.00
"2023-03-09 07:48:41.888746",6000.00
"2023-03-09 08:00:12.619961",72000.00
"2023-03-09 08:31:35.972944",36000.00
"2023-03-09 08:59:02.881777",72000.00
"2023-03-09 09:15:36.346608",36000.00
"2023-03-09 10:06:28.862277",54000.00
"2023-03-09 11:25:26.501246",18000.00
"2023-03-09 11:44:35.238667",255000.00
"2023-03-09 13:12:07.984546",15000.00
"2023-03-09 14:04:20.985908",18000.00
"2023-03-09 15:27:38.842538",11000.00
"2023-03-09 17:33:53.570642",12500.00
"2023-03-09 17:35:15.518523",25000.00
"2023-03-09 19:39:15.581",6000.00
"2023-03-09 19:43:43.434112",12000.00
"2023-03-09 19:48:30.033432",16500.00
"2023-03-09 19:51:39.168795",10000.00
"2023-03-09 23:26:52.261142",5500.00
"2023-03-10 02:20:34.482467",450000.00
"2023-03-10 02:24:10.685053",18000.00
"2023-03-10 07:16:19.025213",900000.00
"2023-03-10 07:35:44.959689",22000.00
"2023-03-10 08:28:11.167208",27500.00
"2023-03-10 12:43:37.882391",1280000.00
"2023-03-10 12:51:51.745939",90000.00
"2023-03-10 16:05:10.008815",340000.00
"2023-03-10 16:41:19.165574",10000.00
"2023-03-10 17:02:06.807431",5000.00
"2023-03-10 17:19:10.461005",54000.00
"2023-03-10 19:00:05.437433",30000.00
"2023-03-10 21:39:06.880175",90000.00
"2023-03-10 22:45:13.087226",90000.00
"2023-03-11 00:51:19.346074",180000.00
"2023-03-11 01:35:37.297175",85000.00
"2023-03-11 02:45:25.396798",255000.00
"2023-03-11 03:27:38.649089",5000.00
"2023-03-11 03:39:31.003748",12500.00
"2023-03-11 03:53:06.456409",36000.00
"2023-03-11 04:19:18.918404",72000.00
"2023-03-11 06:40:34.518451",135000.00
"2023-03-11 07:20:08.821488",255000.00
"2023-03-11 07:47:56.577125",340000.00
"2023-03-11 08:37:08.935692",20000.00
"2023-03-11 09:59:03.206043",2250000.00
"2023-03-11 10:13:10.633577",1600000.00
"2023-03-11 10:25:28.737529",180000.00
"2023-03-11 11:41:09.00214",900000.00
"2023-03-11 13:17:46.087604",24000.00
"2023-03-11 14:19:54.786634",1800000.00
"2023-03-11 15:54:08.123521",72000.00
"2023-03-11 17:11:21.66538",255000.00
"2023-03-11 18:44:25.340265",11000.00
"2023-03-11 18:52:39.595443",12500.00
"2023-03-11 20:19:34.751029",45000.00
"2023-03-11 22:48:04.563666",640000.00
"2023-03-12 00:59:10.330285",135000.00
"2023-03-12 01:12:27.92059",12000.00
"2023-03-12 03:16:01.439745",1600000.00
"2023-03-12 03:59:47.801478",54000.00
"2023-03-12 04:51:38.748186",18000.00
"2023-03-12 05:18:55.046996",2500.00
"2023-03-12 07:23:04.524259",54000.00
"2023-03-12 08:09:33.178673",340000.00
"2023-03-12 09:35:38.774176",36000.00
"2023-03-12 12:23:52.368607",900000.00
"2023-03-12 13:39:26.465398",7500.00
"2023-03-12 14:34:17.63229",25000.00
"2023-03-12 15:31:23.718921",5000.00
"2023-03-12 16:37:06.863081",1600000.00
"2023-03-12 18:54:50.212438",6000.00
"2023-03-12 18:55:24.814483",7500.00
"2023-03-12 20:05:16.787751",36000.00
"2023-03-12 21:45:32.669159",170000.00
"2023-03-12 23:15:27.142397",425000.00
"2023-03-12 23:37:12.526821",90000.00
"2023-03-13 00:26:10.905131",6000.00
"2023-03-13 03:27:03.002356",5000.00
"2023-03-13 04:36:14.494247",16500.00
"2023-03-13 06:48:33.699664",54000.00
"2023-03-13 07:23:35.256582",225000.00
"2023-03-13 07:24:06.204621",24000.00
"2023-03-13 07:35:09.281899",24000.00
"2023-03-13 10:57:35.400356",16500.00
"2023-03-13 12:21:38.330362",45000.00
"2023-03-13 12:30:13.735587",6000.00
"2023-03-13 13:10:06.485576",12500.00
"2023-03-13 13:11:40.754477",15000.00
"2023-03-13 13:28:07.734333",24000.00
"2023-03-13 14:09:48.329635",20000.00
"2023-03-13 17:42:54.236903",85000.00
"2023-03-13 23:03:48.246481",25000.00
"2023-03-13 23:31:14.896323",18000.00
"2023-03-13 23:52:29.184547",900000.00
"2023-03-13 23:56:29.732064",90000.00
"2023-03-14 00:52:33.670712",30000.00
"2023-03-14 01:39:06.698033",5500.00
"2023-03-14 01:47:19.5594",5500.00
"2023-03-14 02:15:49.176637",12500.00
"2023-03-14 02:49:12.258025",5500.00
"2023-03-14 03:40:57.186798",72000.00
"2023-03-14 04:26:53.856538",180000.00
"2023-03-14 04:42:13.537069",15000.00
"2023-03-14 04:44:03.03523",135000.00
"2023-03-14 04:47:12.333802",320000.00
"2023-03-14 05:01:53.626535",135000.00
"2023-03-14 06:06:49.707981",90000.00
"2023-03-14 06:13:04.48612",10000.00
"2023-03-14 06:50:41.527863",1800000.00
"2023-03-14 08:55:04.935568",640000.00
"2023-03-14 09:16:58.319746",640000.00
"2023-03-14 12:12:39.311866",170000.00
"2023-03-14 16:21:48.353919",36000.00
"2023-03-14 16:40:56.560817",90000.00
"2023-03-14 16:45:13.796192",10000.00
"2023-03-14 17:26:51.045146",225000.00
"2023-03-14 18:22:38.78184",15000.00
"2023-03-14 18:52:18.559761",135000.00
"2023-03-14 19:04:49.212406",960000.00
"2023-03-14 20:22:04.533195",640000.00
"2023-03-14 20:45:22.831724",36000.00
"2023-03-14 20:55:11.482277",12000.00
"2023-03-14 21:23:24.360488",135000.00
"2023-03-14 21:27:20.772627",10000.00
"2023-03-14 21:37:38.609104",340000.00
"2023-03-14 21:55:43.855169",960000.00
"2023-03-14 21:59:49.818111",320000.00
"2023-03-14 22:32:21.017067",340000.00
"2023-03-15 05:53:30.968493",5000.00
"2023-03-15 09:51:40.421369",170000.00
"2023-03-15 09:57:09.926653",135000.00
"2023-03-15 12:16:39.695645",640000.00
"2023-03-15 13:08:40.540387",1600000.00
"2023-03-15 13:47:23.978864",6000.00
"2023-03-15 14:21:18.384186",85000.00
"2023-03-15 14:58:38.533642",2250000.00
"2023-03-15 15:43:55.573987",90000.00
"2023-03-15 15:53:01.127754",5000.00
"2023-03-15 16:57:12.56476",135000.00
"2023-03-15 17:18:33.954193",255000.00
"2023-03-15 18:29:33.54534",11000.00
"2023-03-15 21:05:57.239552",6000.00
"2023-03-15 22:56:00.249425",320000.00
"2023-03-15 23:12:53.908938",54000.00
"2023-03-15 23:54:02.626672",1280000.00
"2023-03-16 00:05:33.35617",135000.00
"2023-03-16 00:13:10.920706",425000.00
"2023-03-16 01:35:40.43486",5000.00
"2023-03-16 05:06:25.437291",90000.00
"2023-03-16 08:55:59.19931",45000.00
"2023-03-16 08:59:28.304634",22000.00
"2023-03-16 09:04:24.167817",5000.00
"2023-03-16 09:25:13.57078",425000.00
"2023-03-16 11:53:42.500544",640000.00
"2023-03-16 12:55:33.208836",6000.00
"2023-03-16 13:37:14.384654",45000.00
"2023-03-16 13:58:46.440804",5000.00
"2023-03-16 16:24:13.416587",180000.00
"2023-03-16 18:03:42.130146",5000.00
"2023-03-16 22:03:09.227722",15000.00
"2023-03-16 23:04:41.149897",36000.00
"2023-03-16 23:14:02.563563",135000.00
"2023-03-17 00:32:21.056899",7500.00
"2023-03-17 00:39:29.714703",1800000.00
"2023-03-17 00:55:35.072453",22000.00
"2023-03-17 01:07:22.015242",900000.00
"2023-03-17 03:06:16.302941",320000.00
"2023-03-17 03:27:22.012729",22000.00
"2023-03-17 03:46:47.466535",180000.00
"2023-03-17 04:15:35.973846",960000.00
"2023-03-17 04:16:21.84903",960000.00
"2023-03-17 05:55:10.690683",18000.00
"2023-03-17 09:05:35.275707",960000.00
"2023-03-17 09:24:05.269884",6000.00
"2023-03-17 09:29:36.09022",5000.00
"2023-03-17 10:46:20.901837",5000.00
"2023-03-17 10:48:36.140019",16500.00
"2023-03-17 11:31:39.075829",1800000.00
"2023-03-17 11:56:15.834188",30000.00
"2023-03-17 11:57:54.699607",1800000.00
"2023-03-17 12:58:48.264188",11000.00
"2023-03-17 14:30:03.54971",7500.00
"2023-03-17 16:54:24.748631",640000.00
"2023-03-17 17:35:45.298562",900000.00
"2023-03-17 17:47:39.311257",18000.00
"2023-03-17 18:09:50.716626",10000.00
"2023-03-17 18:47:28.087529",2250000.00
"2023-03-17 21:12:22.87943",960000.00
"2023-03-18 03:09:08.446538",16500.00
"2023-03-18 03:49:13.620957",20000.00
"2023-03-18 06:43:47.611859",1600000.00
"2023-03-18 07:04:47.91965",1600000.00
"2023-03-18 08:32:50.120835",12500.00
"2023-03-18 08:40:29.21111",15000.00
"2023-03-18 09:09:46.329732",425000.00
"2023-03-18 09:44:51.504273",640000.00
"2023-03-18 09:49:09.791326",54000.00
"2023-03-18 10:35:12.742622",7500.00
"2023-03-18 11:33:29.015347",1350000.00
"2023-03-18 12:05:46.498101",960000.00
"2023-03-18 14:25:15.166098",85000.00
"2023-03-18 14:40:26.748553",45000.00
"2023-03-18 15:21:20.164843",255000.00
"2023-03-18 16:15:57.119708",6000.00
"2023-03-18 17:07:38.059564",85000.00
"2023-03-18 22:17:06.567129",18000.00
"2023-03-19 03:01:54.671734",1600000.00
"2023-03-19 03:10:24.840276",1600000.00
"2023-03-19 04:39:37.060693",85000.00
"2023-03-19 07:14:14.773457",72000.00
"2023-03-19 09:46:25.716195",10000.00
"2023-03-19 14:34:23.764806",6000.00
"2023-03-19 15:35:49.539745",180000.00
"2023-03-19 16:18:31.765849",960000.00
"2023-03-19 16:30:01.710402",7500.00
"2023-03-19 17:14:02.268296",18000.00
"2023-03-19 17:27:33.48289",5000.00
"2023-03-19 19:28:06.722005",16500.00
"2023-03-19 20:26:51.702271",12000.00
"2023-03-19 20:38:23.85326",10000.00
"2023-03-19 21:19:31.229634",54000.00
"2023-03-19 22:47:59.33958",45000.00
"2023-03-20 00:02:36.58361",12500.00
"2023-03-20 00:26:41.420292",10000.00
"2023-03-20 00:53:16.289852",25000.00
"2023-03-20 05:08:08.558562",7500.00
"2023-03-20 05:57:11.234331",18000.00
"2023-03-20 06:36:39.64264",255000.00
"2023-03-20 06:39:49.925158",450000.00
"2023-03-20 07:46:12.463817",450000.00
"2023-03-20 08:33:32.270783",5000.00
"2023-03-20 08:34:00.761691",24000.00
"2023-03-20 09:01:19.079683",450000.00
"2023-03-20 09:25:28.659602",170000.00
"2023-03-20 10:09:20.179868",18000.00
"2023-03-20 12:49:46.839319",24000.00
"2023-03-20 13:45:42.258096",5000.00
"2023-03-20 16:11:02.144464",85000.00
"2023-03-20 18:38:19.559166",90000.00
"2023-03-20 18:58:36.271394",960000.00
"2023-03-20 19:34:11.01436",12500.00
"2023-03-20 19:35:54.385548",960000.00
"2023-03-20 20:58:14.66906",72000.00
"2023-03-20 21:50:41.489912",340000.00
"2023-03-20 22:57:07.939594",1600000.00
"2023-03-21 01:24:13.96256",25000.00
"2023-03-21 01:31:56.081862",5000.00
"2023-03-21 02:42:05.406969",25000.00
"2023-03-21 05:50:43.102885",25000.00
"2023-03-21 07:34:55.69746",640000.00
"2023-03-21 08:14:26.068111",15000.00
"2023-03-21 08:24:26.956896",16500.00
"2023-03-21 09:36:12.217506",18000.00
"2023-03-21 10:37:06.418454",900000.00
"2023-03-21 11:16:37.110793",24000.00
"2023-03-21 11:18:46.000881",225000.00
"2023-03-21 13:01:39.498359",12000.00
"2023-03-21 14:14:43.177604",1800000.00
"2023-03-21 17:25:48.293544",255000.00
"2023-03-21 17:57:02.160343",12000.00
"2023-03-21 18:03:13.574713",7500.00
"2023-03-21 18:21:02.9195",1800000.00
"2023-03-21 18:22:05.488516",2250000.00
"2023-03-21 19:31:08.8774",18000.00
"2023-03-21 19:47:19.627476",85000.00
"2023-03-21 22:52:20.497363",5000.00
"2023-03-22 02:15:07.900452",12000.00
"2023-03-22 03:35:49.009524",54000.00
"2023-03-22 04:52:05.286308",5500.00
"2023-03-22 05:22:20.474937",5000.00
"2023-03-22 05:31:53.850713",12000.00
"2023-03-22 06:08:34.559711",425000.00
"2023-03-22 06:27:45.510354",18000.00
"2023-03-22 07:55:31.673586",30000.00
"2023-03-22 08:04:14.372425",340000.00
"2023-03-22 08:25:58.239777",320000.00
"2023-03-22 10:12:09.619849",2500.00
"2023-03-22 10:25:47.856656",30000.00
"2023-03-22 11:15:36.309324",20000.00
"2023-03-22 11:48:58.429798",12000.00
"2023-03-22 11:59:07.011357",11000.00
"2023-03-22 15:52:37.336338",10000.00
"2023-03-22 17:33:24.378779",6000.00
"2023-03-22 17:55:32.184064",425000.00
"2023-03-22 18:02:31.68908",11000.00
"2023-03-22 18:30:14.214361",25000.00
"2023-03-22 21:45:24.506843",5000.00
"2023-03-22 22:11:24.70197",170000.00
"2023-03-22 23:12:48.425891",36000.00
"2023-03-22 23:28:49.563066",10000.00
"2023-03-23 01:36:57.465488",425000.00
"2023-03-23 01:53:54.489073",10000.00
"2023-03-23 03:04:01.43626",960000.00
"2023-03-23 05:43:04.733786",255000.00
"2023-03-23 06:56:07.699664",12500.00
"2023-03-23 08:08:56.561779",640000.00
"2023-03-23 08:21:41.186719",25000.00
"2023-03-23 09:00:52.099655",12500.00
"2023-03-23 09:32:43.154245",36000.00
"2023-03-23 14:24:11.223226",27500.00
"2023-03-23 14:36:40.974939",25000.00
"2023-03-23 14:40:27.854321",1350000.00
"2023-03-23 15:01:33.591587",135000.00
"2023-03-23 16:28:23.728657",20000.00
"2023-03-23 16:42:48.173737",10000.00
"2023-03-23 17:29:04.772553",18000.00
"2023-03-23 17:29:24.989911",5000.00
"2023-03-23 17:59:38.33401",36000.00
"2023-03-23 21:05:53.386166",36000.00
"2023-03-23 22:24:21.039228",7500.00
"2023-03-24 01:18:33.412205",450000.00
"2023-03-24 01:39:33.839446",1280000.00
"2023-03-24 02:09:40.024305",72000.00
"2023-03-24 02:46:08.631214",27500.00
"2023-03-24 03:01:47.398555",90000.00
"2023-03-24 03:37:18.436654",180000.00
"2023-03-24 03:46:47.049191",340000.00
"2023-03-24 07:35:22.327061",24000.00
"2023-03-24 09:40:28.87419",12000.00
"2023-03-24 11:08:47.599735",340000.00
"2023-03-24 12:23:19.928787",22000.00
"2023-03-24 12:30:33.652564",900000.00
"2023-03-24 12:31:34.638123",36000.00
"2023-03-24 12:46:22.022751",12000.00
"2023-03-24 14:47:23.468998",225000.00
"2023-03-24 16:39:30.024511",36000.00
"2023-03-24 17:33:52.99223",72000.00
"2023-03-24 17:39:50.271164",10000.00
"2023-03-24 18:10:06.943182",2500.00
"2023-03-24 23:12:27.324887",1350000.00
"2023-03-25 00:16:21.163522",36000.00
"2023-03-25 01:18:41.311659",25000.00
"2023-03-25 02:54:14.005001",7500.00
"2023-03-25 03:26:46.787667",1350000.00
"2023-03-25 04:48:37.088627",340000.00
"2023-03-25 06:26:28.013276",425000.00
"2023-03-25 06:31:15.865626",10000.00
"2023-03-25 06:52:07.581593",11000.00
"2023-03-25 06:54:29.90675",5000.00
"2023-03-25 11:02:38.61115",900000.00
"2023-03-25 11:44:41.811169",30000.00
"2023-03-25 11:58:57.685074",5000.00
"2023-03-25 13:21:03.975714",45000.00
"2023-03-25 14:57:26.945",30000.00
"2023-03-25 15:40:29.52602",54000.00
"2023-03-25 15:50:00.11739",255000.00
"2023-03-25 20:22:30.597435",22000.00
"2023-03-25 20:42:56.875617",90000.00
"2023-03-25 21:07:31.910253",225000.00
"2023-03-25 22:09:52.953066",340000.00
"2023-03-25 22:26:34.767535",5000.00
"2023-03-25 22:29:06.610676",72000.00
"2023-03-25 23:19:23.043985",2500.00
"2023-03-26 00:21:58.2674",170000.00
"2023-03-26 01:08:56.18275",85000.00
"2023-03-26 02:32:38.558001",5500.00
"2023-03-26 02:37:31.925801",340000.00
"2023-03-26 03:54:31.980002",170000.00
"2023-03-26 04:09:43.385611",22000.00
"2023-03-26 04:23:26.712928",85000.00
"2023-03-26 05:47:58.704213",72000.00
"2023-03-26 07:08:55.855957",1350000.00
"2023-03-26 07:09:44.219159",640000.00
"2023-03-26 08:53:12.619531",25000.00
"2023-03-26 09:43:27.428308",2500.00
"2023-03-26 10:22:06.191161",22000.00
"2023-03-26 11:06:54.224352",11000.00
"2023-03-26 11:42:52.289298",900000.00
"2023-03-26 11:58:24.143596",6000.00
"2023-03-26 13:06:30.57995",90000.00
"2023-03-26 13:50:00.215859",18000.00
"2023-03-26 14:01:49.416773",6000.00
"2023-03-26 14:33:29.823583",1280000.00
"2023-03-26 14:47:19.990598",2250000.00
"2023-03-26 14:53:45.506916",12000.00
"2023-03-26 14:56:27.305016",11000.00
"2023-03-26 15:04:01.006285",135000.00
"2023-03-26 16:34:49.107763",85000.00
"2023-03-26 18:30:27.170954",18000.00
"2023-03-26 19:07:23.468786",24000.00
"2023-03-26 20:33:39.98135",85000.00
"2023-03-26 22:14:03.854213",25000.00
"2023-03-26 22:44:28.367599",340000.00
"2023-03-27 00:13:36.767063",2250000.00
"2023-03-27 00:26:14.034929",16500.00
"2023-03-27 02:45:42.498489",6000.00
"2023-03-27 03:35:57.70149",30000.00
"2023-03-27 04:06:23.390208",18000.00
"2023-03-27 05:18:02.461119",6000.00
"2023-03-27 05:35:56.491968",180000.00
"2023-03-27 05:37:33.786468",85000.00
"2023-03-27 08:00:57.321014",7500.00
"2023-03-27 09:18:44.913631",10000.00
"2023-03-27 10:30:38.404667",25000.00
"2023-03-27 10:32:04.716747",12500.00
"2023-03-27 10:56:33.426549",54000.00
"2023-03-27 11:10:24.616308",20000.00
"2023-03-27 11:47:32.343597",5000.00
"2023-03-27 14:53:49.494316",2500.00
"2023-03-27 16:39:21.936928",255000.00
"2023-03-27 17:18:59.367444",6000.00
"2023-03-27 19:22:16.472563",5500.00
"2023-03-27 22:21:29.768186",1350000.00
"2023-03-27 22:40:56.85117",1600000.00
"2023-03-28 00:46:51.982669",10000.00
"2023-03-28 04:31:04.908684",6000.00
"2023-03-28 06:27:22.301481",170000.00
"2023-03-28 06:44:07.450257",12500.00
"2023-03-28 08:12:18.432539",27500.00
"2023-03-28 10:55:08.043316",22000.00
"2023-03-28 11:26:25.465232",27500.00
"2023-03-28 12:00:34.627437",320000.00
"2023-03-28 16:51:15.428797",1800000.00
"2023-03-28 17:50:45.429436",10000.00
"2023-03-28 20:13:24.632103",5000.00
"2023-03-28 20:32:04.495738",320000.00
"2023-03-28 21:03:09.142926",320000.00
"2023-03-28 21:25:05.580712",1280000.00
"2023-03-28 22:39:06.089155",170000.00
"2023-03-28 22:48:02.238339",10000.00
"2023-03-28 23:34:27.793792",450000.00
"2023-03-29 00:22:16.144536",10000.00
"2023-03-29 00:52:43.27777",1600000.00
"2023-03-29 01:19:14.273548",90000.00
"2023-03-29 01:45:50.309808",960000.00
"2023-03-29 02:37:56.585277",5500.00
"2023-03-29 02:53:38.467035",225000.00
"2023-03-29 02:56:27.918439",2250000.00
"2023-03-29 03:29:34.073004",12500.00
"2023-03-29 03:32:57.474582",18000.00
"2023-03-29 05:14:56.255531",25000.00
"2023-03-29 06:35:29.278201",85000.00
"2023-03-29 06:39:21.832022",90000.00
"2023-03-29 07:25:55.140994",5000.00
"2023-03-29 07:37:17.988696",5000.00
"2023-03-29 08:10:47.266798",900000.00
"2023-03-29 08:32:39.60018",135000.00
"2023-03-29 08:33:35.375147",90000.00
"2023-03-29 09:49:50.951997",90000.00
"2023-03-29 10:33:34.746264",90000.00
"2023-03-29 10:38:00.106191",180000.00
"2023-03-29 10:47:54.891541",12500.00
"2023-03-29 11:00:28.695683",2250000.00
"2023-03-29 12:39:02.935992",5500.00
"2023-03-29 15:43:27.371984",640000.00
"2023-03-29 16:29:24.75744",1350000.00
"2023-03-29 18:06:06.685183",85000.00
"2023-03-29 18:45:24.533462",45000.00
"2023-03-29 19:25:32.962458",900000.00
"2023-03-29 19:54:38.301975",5000.00
"2023-03-29 20:58:26.811711",5500.00
"2023-03-29 21:25:08.144087",5000.00
"2023-03-29 23:18:17.236686",16500.00
"2023-03-30 00:54:47.9736",25000.00
"2023-03-30 01:47:24.752298",6000.00
"2023-03-30 02:49:37.039421",10000.00
"2023-03-30 03:56:21.096634",72000.00
"2023-03-30 09:39:44.992948",135000.00
"2023-03-30 11:48:54.762518",18000.00
"2023-03-30 13:36:05.107021",255000.00
"2023-03-30 14:44:56.062274",85000.00
"2023-03-30 15:03:20.373009",36000.00
"2023-03-30 15:39:56.590503",960000.00
"2023-03-30 18:19:36.398555",20000.00
"2023-03-30 20:05:45.36975",12500.00
"2023-03-30 22:01:43.227754",1800000.00
"2023-03-30 22:58:38.878176",10000.00
"2023-03-30 23:22:14.32538",36000.00
"2023-03-30 23:22:38.347372",1350000.00
"2023-03-31 00:54:58.643884",54000.00
"2023-03-31 01:03:42.635294",1600000.00
"2023-03-31 01:32:46.665819",2250000.00
"2023-03-31 03:26:43.148849",7500.00
"2023-03-31 04:16:07.278012",1350000.00
"2023-03-31 06:42:22.433689",640000.00
"2023-03-31 06:42:31.57535",2500.00
"2023-03-31 07:47:43.324336",12000.00
"2023-03-31 08:35:19.123258",20000.00
"2023-03-31 12:01:51.655978",85000.00
"2023-03-31 14:11:58.999997",1600000.00
"2023-03-31 14:44:25.033933",10000.00
"2023-03-31 15:55:16.420386",640000.00
"2023-03-31 16:46:00.399055",20000.00
"2023-03-31 17:36:41.208145",340000.00
"2023-03-31 20:11:59.514276",90000.00
"2023-03-31 20:30:03.729853",225000.00
"2023-03-31 21:38:35.787399",45000.00
"2023-03-31 21:39:23.929359",54000.00
"2023-03-31 22:13:40.721186",450000.00
"2023-03-31 22:36:23.012039",1800000.00
"2023-03-31 23:07:07.054194",1800000.00
"2023-04-01 00:37:30.867791",72000.00
"2023-04-01 01:24:17.729433",30000.00
"2023-04-01 04:35:52.824266",25000.00
"2023-04-01 04:44:34.100425",5000.00
"2023-04-01 04:44:56.735027",16500.00
"2023-04-01 06:07:56.571893",10000.00
"2023-04-01 06:28:52.41152",1280000.00
"2023-04-01 06:58:09.231189",25000.00
"2023-04-01 07:32:10.591861",1280000.00
"2023-04-01 07:51:32.623132",170000.00
"2023-04-01 08:04:21.422378",12500.00
"2023-04-01 08:58:28.856924",135000.00
"2023-04-01 09:27:57.107086",12000.00
"2023-04-01 10:08:28.19046",320000.00
"2023-04-01 10:38:46.03332",18000.00
"2023-04-01 11:04:43.116543",5500.00
"2023-04-01 12:50:24.986456",10000.00
"2023-04-01 12:51:32.238014",225000.00
"2023-04-01 13:15:54.189037",5000.00
"2023-04-01 13:23:33.189215",6000.00
"2023-04-01 14:24:33.751057",72000.00
"2023-04-01 20:07:58.019967",85000.00
"2023-04-01 20:27:43.904282",340000.00
"2023-04-01 21:07:42.593337",2500.00
"2023-04-01 21:16:01.96502",45000.00
"2023-04-01 21:53:59.174054",12000.00
"2023-04-01 22:03:08.636372",16500.00
"2023-04-01 23:46:50.885786",450000.00
"2023-04-02 00:18:05.752649",2250000.00
"2023-04-02 00:18:41.533003",225000.00
"2023-04-02 00:21:12.680525",170000.00
"2023-04-02 02:32:57.297116",1600000.00
"2023-04-02 04:07:26.173671",12000.00
"2023-04-02 04:48:45.548965",135000.00
"2023-04-02 09:01:58.168123",12000.00
"2023-04-02 09:02:47.963144",72000.00
"2023-04-02 11:12:39.925637",11000.00
"2023-04-02 11:53:38.319603",25000.00
"2023-04-02 12:15:26.379191",1600000.00
"2023-04-02 15:39:22.42782",72000.00
"2023-04-02 17:07:58.932651",135000.00
"2023-04-02 18:24:51.281462",6000.00
"2023-04-02 18:46:08.423931",340000.00
"2023-04-02 22:46:00.801801",320000.00
"2023-04-02 23:22:03.566489",135000.00
"2023-04-02 23:56:25.608238",5500.00
"2023-04-03 01:04:42.217386",12500.00
"2023-04-03 02:01:04.83571",27500.00
"2023-04-03 02:38:02.270206",135000.00
"2023-04-03 03:11:25.068928",180000.00
"2023-04-03 04:14:28.631376",320000.00
"2023-04-03 04:58:46.869033",7500.00
"2023-04-03 05:03:29.761922",900000.00
"2023-04-03 05:53:55.259423",255000.00
"2023-04-03 06:02:32.222467",16500.00
"2023-04-03 06:20:41.906465",36000.00
"2023-04-03 07:36:09.9603",5500.00
"2023-04-03 07:46:49.266081",27500.00
"2023-04-03 08:13:26.658649",5000.00
"2023-04-03 08:18:04.378634",225000.00
"2023-04-03 09:05:27.307584",1280000.00
"2023-04-03 09:51:00.963754",135000.00
"2023-04-03 11:38:07.695573",45000.00
"2023-04-03 12:30:58.517685",30000.00
"2023-04-03 12:51:08.639978",10000.00
"2023-04-03 15:05:41.510922",900000.00
"2023-04-03 16:13:45.203944",6000.00
"2023-04-03 16:25:38.853426",10000.00
"2023-04-03 17:17:05.053915",12500.00
"2023-04-03 18:21:58.089562",2500.00
"2023-04-03 18:39:15.987054",16500.00
"2023-04-03 20:05:16.119064",85000.00
"2023-04-03 20:08:04.198821",5500.00
"2023-04-03 20:55:20.216094",36000.00
"2023-04-03 21:26:53.966945",1350000.00
"2023-04-03 22:01:04.538884",90000.00
"2023-04-03 22:36:28.569147",18000.00
"2023-04-03 23:00:37.511447",450000.00
"2023-04-04 01:39:39.62111",72000.00
"2023-04-04 03:08:12.435819",10000.00
"2023-04-04 03:09:29.82049",25000.00
"2023-04-04 03:13:00.885051",22000.00
"2023-04-04 04:37:25.780945",18000.00
"2023-04-04 04:52:53.840092",54000.00
"2023-04-04 07:20:44.526004",1600000.00
"2023-04-04 07:47:33.45534",45000.00
"2023-04-04 08:21:06.15971",54000.00
"2023-04-04 08:22:53.166125",45000.00
"2023-04-04 09:24:52.854266",20000.00
"2023-04-04 10:40:23.111122",12000.00
"2023-04-04 10:43:06.702797",225000.00
"2023-04-04 13:21:13.591887",10000.00
"2023-04-04 13:43:09.026239",20000.00
"2023-04-04 17:14:40.80616",45000.00
"2023-04-04 18:03:55.810724",1800000.00
"2023-04-04 18:07:21.862977",22000.00
"2023-04-04 19:19:56.62224",24000.00
"2023-04-04 19:41:20.899506",20000.00
"2023-04-04 20:09:19.052268",12000.00
"2023-04-04 20:51:35.718628",25000.00
"2023-04-04 20:57:19.74863",18000.00
"2023-04-04 23:38:41.955398",24000.00
"2023-04-04 23:38:53.960483",36000.00
"2023-04-04 23:58:22.156603",5000.00
"2023-04-05 01:20:10.118382",1800000.00
"2023-04-05 01:34:40.121044",450000.00
"2023-04-05 01:54:04.623736",320000.00
"2023-04-05 02:11:40.785676",72000.00
"2023-04-05 04:43:29.253935",24000.00
"2023-04-05 04:45:10.900117",960000.00
"2023-04-05 04:59:23.998584",85000.00
"2023-04-05 06:16:12.369239",960000.00
"2023-04-05 08:03:26.392533",5000.00
"2023-04-05 11:05:10.95145",5000.00
"2023-04-05 12:09:56.725907",10000.00
"2023-04-05 12:53:52.784808",2500.00
"2023-04-05 14:01:41.903018",170000.00
"2023-04-05 17:18:17.28391",900000.00
"2023-04-05 18:19:19.070003",30000.00
"2023-04-05 19:56:03.820058",5000.00
"2023-04-05 20:29:20.922939",22000.00
"2023-04-05 22:37:39.582998",5500.00
"2023-04-05 22:42:13.591674",340000.00
"2023-04-05 23:42:36.171167",11000.00
"2023-04-06 00:11:24.013374",320000.00
"2023-04-06 00:16:39.855746",54000.00
"2023-04-06 00:31:12.371443",225000.00
"2023-04-06 01:58:34.974394",11000.00
"2023-04-06 04:23:33.089647",30000.00
"2023-04-06 04:48:57.478103",6000.00
"2023-04-06 06:18:28.070603",85000.00
"2023-04-06 07:20:40.632628",900000.00
"2023-04-06 07:21:45.473928",255000.00
"2023-04-06 08:39:38.230022",45000.00
"2023-04-06 13:01:11.928301",12500.00
"2023-04-06 13:04:08.938941",6000.00
"2023-04-06 13:24:57.389818",27500.00
"2023-04-06 14:53:57.754378",24000.00
"2023-04-06 15:46:07.221991",27500.00
"2023-04-06 17:31:24.031587",5500.00
"2023-04-06 17:47:31.599157",22000.00
"2023-04-06 18:04:27.612075",10000.00
"2023-04-06 19:50:32.660501",10000.00
"2023-04-06 21:54:41.223519",90000.00
"2023-04-06 23:36:37.767349",225000.00
"2023-04-07 03:38:08.020808",27500.00
"2023-04-07 04:43:17.101833",22000.00
"2023-04-07 05:33:29.710147",1280000.00
"2023-04-07 06:37:40.959697",225000.00
"2023-04-07 08:08:55.211592",27500.00
"2023-04-07 08:43:42.930019",960000.00
"2023-04-07 09:50:17.560041",180000.00
"2023-04-07 11:02:27.48081",45000.00
"2023-04-07 11:42:42.548016",25000.00
"2023-04-07 14:36:53.432682",85000.00
"2023-04-07 15:30:15.837068",12500.00
"2023-04-07 16:26:37.406669",135000.00
"2023-04-07 23:29:11.907244",135000.00
"2023-04-08 00:21:38.185045",45000.00
"2023-04-08 02:02:40.972538",27500.00
"2023-04-08 03:51:32.231167",1800000.00
"2023-04-08 03:58:21.395234",5500.00
"2023-04-08 04:59:13.004419",45000.00
"2023-04-08 06:21:39.44333",15000.00
"2023-04-08 06:48:23.790584",18000.00
"2023-04-08 07:30:03.883159",90000.00
"2023-04-08 10:11:12.793315",5500.00
"2023-04-08 11:13:20.246846",45000.00
"2023-04-08 13:22:16.014261",27500.00
"2023-04-08 14:42:14.589726",45000.00
"2023-04-08 15:08:54.637145",90000.00
"2023-04-08 15:27:02.324155",7500.00
"2023-04-08 15:37:37.126211",225000.00
"2023-04-08 16:36:53.468791",54000.00
"2023-04-08 16:51:37.912049",90000.00
"2023-04-08 16:56:55.765213",54000.00
"2023-04-08 17:48:56.295801",7500.00
"2023-04-08 18:03:50.274802",1280000.00
"2023-04-08 18:52:42.240692",22000.00
"2023-04-08 18:53:57.064789",255000.00
"2023-04-08 21:08:31.630124",12500.00
"2023-04-09 00:47:49.946314",18000.00
"2023-04-09 01:25:01.742919",16500.00
"2023-04-09 02:26:58.57343",960000.00
"2023-04-09 03:03:05.925739",45000.00
"2023-04-09 03:56:33.498455",320000.00
"2023-04-09 03:58:40.495519",1800000.00
"2023-04-09 05:01:19.540886",225000.00
"2023-04-09 05:02:30.899087",1350000.00
"2023-04-09 05:18:44.096372",12000.00
"2023-04-09 06:45:59.766273",2500.00
"2023-04-09 06:57:22.293553",15000.00
"2023-04-09 07:56:45.252252",2250000.00
"2023-04-09 09:01:34.734209",18000.00
"2023-04-09 10:22:37.71491",25000.00
"2023-04-09 11:35:51.150817",11000.00
"2023-04-09 12:01:57.727647",12000.00
"2023-04-09 12:16:19.015889",18000.00
"2023-04-09 13:13:30.486713",5000.00
"2023-04-09 13:16:26.435057",18000.00
"2023-04-09 16:36:57.063588",425000.00
"2023-04-09 17:31:41.454862",10000.00
"2023-04-09 18:37:58.752144",22000.00
"2023-04-09 20:44:31.569422",170000.00
"2023-04-09 23:17:12.420354",5000.00
"2023-04-09 23:44:30.592817",30000.00
"2023-04-10 00:59:59.516395",6000.00
"2023-04-10 01:28:19.883356",2250000.00
"2023-04-10 02:01:44.15383",5500.00
"2023-04-10 02:06:08.20497",135000.00
"2023-04-10 02:06:17.007251",7500.00
"2023-04-10 04:16:57.623911",18000.00
"2023-04-10 04:27:46.832501",255000.00
"2023-04-10 04:54:48.393053",25000.00
"2023-04-10 05:14:51.253804",2500.00
"2023-04-10 06:45:36.21082",30000.00
"2023-04-10 07:18:51.232956",1280000.00
"2023-04-10 08:02:49.02271",170000.00
"2023-04-10 08:14:29.16228",5500.00
"2023-04-10 08:44:20.875922",12500.00
"2023-04-10 09:45:36.402317",90000.00
"2023-04-10 10:46:02.601012",1800000.00
"2023-04-10 12:03:01.703128",36000.00
"2023-04-10 12:17:28.775773",18000.00
"2023-04-10 12:42:23.481249",5500.00
"2023-04-10 13:40:20.427975",5000.00
"2023-04-10 13:46:34.268449",6000.00
"2023-04-10 13:49:40.040658",255000.00
"2023-04-10 15:00:47.317592",320000.00
"2023-04-10 15:02:44.98393",12000.00
"2023-04-10 15:32:46.433016",135000.00
"2023-04-10 16:07:24.938002",54000.00
"2023-04-10 17:24:41.653292",11000.00
"2023-04-10 17:56:45.302663",18000.00
"2023-04-10 19:27:21.290279",10000.00
"2023-04-10 20:05:09.238561",1600000.00
"2023-04-10 21:25:15.403753",11000.00
"2023-04-10 21:38:00.998407",2250000.00
"2023-04-10 21:40:44.990209",18000.00
"2023-04-10 22:32:31.878434",54000.00
"2023-04-10 22:50:55.729607",340000.00
"2023-04-10 23:04:52.739071",1800000.00
"2023-04-10 23:38:08.30296",18000.00
"2023-04-11 00:00:38.402278",30000.00
"2023-04-11 00:50:22.943193",6000.00
"2023-04-11 01:05:24.036937",180000.00
"2023-04-11 01:44:25.349749",2250000.00
"2023-04-11 01:56:09.618753",25000.00
"2023-04-11 02:00:48.844065",22000.00
"2023-04-11 03:32:21.776098",1280000.00
"2023-04-11 04:56:54.111968",6000.00
"2023-04-11 05:45:50.364667",960000.00
"2023-04-11 06:36:46.449701",10000.00
"2023-04-11 07:21:13.361625",12500.00
"2023-04-11 07:38:18.519916",25000.00
"2023-04-11 07:45:09.673608",36000.00
"2023-04-11 07:59:20.714641",25000.00
"2023-04-11 10:58:01.929307",72000.00
"2023-04-11 11:28:01.582522",45000.00
"2023-04-11 11:52:24.442246",85000.00
"2023-04-11 12:05:17.327016",25000.00
"2023-04-11 12:17:06.13781",10000.00
"2023-04-11 13:51:42.362201",30000.00
"2023-04-11 14:24:41.421929",15000.00
"2023-04-11 15:01:44.357044",18000.00
"2023-04-11 16:05:44.700029",10000.00
"2023-04-11 16:14:34.740373",170000.00
"2023-04-11 17:34:31.801787",450000.00
"2023-04-11 17:44:29.995541",2500.00
"2023-04-11 18:09:01.90694",5000.00
"2023-04-11 18:23:57.842927",135000.00
"2023-04-11 20:13:29.384284",1800000.00
"2023-04-11 20:51:32.643397",135000.00
"2023-04-11 21:40:09.522724",900000.00
"2023-04-11 22:28:17.059326",960000.00
"2023-04-11 23:07:54.785842",20000.00
"2023-04-12 02:12:46.253999",11000.00
"2023-04-12 02:34:59.222892",12000.00
"2023-04-12 02:48:07.605708",24000.00
"2023-04-12 03:45:02.003952",10000.00
"2023-04-12 04:34:56.687892",2500.00
"2023-04-12 04:55:48.378489",25000.00
"2023-04-12 05:15:34.295119",2500.00
"2023-04-12 05:37:28.827207",12500.00
"2023-04-12 06:00:42.893115",10000.00
"2023-04-12 07:56:34.124182",54000.00
"2023-04-12 07:58:06.593369",1800000.00
"2023-04-12 09:08:07.099243",12000.00
"2023-04-12 09:40:52.539799",25000.00
"2023-04-12 12:21:12.093607",425000.00
"2023-04-12 12:45:50.175457",25000.00
"2023-04-12 13:37:02.706533",135000.00
"2023-04-12 14:14:14.669846",10000.00
"2023-04-12 15:05:43.028755",12500.00
"2023-04-12 17:32:27.215995",180000.00
"2023-04-12 18:04:34.993729",5000.00
"2023-04-12 18:58:24.625458",225000.00
"2023-04-12 19:02:04.057403",25000.00
"2023-04-12 19:04:55.4219",180000.00
"2023-04-12 19:27:10.18095",20000.00
"2023-04-12 20:19:59.961122",1800000.00
"2023-04-12 20:39:50.029093",425000.00
"2023-04-12 21:23:52.280536",27500.00
"2023-04-12 21:34:22.616986",5000.00
"2023-04-13 00:18:08.557022",30000.00
"2023-04-13 00:26:55.778984",170000.00
"2023-04-13 02:14:55.566451",10000.00
"2023-04-13 02:45:02.603837",135000.00
"2023-04-13 03:54:56.578446",900000.00
"2023-04-13 04:12:15.440737",1800000.00
"2023-04-13 06:58:22.791005",24000.00
"2023-04-13 07:16:42.87874",1800000.00
"2023-04-13 09:40:47.873683",180000.00
"2023-04-13 12:18:55.220832",18000.00
"2023-04-13 13:27:28.634086",1350000.00
"2023-04-13 13:27:48.75724",25000.00
"2023-04-13 13:43:09.770994",12500.00
"2023-04-13 14:10:13.665237",27500.00
"2023-04-13 14:20:31.562357",135000.00
"2023-04-13 14:37:15.083817",11000.00
"2023-04-13 15:47:20.822211",45000.00
"2023-04-13 17:00:45.237403",5000.00
"2023-04-13 17:43:11.13995",90000.00
"2023-04-14 02:25:04.777819",90000.00
"2023-04-14 02:53:26.228514",27500.00
"2023-04-14 04:19:51.162247",90000.00
"2023-04-14 04:40:38.613655",10000.00
"2023-04-14 04:57:24.693244",22000.00
"2023-04-14 06:35:01.628172",12500.00
"2023-04-14 08:02:26.483843",22000.00
"2023-04-14 09:14:44.45795",425000.00
"2023-04-14 09:31:28.762475",960000.00
"2023-04-14 09:52:10.460331",6000.00
"2023-04-14 09:58:50.380899",16500.00
"2023-04-14 10:56:09.377862",450000.00
"2023-04-14 13:23:34.866531",90000.00
"2023-04-14 14:05:13.277488",170000.00
"2023-04-14 15:00:46.463096",90000.00
"2023-04-14 17:25:48.060214",24000.00
"2023-04-14 18:32:53.765085",6000.00
"2023-04-14 18:52:24.162041",22000.00
"2023-04-14 20:18:38.799001",12500.00
"2023-04-14 21:10:42.22366",225000.00
"2023-04-14 21:48:18.008931",54000.00
"2023-04-14 22:25:01.111447",10000.00
"2023-04-14 23:23:11.858089",20000.00
"2023-04-15 00:01:10.128283",54000.00
"2023-04-15 04:46:41.098846",18000.00
"2023-04-15 04:49:39.723294",12000.00
"2023-04-15 05:33:49.912504",90000.00
"2023-04-15 08:21:17.397996",22000.00
"2023-04-15 09:03:00.273062",10000.00
"2023-04-15 10:11:29.34592",180000.00
"2023-04-15 11:05:46.19567",255000.00
"2023-04-15 12:20:45.753024",12000.00
"2023-04-15 13:32:20.605199",85000.00
"2023-04-15 14:13:38.85166",2500.00
"2023-04-15 14:56:51.690852",24000.00
"2023-04-15 18:03:57.842323",45000.00
"2023-04-15 18:33:49.388183",90000.00
"2023-04-15 23:14:55.800645",180000.00
"2023-04-15 23:17:34.470427",6000.00
"2023-04-16 00:04:10.882784",450000.00
"2023-04-16 00:32:55.512552",24000.00
"2023-04-16 00:49:36.735743",54000.00
"2023-04-16 03:40:19.116708",72000.00
"2023-04-16 03:40:22.392993",20000.00
"2023-04-16 05:36:48.135936",425000.00
"2023-04-16 06:07:42.596984",20000.00
"2023-04-16 06:51:03.638632",180000.00
"2023-04-16 08:10:23.11959",5000.00
"2023-04-16 09:15:39.844611",25000.00
"2023-04-16 10:13:33.640588",85000.00
"2023-04-16 11:40:24.306273",18000.00
"2023-04-16 14:18:26.379379",10000.00
"2023-04-16 15:31:08.937771",450000.00
"2023-04-16 16:23:45.118926",15000.00
"2023-04-16 17:25:55.971319",45000.00
"2023-04-16 17:35:45.392114",90000.00
"2023-04-16 18:12:56.0219",24000.00
"2023-04-16 18:32:09.109472",5500.00
"2023-04-16 19:01:43.613153",340000.00
"2023-04-16 19:02:00.595556",320000.00
"2023-04-16 20:05:49.84323",24000.00
"2023-04-16 21:54:42.732451",340000.00
"2023-04-16 22:10:04.790537",640000.00
"2023-04-17 00:33:38.238967",320000.00
"2023-04-17 01:17:19.49437",90000.00
"2023-04-17 03:05:38.055835",225000.00
"2023-04-17 03:50:43.335071",1350000.00
"2023-04-17 04:24:19.231635",5000.00
"2023-04-17 04:55:49.439277",20000.00
"2023-04-17 05:28:47.427936",2250000.00
"2023-04-17 09:10:31.043417",54000.00
"2023-04-17 09:36:41.857091",45000.00
"2023-04-17 09:43:08.366797",54000.00
"2023-04-17 10:33:49.424882",90000.00
"2023-04-17 11:21:19.419817",1350000.00
"2023-04-17 12:24:01.564791",30000.00
"2023-04-17 16:02:03.095268",135000.00
"2023-04-17 16:07:52.061657",225000.00
"2023-04-17 16:18:10.806532",340000.00
"2023-04-17 17:11:41.63562",2500.00
"2023-04-17 17:32:00.006601",450000.00
"2023-04-17 18:47:41.177621",6000.00
"2023-04-17 20:25:34.563128",25000.00
"2023-04-17 21:04:11.84928",2250000.00
"2023-04-18 01:14:01.972327",11000.00
"2023-04-18 05:14:12.292926",22000.00
"2023-04-18 05:17:01.736596",10000.00
"2023-04-18 05:48:30.267188",5000.00
"2023-04-18 05:51:29.897424",7500.00
"2023-04-18 06:17:12.323158",22000.00
"2023-04-18 06:38:22.308665",85000.00
"2023-04-18 07:00:10.443506",20000.00
"2023-04-18 07:11:51.83676",5000.00
"2023-04-18 08:00:03.985008",1350000.00
"2023-04-18 08:26:03.440948",7500.00
"2023-04-18 12:46:52.381709",170000.00
"2023-04-18 12:59:23.723534",6000.00
"2023-04-18 13:23:27.267069",640000.00
"2023-04-18 14:50:40.114392",340000.00
"2023-04-18 14:56:25.823216",18000.00
"2023-04-18 15:17:58.491303",6000.00
"2023-04-18 15:21:37.225859",135000.00
"2023-04-18 15:58:52.539503",6000.00
"2023-04-18 18:28:55.357893",450000.00
"2023-04-18 18:43:12.551962",12000.00
"2023-04-18 19:29:06.444679",72000.00
"2023-04-18 19:34:44.009213",960000.00
"2023-04-18 21:05:34.483434",72000.00
"2023-04-18 21:18:21.764802",30000.00
"2023-04-18 21:44:20.321925",12500.00
"2023-04-18 21:57:04.41269",18000.00
"2023-04-18 23:30:07.911367",11000.00
"2023-04-19 00:07:27.355727",90000.00
"2023-04-19 00:34:08.232919",16500.00
"2023-04-19 00:51:31.475897",170000.00
"2023-04-19 02:42:16.625728",90000.00
"2023-04-19 03:14:13.394913",170000.00
"2023-04-19 03:39:01.188075",340000.00
"2023-04-19 04:25:33.021794",18000.00
"2023-04-19 04:38:22.177464",22000.00
"2023-04-19 05:16:15.827393",5000.00
"2023-04-19 08:48:52.015368",90000.00
"2023-04-19 09:49:25.743505",15000.00
"2023-04-19 09:49:33.217462",10000.00
"2023-04-19 10:27:31.068298",900000.00
"2023-04-19 11:35:51.741828",1350000.00
"2023-04-19 12:08:49.929339",340000.00
"2023-04-19 16:29:40.558642",12500.00
"2023-04-19 18:07:59.780933",180000.00
"2023-04-19 18:30:08.299272",24000.00
"2023-04-19 19:24:29.193479",18000.00
"2023-04-19 22:26:17.757134",90000.00
"2023-04-20 01:32:48.717357",90000.00
"2023-04-20 02:57:57.634525",90000.00
"2023-04-20 04:26:21.465519",20000.00
"2023-04-20 06:00:40.653698",1800000.00
"2023-04-20 06:22:54.560008",340000.00
"2023-04-20 07:10:14.630867",340000.00
"2023-04-20 08:23:56.240548",1800000.00
"2023-04-20 08:36:38.734615",90000.00
"2023-04-20 09:12:24.701941",450000.00
"2023-04-20 11:21:50.46987",45000.00
"2023-04-20 12:15:56.705439",72000.00
"2023-04-20 14:48:47.857357",1350000.00
"2023-04-20 16:36:41.619436",1800000.00
"2023-04-20 16:58:13.68775",7500.00
"2023-04-20 18:23:32.95657",24000.00
"2023-04-20 19:11:55.399878",24000.00
"2023-04-20 19:20:53.703949",180000.00
"2023-04-20 21:06:09.534624",15000.00
"2023-04-20 21:18:42.650586",11000.00
"2023-04-20 22:16:41.821667",36000.00
"2023-04-20 22:20:43.313342",18000.00
"2023-04-20 22:31:33.535695",960000.00
"2023-04-21 00:05:09.900517",22000.00
"2023-04-21 01:03:43.572577",1350000.00
"2023-04-21 02:11:50.825674",640000.00
"2023-04-21 02:45:59.269298",900000.00
"2023-04-21 02:46:55.508956",18000.00
"2023-04-21 05:21:34.075116",15000.00
"2023-04-21 05:27:49.921665",24000.00
"2023-04-21 05:58:45.636117",15000.00
"2023-04-21 06:04:56.993789",425000.00
"2023-04-21 06:12:39.040888",36000.00
"2023-04-21 06:19:02.946702",27500.00
"2023-04-21 08:33:25.052302",1350000.00
"2023-04-21 09:19:10.412377",7500.00
"2023-04-21 10:33:39.553169",11000.00
"2023-04-21 10:46:25.5242",2250000.00
"2023-04-21 11:47:03.138753",5000.00
"2023-04-21 12:15:01.12206",72000.00
"2023-04-21 12:40:57.989415",11000.00
"2023-04-21 13:03:49.336147",170000.00
"2023-04-21 13:14:51.113852",16500.00
"2023-04-21 13:41:23.626929",340000.00
"2023-04-21 15:29:10.259204",900000.00
"2023-04-21 16:49:06.950939",320000.00
"2023-04-21 18:16:13.379871",5000.00
"2023-04-21 18:50:40.661755",45000.00
"2023-04-21 19:10:51.327652",340000.00
"2023-04-21 21:04:03.441003",18000.00
"2023-04-21 21:17:27.350582",1600000.00
"2023-04-21 21:26:26.412773",2250000.00
"2023-04-21 21:59:48.419337",36000.00
"2023-04-21 22:07:20.314456",340000.00
"2023-04-21 22:34:17.255921",340000.00
"2023-04-21 22:50:52.531703",135000.00
"2023-04-21 22:57:18.457921",12000.00
"2023-04-22 03:17:57.27856",85000.00
"2023-04-22 04:02:13.836815",30000.00
"2023-04-22 04:18:52.955575",18000.00
"2023-04-22 04:38:26.500392",27500.00
"2023-04-22 06:50:18.191987",85000.00
"2023-04-22 07:11:43.013728",27500.00
"2023-04-22 09:08:50.115967",85000.00
"2023-04-22 10:08:45.904822",5000.00
"2023-04-22 11:43:28.794761",170000.00
"2023-04-22 12:07:09.756355",36000.00
"2023-04-22 12:17:40.786485",15000.00
"2023-04-22 14:43:34.280053",7500.00
"2023-04-23 00:04:23.840683",36000.00
"2023-04-23 01:16:54.762374",450000.00
"2023-04-23 01:19:37.462251",18000.00
"2023-04-23 02:55:04.686464",27500.00
"2023-04-23 04:04:07.771819",24000.00
"2023-04-23 04:18:33.615739",24000.00
"2023-04-23 04:52:49.044097",72000.00
"2023-04-23 08:15:02.857968",18000.00
"2023-04-23 11:35:21.407258",54000.00
"2023-04-23 12:09:31.023505",1800000.00
"2023-04-23 13:21:38.03214",225000.00
"2023-04-23 13:47:15.661942",72000.00
"2023-04-23 14:20:21.365587",10000.00
"2023-04-23 15:28:36.125641",135000.00
"2023-04-23 15:32:15.786863",18000.00
"2023-04-23 15:35:11.615802",425000.00
"2023-04-23 16:49:13.137293",2500.00
"2023-04-23 17:45:25.076035",5500.00
"2023-04-23 18:03:49.591837",450000.00
"2023-04-23 18:26:28.851797",30000.00
"2023-04-23 21:34:20.744823",10000.00
"2023-04-23 21:38:03.4141",24000.00
"2023-04-23 23:46:43.328286",640000.00
"2023-04-24 00:04:09.394351",16500.00
"2023-04-24 01:25:38.709531",5000.00
"2023-04-24 01:26:51.432198",45000.00
"2023-04-24 02:17:14.197874",135000.00
"2023-04-24 03:26:18.148785",85000.00
"2023-04-24 03:59:16.78357",20000.00
"2023-04-24 04:50:08.714801",72000.00
"2023-04-24 05:32:35.787757",10000.00
"2023-04-24 06:40:45.291944",15000.00
"2023-04-24 07:46:26.654885",900000.00
"2023-04-24 07:55:52.737729",24000.00
"2023-04-24 10:07:08.760315",18000.00
"2023-04-24 10:19:06.247109",5500.00
"2023-04-24 10:39:50.646149",54000.00
"2023-04-24 11:16:02.362294",2500.00
"2023-04-24 11:35:16.774052",340000.00
"2023-04-24 13:09:54.304675",640000.00
"2023-04-24 14:40:32.544747",11000.00
"2023-04-24 14:43:08.193403",1280000.00
"2023-04-24 15:12:20.384654",90000.00
"2023-04-24 15:43:06.225619",15000.00
"2023-04-24 17:40:56.095779",45000.00
"2023-04-24 17:58:38.923662",450000.00
"2023-04-24 18:40:04.381031",1600000.00
"2023-04-24 18:54:16.011942",255000.00
"2023-04-24 19:19:49.173838",18000.00
"2023-04-24 19:24:54.478625",45000.00
"2023-04-24 19:31:14.743198",54000.00
"2023-04-24 19:51:59.223019",1800000.00
"2023-04-24 20:28:22.104893",27500.00
"2023-04-24 22:04:29.043956",12500.00
"2023-04-24 23:45:40.811263",1600000.00
"2023-04-25 00:26:46.084134",7500.00
"2023-04-25 00:37:25.005952",5500.00
"2023-04-25 01:30:02.540856",180000.00
"2023-04-25 04:23:47.79807",18000.00
"2023-04-25 05:49:23.277626",12500.00
"2023-04-25 08:27:15.476105",24000.00
"2023-04-25 08:40:16.678288",2500.00
"2023-04-25 09:57:51.600124",72000.00
"2023-04-25 10:01:44.375099",90000.00
"2023-04-25 10:29:34.59492",24000.00
"2023-04-25 11:03:41.765222",54000.00
"2023-04-25 11:09:32.466613",255000.00
"2023-04-25 11:16:55.653686",12000.00
"2023-04-25 11:20:31.236772",24000.00
"2023-04-25 14:10:42.115281",90000.00
"2023-04-25 16:20:24.152413",425000.00
"2023-04-25 17:12:05.94152",135000.00
"2023-04-25 18:14:01.950118",5000.00
"2023-04-25 18:19:42.282382",425000.00
"2023-04-25 21:57:29.079398",72000.00
"2023-04-25 22:10:47.41463",1280000.00
"2023-04-26 00:57:51.802427",25000.00
"2023-04-26 02:42:50.170049",1600000.00
"2023-04-26 03:23:53.791573",10000.00
"2023-04-26 05:12:59.417532",1800000.00
"2023-04-26 05:34:19.790756",72000.00
"2023-04-26 05:42:22.537214",90000.00
"2023-04-26 05:53:20.80292",5000.00
"2023-04-26 07:05:19.755972",54000.00
"2023-04-26 09:01:27.1945",900000.00
"2023-04-26 09:55:11.149011",16500.00
"2023-04-26 10:34:29.598254",15000.00
"2023-04-26 11:06:11.076376",450000.00
"2023-04-26 11:27:34.055806",16500.00
"2023-04-26 11:31:37.80662",12500.00
"2023-04-26 13:34:54.815519",7500.00
"2023-04-26 15:32:29.542657",30000.00
"2023-04-26 15:54:12.674473",12500.00
"2023-04-26 16:20:55.684689",15000.00
"2023-04-26 16:33:43.658179",30000.00
"2023-04-26 16:48:39.578913",6000.00
"2023-04-26 16:59:18.915717",45000.00
"2023-04-26 17:11:00.014391",36000.00
"2023-04-26 17:43:17.137661",25000.00
"2023-04-26 17:55:07.372405",12000.00
"2023-04-26 18:20:14.777853",5500.00
"2023-04-26 21:48:38.45536",36000.00
"2023-04-26 23:40:42.500791",22000.00
"2023-04-26 23:51:19.777916",320000.00
"2023-04-27 00:40:46.925297",5000.00
"2023-04-27 01:43:54.162153",72000.00
"2023-04-27 02:53:53.269672",24000.00
"2023-04-27 03:43:02.618396",6000.00
"2023-04-27 04:30:51.044234",1800000.00
"2023-04-27 04:45:47.35891",1800000.00
"2023-04-27 05:30:48.640423",25000.00
"2023-04-27 05:49:24.086089",24000.00
"2023-04-27 06:57:00.361414",12500.00
"2023-04-27 08:24:24.866561",25000.00
"2023-04-27 10:50:53.793191",10000.00
"2023-04-27 13:17:54.463976",10000.00
"2023-04-27 16:00:46.727753",5000.00
"2023-04-27 17:15:53.481147",10000.00
"2023-04-27 19:05:43.112341",180000.00
"2023-04-27 20:49:30.980653",225000.00
"2023-04-27 20:51:31.754934",2250000.00
"2023-04-27 22:54:42.115286",72000.00
"2023-04-27 23:36:52.364847",2500.00
"2023-04-28 03:06:53.404474",2500.00
"2023-04-28 03:31:30.260917",5500.00
"2023-04-28 04:18:39.58052",54000.00
"2023-04-28 05:11:10.065262",5000.00
"2023-04-28 07:30:32.302703",85000.00
"2023-04-28 08:00:58.649121",25000.00
"2023-04-28 08:23:19.573904",5000.00
"2023-04-28 10:10:02.786315",16500.00
"2023-04-28 11:50:12.381968",5500.00
"2023-04-28 12:41:37.986395",85000.00
"2023-04-28 13:16:38.653031",5000.00
"2023-04-28 13:51:14.670772",1350000.00
"2023-04-28 19:47:50.131157",135000.00
"2023-04-28 20:47:43.448564",5000.00
"2023-04-28 21:45:48.416268",12500.00
"2023-04-28 22:47:22.537621",320000.00
"2023-04-28 23:03:20.568834",425000.00
"2023-04-28 23:05:09.70892",450000.00
"2023-04-28 23:15:26.784787",25000.00
"2023-04-29 00:32:58.255012",5000.00
"2023-04-29 03:39:11.499632",12000.00
"2023-04-29 03:55:03.10201",450000.00
"2023-04-29 03:55:37.62847",960000.00
"2023-04-29 05:29:39.226143",1280000.00
"2023-04-29 06:22:46.759359",36000.00
"2023-04-29 07:50:45.377789",85000.00
"2023-04-29 08:16:12.192153",11000.00
"2023-04-29 12:18:03.444942",5000.00
"2023-04-29 14:25:51.589845",5000.00
"2023-04-29 15:44:44.521877",20000.00
"2023-04-29 17:30:34.119832",1600000.00
"2023-04-29 17:36:53.560252",12500.00
"2023-04-29 17:51:03.14177",5500.00
"2023-04-29 17:51:55.603058",340000.00
"2023-04-29 18:52:40.771073",90000.00
"2023-04-29 19:11:23.592423",320000.00
"2023-04-29 19:34:53.472043",450000.00
"2023-04-29 20:18:29.301544",450000.00
"2023-04-29 20:41:14.431319",135000.00
"2023-04-29 21:09:06.994097",1280000.00
"2023-04-29 21:43:47.280136",24000.00
"2023-04-29 22:07:32.087295",1600000.00
"2023-04-29 22:21:24.641563",425000.00
"2023-04-29 23:04:32.481912",54000.00
"2023-04-30 00:11:08.308308",27500.00
"2023-04-30 02:58:37.104799",6000.00
"2023-04-30 04:26:40.552063",1600000.00
"2023-04-30 06:25:20.446337",12500.00
"2023-04-30 06:28:51.876605",7500.00
"2023-04-30 08:49:26.186781",180000.00
"2023-04-30 10:44:10.91358",960000.00
"2023-04-30 12:03:09.007802",27500.00
"2023-04-30 13:36:29.251822",1600000.00
"2023-04-30 14:53:30.991832",10000.00
"2023-04-30 15:00:17.428513",450000.00
"2023-04-30 16:16:06.869887",45000.00
"2023-04-30 16:37:29.151076",1600000.00
"2023-04-30 17:17:19.028837",340000.00
"2023-04-30 18:59:26.068226",72000.00
"2023-04-30 21:35:16.608237",12000.00
"2023-04-30 22:33:27.780753",1280000.00
"2023-04-30 23:03:15.409534",25000.00
"2023-05-01 00:06:49.887622",255000.00
"2023-05-01 01:45:37.428653",16500.00
"2023-05-01 01:56:55.317608",7500.00
"2023-05-01 02:23:53.108123",1350000.00
"2023-05-01 02:25:11.076694",1280000.00
"2023-05-01 05:45:51.773047",225000.00
"2023-05-01 06:49:10.771066",22000.00
"2023-05-01 07:27:13.821938",255000.00
"2023-05-01 08:08:22.737004",27500.00
"2023-05-01 10:10:28.763958",18000.00
"2023-05-01 12:16:31.704123",640000.00
"2023-05-01 12:41:08.778207",425000.00
"2023-05-01 13:07:26.701914",180000.00
"2023-05-01 17:06:43.047812",10000.00
"2023-05-01 18:56:47.422771",18000.00
"2023-05-01 20:00:54.311098",90000.00
"2023-05-01 21:14:00.654061",1600000.00
"2023-05-01 23:34:02.514703",36000.00
"2023-05-01 23:37:42.595069",18000.00
"2023-05-01 23:59:09.303972",1800000.00
"2023-05-02 00:30:36.485911",450000.00
"2023-05-02 01:18:24.263371",25000.00
"2023-05-02 02:14:51.497461",27500.00
"2023-05-02 05:10:30.68056",16500.00
"2023-05-02 05:54:02.530309",54000.00
"2023-05-02 06:00:46.659786",22000.00
"2023-05-02 06:09:26.605466",1280000.00
"2023-05-02 06:51:10.75006",12000.00
"2023-05-02 07:22:01.842791",320000.00
"2023-05-02 07:56:22.003965",18000.00
"2023-05-02 09:20:41.44414",1280000.00
"2023-05-02 15:34:33.194406",640000.00
"2023-05-02 16:16:03.175449",1280000.00
"2023-05-02 16:54:25.725402",1800000.00
"2023-05-02 17:20:10.907725",5500.00
"2023-05-02 19:11:07.940684",30000.00
"2023-05-02 19:34:59.596411",1280000.00
"2023-05-02 20:37:44.746028",12000.00
"2023-05-03 01:43:33.902807",11000.00
"2023-05-03 05:02:26.513163",340000.00
"2023-05-03 05:20:29.657618",225000.00
"2023-05-03 08:57:59.710824",25000.00
"2023-05-03 09:03:53.1323",180000.00
"2023-05-03 09:30:01.420636",450000.00
"2023-05-03 09:40:27.392635",225000.00
"2023-05-03 11:32:55.51874",24000.00
"2023-05-03 12:19:46.245131",30000.00
"2023-05-03 13:36:39.126779",320000.00
"2023-05-03 14:20:00.728341",10000.00
"2023-05-03 15:18:23.368108",180000.00
"2023-05-03 17:48:17.143259",180000.00
"2023-05-03 18:03:58.607347",10000.00
"2023-05-03 18:31:19.076832",900000.00
"2023-05-03 18:36:35.984807",425000.00
"2023-05-03 19:29:40.964142",15000.00
"2023-05-03 22:18:06.545846",36000.00
"2023-05-03 23:07:58.965103",900000.00
"2023-05-04 01:01:07.308115",27500.00
"2023-05-04 01:06:57.074674",640000.00
"2023-05-04 02:10:57.733869",1800000.00
"2023-05-04 03:16:23.566977",27500.00
"2023-05-04 03:50:02.033265",85000.00
"2023-05-04 04:32:50.161108",320000.00
"2023-05-04 04:57:36.973347",45000.00
"2023-05-04 05:04:31.340105",2500.00
"2023-05-04 05:24:08.207827",450000.00
"2023-05-04 05:56:17.737548",225000.00
"2023-05-04 06:09:42.222046",10000.00
"2023-05-04 06:24:06.220986",18000.00
"2023-05-04 06:48:34.753372",340000.00
"2023-05-04 07:00:02.475395",90000.00
"2023-05-04 07:26:11.129151",1800000.00
"2023-05-04 08:59:55.464405",255000.00
"2023-05-04 11:01:19.095506",30000.00
"2023-05-04 13:56:14.025637",10000.00
"2023-05-04 14:25:45.438375",18000.00
"2023-05-04 14:44:09.278665",640000.00
"2023-05-04 15:18:12.258408",12500.00
"2023-05-04 16:30:25.129593",36000.00
"2023-05-04 16:47:48.242629",6000.00
"2023-05-04 18:15:50.98599",90000.00
"2023-05-04 19:14:44.130545",425000.00
"2023-05-04 20:18:50.136116",225000.00
"2023-05-04 20:22:14.78678",36000.00
"2023-05-04 21:16:14.477656",90000.00
"2023-05-04 21:35:55.535826",5000.00
"2023-05-04 23:57:08.850478",18000.00
"2023-05-04 23:58:36.297558",2250000.00
"2023-05-05 00:47:59.928526",10000.00
"2023-05-05 00:48:14.17345",85000.00
"2023-05-05 01:39:23.328421",72000.00
"2023-05-05 02:04:48.161296",425000.00
"2023-05-05 02:54:18.258311",10000.00
"2023-05-05 03:08:24.73812",10000.00
"2023-05-05 03:21:40.928083",54000.00
"2023-05-05 04:28:31.35272",320000.00
"2023-05-05 05:06:27.380461",180000.00
"2023-05-05 05:13:54.624414",18000.00
"2023-05-05 05:24:53.561178",30000.00
"2023-05-05 07:24:18.962456",90000.00
"2023-05-05 07:40:57.355806",960000.00
"2023-05-05 07:51:10.574412",22000.00
"2023-05-05 09:27:03.428354",180000.00
"2023-05-05 13:14:30.970674",27500.00
"2023-05-05 14:02:53.385195",5500.00
"2023-05-05 16:20:30.284682",1350000.00
"2023-05-05 16:22:43.995131",340000.00
"2023-05-05 21:01:02.142556",85000.00
"2023-05-05 21:04:57.474098",5000.00
"2023-05-05 21:15:59.421992",90000.00
"2023-05-06 01:35:27.401565",22000.00
"2023-05-06 01:36:23.684397",25000.00
"2023-05-06 02:19:45.879319",1600000.00
"2023-05-06 04:12:52.701596",12000.00
"2023-05-06 04:26:50.01258",10000.00
"2023-05-06 04:42:04.650375",12000.00
"2023-05-06 04:53:06.554043",340000.00
"2023-05-06 05:14:40.474083",10000.00
"2023-05-06 05:17:46.225321",90000.00
"2023-05-06 05:51:36.37782",16500.00
"2023-05-06 09:32:37.329541",135000.00
"2023-05-06 09:47:11.134019",1600000.00
"2023-05-06 10:20:28.975595",15000.00
"2023-05-06 11:02:28.659694",18000.00
"2023-05-06 12:15:28.159662",255000.00
"2023-05-06 14:08:54.356601",1280000.00
"2023-05-06 14:15:38.031071",1350000.00
"2023-05-06 15:17:38.211744",18000.00
"2023-05-06 15:34:02.399268",20000.00
"2023-05-06 16:35:36.961044",30000.00
"2023-05-06 19:18:10.37007",15000.00
"2023-05-06 19:36:33.079537",1280000.00
"2023-05-06 20:46:16.162746",72000.00
"2023-05-06 21:23:40.972347",2500.00
"2023-05-06 22:26:03.727594",10000.00
"2023-05-06 23:11:50.266537",11000.00
"2023-05-06 23:13:30.631504",45000.00
"2023-05-07 00:53:07.302108",27500.00
"2023-05-07 06:59:54.070589",1280000.00
"2023-05-07 08:00:30.457825",10000.00
"2023-05-07 09:28:38.098314",2500.00
"2023-05-07 09:40:50.65604",11000.00
"2023-05-07 11:05:36.579218",20000.00
"2023-05-07 13:16:19.688076",11000.00
"2023-05-07 13:53:11.048695",2500.00
"2023-05-07 14:07:49.128179",24000.00
"2023-05-07 16:54:06.410862",340000.00
"2023-05-07 17:08:18.973069",1600000.00
"2023-05-07 18:43:23.137417",22000.00
"2023-05-07 19:05:05.93979",170000.00
"2023-05-07 19:53:24.711702",20000.00
"2023-05-07 20:15:04.595421",6000.00
"2023-05-07 20:39:19.004664",450000.00
"2023-05-07 20:49:37.214617",22000.00
"2023-05-07 22:40:41.468886",340000.00
"2023-05-07 22:44:40.764242",18000.00
"2023-05-08 01:52:23.19372",36000.00
"2023-05-08 02:47:11.433596",180000.00
"2023-05-08 03:30:29.497817",1600000.00
"2023-05-08 03:52:06.869096",425000.00
"2023-05-08 06:10:08.88019",255000.00
"2023-05-08 06:30:23.445175",10000.00
"2023-05-08 07:14:41.748302",16500.00
"2023-05-08 07:25:34.953813",425000.00
"2023-05-08 07:42:49.624663",72000.00
"2023-05-08 08:21:25.981238",900000.00
"2023-05-08 08:42:43.305458",900000.00
"2023-05-08 10:51:38.322161",30000.00
"2023-05-08 10:56:41.108222",960000.00
"2023-05-08 11:52:38.939413",1800000.00
"2023-05-08 12:24:53.789136",11000.00
"2023-05-08 13:17:33.98648",30000.00
"2023-05-08 13:35:22.343467",18000.00
"2023-05-08 14:12:58.443755",7500.00
"2023-05-08 18:54:49.076473",20000.00
"2023-05-08 19:34:43.419104",85000.00
"2023-05-08 20:06:39.669644",170000.00
"2023-05-08 21:01:36.571193",1600000.00
"2023-05-08 21:06:27.157125",340000.00
"2023-05-08 21:34:08.246503",85000.00
"2023-05-08 23:05:58.257942",22000.00
"2023-05-09 00:04:41.475904",54000.00
"2023-05-09 03:23:17.605143",340000.00
"2023-05-09 05:52:46.648684",170000.00
"2023-05-09 07:39:07.664987",255000.00
"2023-05-09 07:52:30.862993",12500.00
"2023-05-09 08:24:54.153764",30000.00
"2023-05-09 11:23:47.182073",45000.00
"2023-05-09 11:46:29.712495",90000.00
"2023-05-09 12:39:05.8141",12500.00
"2023-05-09 14:15:32.320168",10000.00
"2023-05-09 16:19:13.775491",900000.00
"2023-05-09 17:45:35.225955",18000.00
"2023-05-09 18:54:23.652625",54000.00
"2023-05-09 20:40:25.290279",6000.00
"2023-05-09 21:30:39.788016",25000.00
"2023-05-10 01:44:58.956761",180000.00
"2023-05-10 02:18:01.329628",170000.00
"2023-05-10 02:19:00.214943",1350000.00
"2023-05-10 03:53:37.006699",255000.00
"2023-05-10 04:30:27.159296",72000.00
"2023-05-10 05:59:55.211024",5500.00
"2023-05-10 06:05:21.383864",2250000.00
"2023-05-10 06:10:49.353635",54000.00
"2023-05-10 06:20:39.290906",22000.00
"2023-05-10 06:37:19.319944",16500.00
"2023-05-10 06:45:23.207496",54000.00
"2023-05-10 06:58:51.396097",22000.00
"2023-05-10 07:44:35.900527",10000.00
"2023-05-10 09:55:55.380212",640000.00
"2023-05-10 09:56:06.202507",90000.00
"2023-05-10 10:55:43.563815",27500.00
"2023-05-10 13:17:51.584192",320000.00
"2023-05-10 13:24:37.453479",425000.00
"2023-05-10 13:38:41.02732",45000.00
"2023-05-10 13:51:08.221402",5000.00
"2023-05-10 16:03:44.521387",1800000.00
"2023-05-10 16:04:00.176888",450000.00
"2023-05-10 16:46:13.751657",1350000.00
"2023-05-10 17:17:58.917855",27500.00
"2023-05-10 17:52:07.469253",135000.00
"2023-05-10 18:27:52.355765",18000.00
"2023-05-10 18:38:10.365337",1800000.00
"2023-05-10 20:25:50.207172",450000.00
"2023-05-10 22:39:17.65686",5000.00
"2023-05-10 22:39:52.060505",36000.00
"2023-05-10 23:27:51.173919",12500.00
"2023-05-10 23:41:13.604852",180000.00
"2023-05-10 23:44:44.978384",18000.00
"2023-05-11 00:04:12.947423",135000.00
"2023-05-11 01:27:35.882053",425000.00
"2023-05-11 02:41:02.74443",640000.00
"2023-05-11 04:14:34.962084",340000.00
"2023-05-11 04:16:00.264323",18000.00
"2023-05-11 07:46:27.289493",255000.00
"2023-05-11 07:46:37.039604",5000.00
"2023-05-11 07:52:30.231271",1350000.00
"2023-05-11 13:53:36.52996",20000.00
"2023-05-11 14:15:54.145551",1600000.00
"2023-05-11 15:57:24.293239",2250000.00
"2023-05-11 18:00:20.639881",12500.00
"2023-05-11 18:01:23.262102",425000.00
"2023-05-11 19:56:10.355796",1800000.00
"2023-05-12 00:56:47.506822",45000.00
"2023-05-12 01:00:02.15954",90000.00
"2023-05-12 01:16:14.428316",18000.00
"2023-05-12 02:01:58.327695",320000.00
"2023-05-12 03:16:36.297866",12000.00
"2023-05-12 03:35:03.534158",340000.00
"2023-05-12 03:49:40.886639",340000.00
"2023-05-12 04:55:59.258784",22000.00
"2023-05-12 05:36:24.556617",20000.00
"2023-05-12 07:17:49.876508",54000.00
"2023-05-12 08:43:12.222849",255000.00
"2023-05-12 10:18:43.196955",27500.00
"2023-05-12 11:08:04.242344",640000.00
"2023-05-12 11:10:07.011526",45000.00
"2023-05-12 11:18:57.074096",5000.00
"2023-05-12 11:28:28.500165",1600000.00
"2023-05-12 13:12:07.13677",15000.00
"2023-05-12 13:25:18.167648",72000.00
"2023-05-12 13:40:07.633702",2250000.00
"2023-05-12 14:40:36.43325",135000.00
"2023-05-12 15:15:07.7835",2500.00
"2023-05-12 16:12:28.434556",960000.00
"2023-05-12 16:13:14.477502",2500.00
"2023-05-12 16:59:33.472289",25000.00
"2023-05-12 17:24:37.689923",960000.00
"2023-05-12 17:35:16.361112",15000.00
"2023-05-12 17:35:27.189456",20000.00
"2023-05-12 18:35:54.649555",255000.00
"2023-05-12 19:17:46.010055",170000.00
"2023-05-12 20:10:41.1489",1800000.00
"2023-05-13 01:44:19.553088",320000.00
"2023-05-13 05:04:54.054978",6000.00
"2023-05-13 05:38:26.354047",30000.00
"2023-05-13 07:28:35.223007",18000.00
"2023-05-13 08:11:43.028539",90000.00
"2023-05-13 08:27:04.637414",5500.00
"2023-05-13 10:54:30.096805",27500.00
"2023-05-13 11:17:13.971651",10000.00
"2023-05-13 12:24:13.747822",20000.00
"2023-05-13 15:45:57.205689",1800000.00
"2023-05-13 16:27:13.248467",54000.00
"2023-05-13 17:48:36.607091",1600000.00
"2023-05-13 17:49:42.93013",22000.00
"2023-05-13 19:07:38.456271",10000.00
"2023-05-13 19:29:06.166818",640000.00
"2023-05-13 20:17:55.736338",1600000.00
"2023-05-13 20:53:17.636694",72000.00
"2023-05-13 22:16:43.039795",225000.00
"2023-05-14 00:24:42.595053",15000.00
"2023-05-14 00:36:19.019527",12500.00
"2023-05-14 01:13:49.442685",225000.00
"2023-05-14 01:41:10.700208",2250000.00
"2023-05-14 02:04:13.226643",25000.00
"2023-05-14 02:08:25.661607",25000.00
"2023-05-14 02:15:49.688631",12500.00
"2023-05-14 02:24:59.456738",24000.00
"2023-05-14 02:59:32.981907",5000.00
"2023-05-14 04:02:44.494495",255000.00
"2023-05-14 05:10:15.326947",5000.00
"2023-05-14 06:00:09.479592",5000.00
"2023-05-14 06:24:50.638026",900000.00
"2023-05-14 07:24:48.783059",5000.00
"2023-05-14 08:05:51.455722",6000.00
"2023-05-14 09:04:59.433028",20000.00
"2023-05-14 09:06:16.174813",45000.00
"2023-05-14 10:24:20.79028",20000.00
"2023-05-14 10:25:16.384466",1350000.00
"2023-05-14 10:40:25.109659",450000.00
"2023-05-14 11:31:57.641877",90000.00
"2023-05-14 12:42:01.899951",135000.00
"2023-05-14 13:06:52.647112",85000.00
"2023-05-14 15:05:21.082454",90000.00
"2023-05-14 16:03:55.977778",85000.00
"2023-05-14 16:39:29.209006",6000.00
"2023-05-14 17:51:50.640698",45000.00
"2023-05-14 18:23:31.913044",340000.00
"2023-05-14 21:01:46.992654",18000.00
"2023-05-14 23:36:40.709853",425000.00
"2023-05-14 23:41:48.151959",20000.00
"2023-05-15 03:24:06.61206",1350000.00
"2023-05-15 06:16:21.276495",2250000.00
"2023-05-15 06:24:14.843191",30000.00
"2023-05-15 07:21:36.338666",900000.00
"2023-05-15 10:48:50.038537",85000.00
"2023-05-15 11:32:10.12453",15000.00
"2023-05-15 13:42:13.31006",450000.00
"2023-05-15 14:11:17.52494",27500.00
"2023-05-15 15:07:27.7835",25000.00
"2023-05-15 15:42:02.975308",18000.00
"2023-05-15 18:05:04.947828",90000.00
"2023-05-15 20:35:44.332475",5500.00
"2023-05-15 21:44:32.26938",425000.00
"2023-05-15 22:01:47.168245",54000.00
"2023-05-15 22:15:30.021028",90000.00
"2023-05-16 02:34:00.174401",12000.00
"2023-05-16 04:25:05.359228",27500.00
"2023-05-16 05:21:28.178633",12000.00
"2023-05-16 05:43:08.38524",320000.00
"2023-05-16 05:54:06.820655",1800000.00
"2023-05-16 06:42:02.567749",36000.00
"2023-05-16 07:14:42.601981",15000.00
"2023-05-16 07:15:35.49867",5500.00
"2023-05-16 09:28:10.036653",20000.00
"2023-05-16 09:53:47.870082",320000.00
"2023-05-16 10:50:38.15145",24000.00
"2023-05-16 11:01:24.059356",960000.00
"2023-05-16 11:58:38.900029",7500.00
"2023-05-16 14:14:12.974919",960000.00
"2023-05-16 15:44:16.229848",5500.00
"2023-05-16 16:14:40.79237",16500.00
"2023-05-16 17:26:22.225319",135000.00
"2023-05-16 19:55:28.947611",1800000.00
"2023-05-16 20:38:20.801607",5000.00
"2023-05-16 20:58:45.561116",18000.00
"2023-05-16 21:56:52.411211",12000.00
"2023-05-16 23:32:15.071301",450000.00
"2023-05-16 23:35:07.953395",90000.00
"2023-05-17 02:02:52.212842",1800000.00
"2023-05-17 03:31:59.423943",255000.00
"2023-05-17 03:38:58.792914",320000.00
"2023-05-17 05:28:05.363375",10000.00
"2023-05-17 07:50:09.910488",450000.00
"2023-05-17 09:57:58.610852",425000.00
"2023-05-17 10:29:21.26023",1800000.00
"2023-05-17 11:38:03.192171",5500.00
"2023-05-17 11:49:31.671259",2250000.00
"2023-05-17 13:07:03.216306",85000.00
"2023-05-17 13:36:53.798544",12000.00
"2023-05-17 14:12:23.647149",12500.00
"2023-05-17 16:25:05.094577",30000.00
"2023-05-17 18:32:22.449713",11000.00
"2023-05-17 20:31:29.568061",425000.00
"2023-05-17 20:38:55.045352",640000.00
"2023-05-17 21:54:49.57867",10000.00
"2023-05-17 22:17:18.135591",54000.00
"2023-05-17 23:37:27.673864",225000.00
"2023-05-18 02:06:34.895118",24000.00
"2023-05-18 04:59:37.73375",450000.00
"2023-05-18 08:41:31.223125",5000.00
"2023-05-18 08:59:36.697191",135000.00
"2023-05-18 09:40:40.636657",25000.00
"2023-05-18 10:17:18.632734",90000.00
"2023-05-18 10:35:17.131836",225000.00
"2023-05-18 12:28:20.392303",72000.00
"2023-05-18 13:10:50.766084",18000.00
"2023-05-18 14:45:27.427305",22000.00
"2023-05-18 14:51:39.129399",7500.00
"2023-05-18 15:02:34.412691",640000.00
"2023-05-18 15:31:55.969966",22000.00
"2023-05-18 19:17:53.541085",6000.00
"2023-05-18 21:29:18.15983",340000.00
"2023-05-18 23:00:22.745657",2500.00
"2023-05-19 00:19:58.149541",18000.00
"2023-05-19 01:28:30.643697",11000.00
"2023-05-19 02:49:34.955538",10000.00
"2023-05-19 04:22:47.362955",27500.00
"2023-05-19 04:47:56.956494",1350000.00
"2023-05-19 04:56:47.794814",450000.00
"2023-05-19 05:25:59.419485",90000.00
"2023-05-19 05:31:43.345122",450000.00
"2023-05-19 06:16:51.657089",54000.00
"2023-05-19 06:36:51.619708",135000.00
"2023-05-19 08:15:16.28826",1800000.00
"2023-05-19 08:38:57.872615",340000.00
"2023-05-19 09:01:14.067075",5000.00
"2023-05-19 10:34:39.60582",5000.00
"2023-05-19 11:43:17.397168",1350000.00
"2023-05-19 14:34:40.284454",16500.00
"2023-05-19 14:37:43.840402",320000.00
"2023-05-19 16:33:51.097823",5000.00
"2023-05-19 17:01:10.030703",25000.00
"2023-05-19 17:21:45.12544",54000.00
"2023-05-19 19:00:03.703275",2500.00
"2023-05-19 19:06:50.094557",1600000.00
"2023-05-19 21:23:28.020082",2500.00
"2023-05-19 21:45:49.549076",22000.00
"2023-05-19 21:55:22.163389",20000.00
"2023-05-19 22:01:55.446967",180000.00
"2023-05-19 22:13:30.395318",85000.00
"2023-05-19 23:36:18.829985",2250000.00
"2023-05-20 00:11:25.585568",85000.00
"2023-05-20 00:55:30.494094",225000.00
"2023-05-20 01:17:58.433621",25000.00
"2023-05-20 03:01:58.146608",1600000.00
"2023-05-20 03:30:54.482428",2250000.00
"2023-05-20 03:31:08.375417",900000.00
"2023-05-20 04:15:58.628629",20000.00
"2023-05-20 04:23:34.816769",30000.00
"2023-05-20 04:50:38.285561",170000.00
"2023-05-20 10:23:08.831544",36000.00
"2023-05-20 10:44:18.414129",5000.00
"2023-05-20 11:12:01.737713",11000.00
"2023-05-20 12:30:13.419493",45000.00
"2023-05-20 12:32:06.497006",72000.00
"2023-05-20 14:15:54.293463",20000.00
"2023-05-20 15:10:55.062414",1350000.00
"2023-05-20 17:17:35.737805",20000.00
"2023-05-20 18:37:43.336145",24000.00
"2023-05-20 20:07:00.742175",90000.00
"2023-05-20 20:12:01.769387",10000.00
"2023-05-20 21:22:00.954703",10000.00
"2023-05-20 21:35:55.361443",1350000.00
"2023-05-20 23:52:51.559828",640000.00
"2023-05-21 01:00:14.480857",225000.00
"2023-05-21 03:09:06.884958",340000.00
"2023-05-21 03:50:37.434598",12000.00
"2023-05-21 05:18:35.078378",340000.00
"2023-05-21 07:20:00.069718",640000.00
"2023-05-21 07:27:04.675793",54000.00
"2023-05-21 07:40:49.733677",24000.00
"2023-05-21 08:03:56.492679",320000.00
"2023-05-21 09:36:47.466741",24000.00
"2023-05-21 09:51:53.684722",1350000.00
"2023-05-21 11:15:34.181424",640000.00
"2023-05-21 11:50:58.967334",180000.00
"2023-05-21 12:38:32.032944",90000.00
"2023-05-21 13:32:13.767917",180000.00
"2023-05-21 14:53:42.157143",22000.00
"2023-05-21 14:53:44.146804",320000.00
"2023-05-21 15:39:16.148316",1350000.00
"2023-05-21 16:47:16.385788",1280000.00
"2023-05-21 17:57:43.363947",15000.00
"2023-05-21 18:46:39.491742",22000.00
"2023-05-21 21:19:13.998349",54000.00
"2023-05-21 23:24:13.902211",90000.00
"2023-05-22 00:11:57.302721",24000.00
"2023-05-22 00:39:01.726379",340000.00
"2023-05-22 00:45:57.317528",180000.00
"2023-05-22 01:35:16.950402",27500.00
"2023-05-22 03:26:36.088529",900000.00
"2023-05-22 04:03:14.301827",340000.00
"2023-05-22 04:03:45.455194",2500.00
"2023-05-22 05:28:47.764739",20000.00
"2023-05-22 06:03:48.693472",15000.00
"2023-05-22 06:07:27.963975",22000.00
"2023-05-22 06:08:29.647006",7500.00
"2023-05-22 06:45:03.125288",16500.00
"2023-05-22 08:20:20.156814",135000.00
"2023-05-22 08:23:09.935",225000.00
"2023-05-22 14:15:35.657035",640000.00
"2023-05-22 14:35:43.503791",425000.00
"2023-05-22 15:25:06.746524",15000.00
"2023-05-22 16:25:56.583751",1350000.00
"2023-05-22 16:58:55.454241",25000.00
"2023-05-22 18:15:44.447918",18000.00
"2023-05-22 18:36:53.75605",340000.00
"2023-05-22 19:20:12.093522",90000.00
"2023-05-22 19:22:43.002821",450000.00
"2023-05-22 19:51:46.758172",15000.00
"2023-05-22 20:57:39.946412",20000.00
"2023-05-22 21:29:32.490567",5000.00
"2023-05-22 22:58:51.697584",11000.00
"2023-05-22 23:40:42.597219",1350000.00
"2023-05-23 00:45:31.058327",18000.00
"2023-05-23 01:27:40.046062",180000.00
"2023-05-23 01:35:34.091139",450000.00
"2023-05-23 02:50:09.400721",320000.00
"2023-05-23 02:51:33.359975",320000.00
"2023-05-23 03:45:15.377195",85000.00
"2023-05-23 04:38:48.200353",16500.00
"2023-05-23 05:23:59.147884",255000.00
"2023-05-23 07:35:18.134976",20000.00
"2023-05-23 08:18:08.505096",10000.00
"2023-05-23 08:22:13.935687",6000.00
"2023-05-23 08:47:47.923744",450000.00
"2023-05-23 09:39:12.518111",900000.00
"2023-05-23 10:25:44.401744",5000.00
"2023-05-23 11:32:58.53826",6000.00
"2023-05-23 11:53:09.078323",180000.00
"2023-05-23 11:53:53.928168",90000.00
"2023-05-23 12:31:58.13097",900000.00
"2023-05-23 17:33:02.187727",30000.00
"2023-05-23 18:00:31.345992",340000.00
"2023-05-23 18:26:05.577164",1800000.00
"2023-05-23 18:36:27.545532",24000.00
"2023-05-23 18:52:43.769913",5000.00
"2023-05-23 19:06:12.909916",340000.00
"2023-05-23 21:19:37.314432",27500.00
"2023-05-24 01:12:21.969015",10000.00
"2023-05-24 02:45:35.390694",255000.00
"2023-05-24 04:09:59.774352",135000.00
"2023-05-24 05:03:57.013865",16500.00
"2023-05-24 05:39:06.400808",85000.00
"2023-05-24 06:27:13.056056",1350000.00
"2023-05-24 07:11:09.24727",900000.00
"2023-05-24 08:10:42.929618",11000.00
"2023-05-24 08:47:10.7168",16500.00
"2023-05-24 08:51:37.776827",320000.00
"2023-05-24 08:57:53.800829",18000.00
"2023-05-24 09:27:44.970999",255000.00
"2023-05-24 10:07:39.93747",90000.00
"2023-05-24 11:57:32.626775",1800000.00
"2023-05-24 14:31:48.621986",85000.00
"2023-05-24 16:44:51.579258",225000.00
"2023-05-24 17:24:12.655377",5500.00
"2023-05-24 18:13:50.926076",54000.00
"2023-05-24 18:32:24.56218",450000.00
"2023-05-24 18:37:04.717668",18000.00
"2023-05-24 18:52:21.88994",1800000.00
"2023-05-24 19:05:42.554121",12000.00
"2023-05-24 19:11:06.122825",12000.00
"2023-05-24 20:11:22.731076",5000.00
"2023-05-24 22:33:24.030189",36000.00
"2023-05-24 23:13:14.103979",12500.00
"2023-05-24 23:48:35.545548",16500.00
"2023-05-24 23:52:43.380468",20000.00
"2023-05-25 00:34:47.040007",85000.00
"2023-05-25 01:50:56.048192",2500.00
"2023-05-25 02:38:13.410797",15000.00
"2023-05-25 04:09:26.390767",24000.00
"2023-05-25 04:48:52.671092",255000.00
"2023-05-25 05:02:27.347545",22000.00
"2023-05-25 09:05:40.898444",27500.00
"2023-05-25 10:55:12.227353",1800000.00
"2023-05-25 11:12:20.289313",425000.00
"2023-05-25 12:28:39.124328",25000.00
"2023-05-25 14:17:03.592711",1800000.00
"2023-05-25 14:26:21.534747",30000.00
"2023-05-25 14:52:22.983984",5000.00
"2023-05-25 17:15:20.568254",16500.00
"2023-05-25 17:55:55.289344",5000.00
"2023-05-25 20:29:35.039014",20000.00
"2023-05-25 20:39:56.935658",27500.00
"2023-05-25 21:36:36.891898",1800000.00
"2023-05-25 21:42:16.639093",90000.00
"2023-05-25 22:08:23.596157",180000.00
"2023-05-25 22:39:36.536333",135000.00
"2023-05-25 22:59:36.096006",2250000.00
"2023-05-25 23:37:16.026624",90000.00
"2023-05-25 23:57:27.373776",640000.00
"2023-05-26 00:23:11.844388",22000.00
"2023-05-26 01:12:34.792721",900000.00
"2023-05-26 01:13:19.689017",30000.00
"2023-05-26 01:22:56.128476",45000.00
"2023-05-26 01:31:29.781471",1600000.00
"2023-05-26 05:16:52.468737",10000.00
"2023-05-26 06:51:29.913887",225000.00
"2023-05-26 06:52:57.513471",340000.00
"2023-05-26 07:26:15.417093",7500.00
"2023-05-26 08:24:29.95949",5000.00
"2023-05-26 09:29:57.404982",135000.00
"2023-05-26 10:07:16.45082",25000.00
"2023-05-26 10:58:15.056122",135000.00
"2023-05-26 13:05:21.73873",5000.00
"2023-05-26 14:07:36.246512",30000.00
"2023-05-26 14:57:44.764475",54000.00
"2023-05-26 15:06:19.83259",10000.00
"2023-05-26 17:37:57.707533",1800000.00
"2023-05-26 18:15:12.666634",10000.00
"2023-05-26 19:05:57.155342",24000.00
"2023-05-26 20:40:32.835441",170000.00
"2023-05-26 21:49:53.540369",640000.00
"2023-05-26 22:10:27.859065",320000.00
"2023-05-26 23:21:33.122873",1600000.00
"2023-05-26 23:41:11.479866",90000.00
"2023-05-27 00:10:24.112922",90000.00
"2023-05-27 00:48:45.528369",54000.00
"2023-05-27 02:33:32.286401",1600000.00
"2023-05-27 02:54:15.855865",18000.00
"2023-05-27 02:57:27.548249",7500.00
"2023-05-27 04:31:25.374336",5500.00
"2023-05-27 06:16:20.953773",36000.00
"2023-05-27 06:54:50.247135",1350000.00
"2023-05-27 08:46:10.640378",18000.00
"2023-05-27 09:12:10.620008",450000.00
"2023-05-27 11:50:42.534517",90000.00
"2023-05-27 12:07:15.154606",5000.00
"2023-05-27 17:14:38.911706",2500.00
"2023-05-27 17:18:32.219166",640000.00
"2023-05-27 17:34:38.276898",450000.00
"2023-05-27 18:26:57.133157",960000.00
"2023-05-27 19:15:53.497274",450000.00
"2023-05-27 19:21:21.847036",2500.00
"2023-05-27 20:23:58.821933",1600000.00
"2023-05-27 21:06:10.693118",24000.00
"2023-05-27 21:12:51.511193",25000.00
"2023-05-27 21:42:53.497893",12500.00
"2023-05-27 22:56:56.942633",90000.00
"2023-05-27 23:52:16.810042",320000.00
"2023-05-28 02:29:30.347704",5000.00
"2023-05-28 03:08:50.483438",135000.00
"2023-05-28 03:35:28.99184",5000.00
"2023-05-28 05:35:27.106548",450000.00
"2023-05-28 06:01:47.325579",12000.00
"2023-05-28 07:16:27.303344",180000.00
"2023-05-28 09:16:30.565042",425000.00
"2023-05-28 09:21:32.803677",12000.00
"2023-05-28 13:58:44.991905",10000.00
"2023-05-28 14:10:02.242341",16500.00
"2023-05-28 14:41:32.49135",18000.00
"2023-05-28 15:29:43.031929",12500.00
"2023-05-28 17:59:36.097597",20000.00
"2023-05-28 18:37:29.702723",5000.00
"2023-05-28 18:44:22.538521",900000.00
"2023-05-28 19:18:11.92121",170000.00
"2023-05-28 19:19:49.430971",36000.00
"2023-05-28 22:17:15.055852",2250000.00
"2023-05-29 00:56:22.128013",90000.00
"2023-05-29 03:06:00.493795",11000.00
"2023-05-29 05:14:36.643685",135000.00
"2023-05-29 05:23:11.589156",10000.00
"2023-05-29 06:17:24.866759",10000.00
"2023-05-29 06:33:53.214974",5500.00
"2023-05-29 07:47:49.522265",18000.00
"2023-05-29 08:34:06.709532",180000.00
"2023-05-29 09:14:49.43875",90000.00
"2023-05-29 10:22:52.698437",10000.00
"2023-05-29 12:07:19.796354",20000.00
"2023-05-29 13:13:06.925031",30000.00
"2023-05-29 15:44:28.660493",2500.00
"2023-05-29 16:13:15.729095",24000.00
"2023-05-29 16:20:18.867079",960000.00
"2023-05-29 16:27:18.555356",11000.00
"2023-05-29 16:37:20.172206",425000.00
"2023-05-29 17:04:22.6221",450000.00
"2023-05-29 18:11:21.210929",5000.00
"2023-05-29 20:18:42.872042",2500.00
"2023-05-29 21:28:10.101799",5500.00
"2023-05-29 22:00:48.322682",5000.00
"2023-05-29 22:04:16.961455",54000.00
"2023-05-29 22:22:57.345612",5500.00
"2023-05-29 22:30:56.671281",18000.00
"2023-05-29 22:37:15.003091",1280000.00
"2023-05-30 00:11:36.763054",135000.00
"2023-05-30 01:21:48.538909",6000.00
"2023-05-30 01:39:37.365781",54000.00
"2023-05-30 02:17:01.281731",255000.00
"2023-05-30 02:44:05.747602",1350000.00
"2023-05-30 03:09:11.599907",450000.00
"2023-05-30 04:33:00.623779",180000.00
"2023-05-30 05:12:10.629061",180000.00
"2023-05-30 07:04:02.704317",180000.00
"2023-05-30 07:13:24.239803",425000.00
"2023-05-30 07:21:49.853301",5500.00
"2023-05-30 07:26:46.399334",960000.00
"2023-05-30 08:10:00.730989",1280000.00
"2023-05-30 10:55:12.235861",45000.00
"2023-05-30 11:15:28.596938",320000.00
"2023-05-30 12:39:01.46808",90000.00
"2023-05-30 13:19:39.976966",2500.00
"2023-05-30 15:10:32.593436",24000.00
"2023-05-30 15:10:58.398041",6000.00
"2023-05-30 17:16:37.410014",1350000.00
"2023-05-30 17:43:01.842849",24000.00
"2023-05-30 18:10:26.137872",2500.00
"2023-05-30 22:00:25.59051",255000.00
"2023-05-30 22:03:58.389347",22000.00
"2023-05-30 23:31:05.947751",1280000.00
"2023-05-30 23:33:39.238426",90000.00
"2023-05-31 00:38:31.22585",135000.00
"2023-05-31 02:16:11.43056",340000.00
"2023-05-31 02:41:02.077958",90000.00
"2023-05-31 03:18:21.94548",72000.00
"2023-05-31 04:44:25.491975",2250000.00
"2023-05-31 07:06:06.912033",1280000.00
"2023-05-31 07:23:36.417064",20000.00
"2023-05-31 08:21:02.533135",18000.00
"2023-05-31 09:08:26.053216",425000.00
"2023-05-31 09:11:13.325997",180000.00
"2023-05-31 10:00:40.830886",1600000.00
"2023-05-31 10:39:54.055965",85000.00
"2023-05-31 11:05:26.24042",1280000.00
"2023-05-31 11:41:18.702982",22000.00
"2023-05-31 11:51:08.350748",27500.00
"2023-05-31 12:02:39.251464",425000.00
"2023-05-31 15:24:56.091619",340000.00
"2023-05-31 15:29:03.169125",255000.00
"2023-05-31 16:54:10.009982",15000.00
"2023-05-31 20:04:43.919053",1350000.00
"2023-05-31 20:39:53.843487",6000.00
"2023-05-31 21:28:25.551553",135000.00
"2023-05-31 21:48:26.657919",5000.00
"2023-05-31 21:57:15.093827",135000.00
"2023-05-31 22:38:20.129405",90000.00
"2023-05-31 23:05:08.65421",54000.00
"2023-06-01 00:39:56.701189",72000.00
"2023-06-01 02:01:01.369178",10000.00
"2023-06-01 05:17:57.564666",340000.00
"2023-06-01 05:23:54.880286",22000.00
"2023-06-01 06:21:56.233492",425000.00
"2023-06-01 10:02:54.546351",255000.00
"2023-06-01 10:22:18.118015",1350000.00
"2023-06-01 10:37:40.53979",640000.00
"2023-06-01 10:46:39.364407",22000.00
"2023-06-01 11:39:00.871315",10000.00
"2023-06-01 13:43:38.043881",5500.00
"2023-06-01 16:11:52.596328",135000.00
"2023-06-01 17:03:33.440451",5000.00
"2023-06-01 17:26:28.13055",640000.00
"2023-06-01 19:19:11.944241",15000.00
"2023-06-01 20:08:33.325361",255000.00
"2023-06-01 20:13:47.608157",16500.00
"2023-06-01 22:41:04.156751",5000.00
"2023-06-02 00:03:35.210777",18000.00
"2023-06-02 00:07:58.715396",6000.00
"2023-06-02 01:05:24.677816",5000.00
"2023-06-02 05:21:35.941837",5000.00
"2023-06-02 07:47:47.807735",12000.00
"2023-06-02 11:10:07.05367",18000.00
"2023-06-02 11:12:10.128959",90000.00
"2023-06-02 12:31:33.344357",170000.00
"2023-06-02 13:17:31.364804",16500.00
"2023-06-02 15:35:19.371875",2500.00
"2023-06-02 15:55:35.191097",7500.00
"2023-06-02 16:26:58.519788",12000.00
"2023-06-02 16:38:48.896966",12500.00
"2023-06-02 18:43:28.931519",1600000.00
"2023-06-02 20:49:43.320531",25000.00
"2023-06-02 21:28:18.966147",6000.00
"2023-06-02 21:33:43.948761",1600000.00
"2023-06-02 22:47:27.695131",22000.00
"2023-06-02 23:58:00.784175",72000.00
"2023-06-03 03:17:45.864516",36000.00
"2023-06-03 04:21:59.513472",425000.00
"2023-06-03 04:33:07.264838",7500.00
"2023-06-03 05:01:55.742479",425000.00
"2023-06-03 07:44:52.181638",6000.00
"2023-06-03 07:59:15.764243",45000.00
"2023-06-03 09:59:36.067428",36000.00
"2023-06-03 10:20:04.513999",25000.00
"2023-06-03 11:27:02.15999",5500.00
"2023-06-03 12:23:36.590929",5000.00
"2023-06-03 13:53:21.13277",1800000.00
"2023-06-03 15:10:11.286717",12000.00
"2023-06-03 15:14:48.741608",12000.00
"2023-06-03 15:24:39.52914",1600000.00
"2023-06-03 16:37:22.044796",25000.00
"2023-06-03 16:42:27.162266",25000.00
"2023-06-03 17:19:49.771714",1280000.00
"2023-06-03 18:25:21.56311",255000.00
"2023-06-03 18:41:12.511718",90000.00
"2023-06-03 19:22:34.726656",45000.00
"2023-06-03 22:38:20.630218",180000.00
"2023-06-03 23:54:14.152379",135000.00
"2023-06-04 00:18:59.533532",2250000.00
"2023-06-04 00:26:36.620612",2250000.00
"2023-06-04 01:08:19.52949",15000.00
"2023-06-04 02:05:56.138382",7500.00
"2023-06-04 04:42:19.848728",12500.00
"2023-06-04 05:22:19.220734",170000.00
"2023-06-04 06:46:02.464976",36000.00
"2023-06-04 09:33:14.750701",1280000.00
"2023-06-04 09:41:23.948751",450000.00
"2023-06-04 09:49:10.973",1600000.00
"2023-06-04 09:53:15.194384",15000.00
"2023-06-04 11:03:39.837461",1350000.00
"2023-06-04 13:47:12.996584",450000.00
"2023-06-04 15:41:13.227977",15000.00
"2023-06-04 17:15:13.338293",27500.00
"2023-06-04 17:23:42.822496",11000.00
"2023-06-04 18:09:25.180424",18000.00
"2023-06-04 18:14:36.404134",425000.00
"2023-06-04 18:57:38.695728",20000.00
"2023-06-04 19:47:18.491036",135000.00
"2023-06-04 20:40:29.951396",425000.00
"2023-06-04 21:02:11.503501",25000.00
"2023-06-04 22:43:43.939848",25000.00
"2023-06-04 22:59:52.3818",640000.00
"2023-06-04 23:11:02.465817",27500.00
"2023-06-04 23:58:32.037611",25000.00
"2023-06-05 00:18:40.65005",1600000.00
"2023-06-05 01:29:29.829544",170000.00
"2023-06-05 02:44:55.149076",16500.00
"2023-06-05 03:29:26.121571",900000.00
"2023-06-05 03:31:01.930875",320000.00
"2023-06-05 04:03:38.07487",225000.00
"2023-06-05 04:33:54.225296",1350000.00
"2023-06-05 07:10:37.094782",425000.00
"2023-06-05 08:56:31.179235",255000.00
"2023-06-05 12:58:37.496868",25000.00
"2023-06-05 14:14:33.400498",5000.00
"2023-06-05 14:29:13.754955",135000.00
"2023-06-05 14:34:08.509969",12500.00
"2023-06-05 14:47:32.885076",20000.00
"2023-06-05 16:41:07.93424",36000.00
"2023-06-05 17:00:33.50856",960000.00
"2023-06-05 17:43:06.204551",2500.00
"2023-06-05 18:07:35.139314",320000.00
"2023-06-05 18:44:58.815964",15000.00
"2023-06-05 19:01:01.86185",900000.00
"2023-06-05 19:01:57.243181",5000.00
"2023-06-05 19:57:23.442189",15000.00
"2023-06-05 20:04:14.110981",5500.00
"2023-06-06 01:50:53.198879",22000.00
"2023-06-06 05:09:20.931631",10000.00
"2023-06-06 05:43:54.450728",2250000.00
"2023-06-06 06:04:01.874486",12000.00
"2023-06-06 06:28:18.702437",18000.00
"2023-06-06 06:49:06.08856",340000.00
"2023-06-06 07:36:36.534908",85000.00
"2023-06-06 08:01:24.582527",5000.00
"2023-06-06 08:51:40.06376",24000.00
"2023-06-06 09:56:27.559437",16500.00
"2023-06-06 10:27:14.591702",900000.00
"2023-06-06 11:09:46.079648",320000.00
"2023-06-06 11:18:03.068219",36000.00
"2023-06-06 14:11:37.359878",18000.00
"2023-06-06 15:32:07.70509",5000.00
"2023-06-06 16:18:25.948723",25000.00
"2023-06-06 17:04:31.837787",1600000.00
"2023-06-06 17:26:00.509155",22000.00
"2023-06-06 17:29:56.247827",960000.00
"2023-06-06 17:54:02.577749",25000.00
"2023-06-06 18:18:54.305978",170000.00
"2023-06-06 21:02:31.02631",900000.00
"2023-06-06 22:21:02.22025",90000.00
"2023-06-06 23:05:08.060785",450000.00
"2023-06-06 23:54:53.828604",1600000.00
"2023-06-07 01:53:50.284295",90000.00
"2023-06-07 04:20:04.911741",54000.00
"2023-06-07 06:45:55.911073",24000.00
"2023-06-07 07:12:43.549156",22000.00
"2023-06-07 07:45:13.70676",180000.00
"2023-06-07 08:13:35.570321",27500.00
"2023-06-07 09:16:10.510213",90000.00
"2023-06-07 11:34:28.133149",340000.00
"2023-06-07 12:36:55.98884",2500.00
"2023-06-07 14:17:28.94211",12000.00
"2023-06-07 16:36:06.791454",72000.00
"2023-06-07 17:16:23.223737",36000.00
"2023-06-07 18:20:06.957404",1600000.00
"2023-06-07 19:13:56.896869",85000.00
"2023-06-07 19:15:12.824777",54000.00
"2023-06-07 19:18:56.560138",25000.00
"2023-06-07 20:41:53.44358",10000.00
"2023-06-07 22:01:04.084588",22000.00
"2023-06-07 23:34:56.102924",85000.00
"2023-06-08 00:03:09.297381",22000.00
"2023-06-08 00:32:41.47874",36000.00
"2023-06-08 07:40:21.08154",135000.00
"2023-06-08 08:41:52.178995",5500.00
"2023-06-08 08:46:22.746064",640000.00
"2023-06-08 10:47:41.126162",5000.00
"2023-06-08 11:55:52.19433",5000.00
"2023-06-08 12:04:48.934085",425000.00
"2023-06-08 12:13:25.715668",2500.00
"2023-06-08 15:57:53.832458",72000.00
"2023-06-08 17:21:25.420779",170000.00
"2023-06-08 19:42:52.802068",12500.00
"2023-06-08 20:13:35.770845",18000.00
"2023-06-08 20:53:23.924072",27500.00
"2023-06-08 22:07:54.459981",18000.00
"2023-06-08 22:10:51.808937",320000.00
"2023-06-08 23:50:52.15349",7500.00
"2023-06-09 03:02:04.731617",45000.00
"2023-06-09 03:21:32.063107",18000.00
"2023-06-09 03:47:52.884275",320000.00
"2023-06-09 04:18:10.391783",135000.00
"2023-06-09 04:46:44.278304",900000.00
"2023-06-09 05:27:29.139405",24000.00
"2023-06-09 07:11:39.723886",54000.00
"2023-06-09 07:44:03.725867",24000.00
"2023-06-09 09:18:03.901351",960000.00
"2023-06-09 10:21:22.806326",5000.00
"2023-06-09 10:56:55.064246",640000.00
"2023-06-09 13:39:03.022397",640000.00
"2023-06-09 14:39:23.800037",225000.00
"2023-06-09 16:31:52.376024",255000.00
"2023-06-09 20:13:54.629684",900000.00
"2023-06-09 20:28:16.810203",22000.00
"2023-06-09 22:34:03.09917",16500.00
"2023-06-09 22:53:52.075942",135000.00
"2023-06-10 01:01:21.933373",5000.00
"2023-06-10 02:18:04.465829",45000.00
"2023-06-10 03:55:13.896949",16500.00
"2023-06-10 04:16:25.02798",6000.00
"2023-06-10 05:12:20.265984",425000.00
"2023-06-10 08:01:41.192035",5000.00
"2023-06-10 08:07:46.550778",135000.00
"2023-06-10 08:28:06.738838",27500.00
"2023-06-10 08:36:17.530936",18000.00
"2023-06-10 09:38:57.58208",900000.00
"2023-06-10 11:14:54.017647",6000.00
"2023-06-10 11:47:39.455804",24000.00
"2023-06-10 13:00:04.097534",36000.00
"2023-06-10 13:46:10.018542",22000.00
"2023-06-10 14:03:44.680569",27500.00
"2023-06-10 14:07:18.455694",170000.00
"2023-06-10 15:55:18.480952",7500.00
"2023-06-10 17:23:39.349299",450000.00
"2023-06-10 17:31:27.370297",320000.00
"2023-06-10 19:18:56.551302",20000.00
"2023-06-10 20:09:44.204386",1280000.00
"2023-06-10 21:45:25.348681",7500.00
"2023-06-10 23:23:51.202987",10000.00
"2023-06-10 23:48:28.675336",5000.00
"2023-06-11 00:11:49.393282",18000.00
"2023-06-11 01:01:48.010023",90000.00
"2023-06-11 02:11:09.606323",18000.00
"2023-06-11 02:51:57.940539",135000.00
"2023-06-11 05:20:01.669897",1350000.00
"2023-06-11 06:20:37.133292",11000.00
"2023-06-11 08:19:14.385782",16500.00
"2023-06-11 09:05:40.465964",320000.00
"2023-06-11 09:36:08.671592",72000.00
"2023-06-11 10:05:23.561999",450000.00
"2023-06-11 10:58:13.219565",12000.00
"2023-06-11 14:21:31.684678",6000.00
"2023-06-11 14:42:19.686843",72000.00
"2023-06-11 14:58:58.571675",5000.00
"2023-06-11 15:35:07.181452",90000.00
"2023-06-11 16:25:23.149776",1280000.00
"2023-06-11 16:47:10.878499",5000.00
"2023-06-11 18:21:28.954188",36000.00
"2023-06-11 19:31:31.993601",90000.00
"2023-06-11 19:31:33.003575",1350000.00
"2023-06-11 20:11:37.476717",54000.00
"2023-06-11 20:53:42.315899",22000.00
"2023-06-11 21:12:49.035776",90000.00
"2023-06-11 22:22:19.755497",135000.00
"2023-06-11 22:42:54.889183",36000.00
"2023-06-12 00:02:28.853862",12000.00
"2023-06-12 00:20:09.058876",18000.00
"2023-06-12 01:13:07.16527",340000.00
"2023-06-12 01:25:14.482392",1350000.00
"2023-06-12 01:41:20.374231",16500.00
"2023-06-12 02:08:22.102504",72000.00
"2023-06-12 02:22:43.52218",18000.00
"2023-06-12 04:25:34.372936",5000.00
"2023-06-12 06:10:06.236467",170000.00
"2023-06-12 09:52:38.869401",72000.00
"2023-06-12 10:11:10.885756",1280000.00
"2023-06-12 10:29:18.380649",180000.00
"2023-06-12 10:30:21.453689",6000.00
"2023-06-12 13:34:37.529594",36000.00
"2023-06-12 14:10:25.207967",30000.00
"2023-06-12 14:25:16.711178",85000.00
"2023-06-12 14:30:35.052752",54000.00
"2023-06-12 14:31:12.49864",1280000.00
"2023-06-12 16:06:03.97586",7500.00
"2023-06-12 16:49:56.034557",15000.00
"2023-06-12 21:57:07.426588",1800000.00
"2023-06-12 23:52:15.346347",12500.00
"2023-06-13 00:31:38.139691",54000.00
"2023-06-13 01:59:59.289781",1280000.00
"2023-06-13 03:23:34.014679",90000.00
"2023-06-13 03:56:11.353469",5000.00
"2023-06-13 04:11:33.709147",5000.00
"2023-06-13 04:33:38.38702",6000.00
"2023-06-13 06:02:30.49106",450000.00
"2023-06-13 07:57:37.882484",170000.00
"2023-06-13 08:07:09.853567",180000.00
"2023-06-13 09:33:18.598649",640000.00
"2023-06-13 10:36:49.701956",90000.00
"2023-06-13 15:27:23.323593",1800000.00
"2023-06-13 16:38:51.079828",54000.00
"2023-06-13 18:25:42.046685",225000.00
"2023-06-13 18:46:06.03208",225000.00
"2023-06-13 19:15:38.551719",1800000.00
"2023-06-13 19:37:08.288989",320000.00
"2023-06-13 19:58:09.325206",11000.00
"2023-06-13 21:15:25.220719",5500.00
"2023-06-13 23:11:03.896485",10000.00
"2023-06-13 23:56:03.699216",170000.00
"2023-06-14 03:05:22.909903",27500.00
"2023-06-14 05:16:26.091303",6000.00
"2023-06-14 06:08:43.211871",1800000.00
"2023-06-14 07:08:34.791938",255000.00
"2023-06-14 07:53:18.033137",45000.00
"2023-06-14 09:37:22.21725",960000.00
"2023-06-14 11:54:59.860199",225000.00
"2023-06-14 12:06:55.470665",7500.00
"2023-06-14 12:39:23.444738",22000.00
"2023-06-14 12:53:03.451623",2500.00
"2023-06-14 13:06:04.100661",10000.00
"2023-06-14 14:24:27.527037",36000.00
"2023-06-14 15:19:48.150425",11000.00
"2023-06-14 15:35:25.135812",85000.00
"2023-06-14 16:18:22.233259",45000.00
"2023-06-14 17:12:32.855003",12000.00
"2023-06-14 18:32:03.326358",5000.00
"2023-06-14 19:40:11.473546",18000.00
"2023-06-14 19:41:51.623653",900000.00
"2023-06-14 20:03:01.017447",72000.00
"2023-06-14 20:38:26.341574",10000.00
"2023-06-14 20:56:51.458914",90000.00
"2023-06-14 22:55:37.566538",54000.00
"2023-06-15 02:49:38.785872",18000.00
"2023-06-15 03:42:12.891597",25000.00
"2023-06-15 04:08:33.193379",16500.00
"2023-06-15 04:30:12.614467",30000.00
"2023-06-15 05:01:14.62179",12000.00
"2023-06-15 05:32:49.343308",90000.00
"2023-06-15 05:46:20.745227",11000.00
"2023-06-15 06:16:01.994141",15000.00
"2023-06-15 07:16:35.506424",85000.00
"2023-06-15 11:20:54.479144",425000.00
"2023-06-15 12:50:16.449249",20000.00
"2023-06-15 13:01:31.493835",2250000.00
"2023-06-15 13:37:04.415342",24000.00
"2023-06-15 14:19:59.381869",135000.00
"2023-06-15 15:39:48.984639",5000.00
"2023-06-15 16:47:56.24975",425000.00
"2023-06-15 19:43:11.689473",340000.00
"2023-06-15 21:55:13.180213",1280000.00
"2023-06-15 22:15:27.120461",12000.00
"2023-06-15 23:41:24.32371",1350000.00
"2023-06-16 00:53:13.365638",5000.00
"2023-06-16 01:01:45.348563",320000.00
"2023-06-16 01:08:59.562846",640000.00
"2023-06-16 02:14:25.910096",170000.00
"2023-06-16 02:18:38.002559",900000.00
"2023-06-16 04:31:24.80993",24000.00
"2023-06-16 04:48:35.902787",180000.00
"2023-06-16 06:07:31.877329",450000.00
"2023-06-16 09:31:31.21645",90000.00
"2023-06-16 10:14:29.611094",10000.00
"2023-06-16 10:38:55.943474",180000.00
"2023-06-16 12:40:56.078278",180000.00
"2023-06-16 13:49:28.486895",5500.00
"2023-06-16 13:51:17.059518",5000.00
"2023-06-16 14:16:34.706899",1800000.00
"2023-06-16 14:57:16.616063",1600000.00
"2023-06-16 15:03:18.313435",6000.00
"2023-06-16 15:08:44.762326",90000.00
"2023-06-16 16:12:08.090287",170000.00
"2023-06-16 16:25:50.779303",640000.00
"2023-06-16 16:34:12.187285",425000.00
"2023-06-16 17:35:32.845327",320000.00
"2023-06-16 18:59:08.797601",16500.00
"2023-06-16 19:39:08.638975",12000.00
"2023-06-16 19:45:18.40881",22000.00
"2023-06-16 20:53:30.002114",85000.00
"2023-06-16 23:06:50.004407",24000.00
"2023-06-16 23:16:05.831448",36000.00
"2023-06-17 00:02:41.211577",1800000.00
"2023-06-17 00:05:10.891593",45000.00
"2023-06-17 00:14:05.70046",960000.00
"2023-06-17 01:12:32.202618",1600000.00
"2023-06-17 04:39:08.750583",12000.00
"2023-06-17 05:25:14.553975",640000.00
"2023-06-17 07:13:24.856381",640000.00
"2023-06-17 07:14:50.004574",6000.00
"2023-06-17 07:58:36.212519",20000.00
"2023-06-17 09:50:07.910337",25000.00
"2023-06-17 10:04:00.98033",255000.00
"2023-06-17 13:35:13.877583",2500.00
"2023-06-17 13:37:36.233551",450000.00
"2023-06-17 13:58:55.444068",18000.00
"2023-06-17 15:28:26.882619",225000.00
"2023-06-17 17:52:59.028737",12000.00
"2023-06-17 20:06:16.150976",5000.00
"2023-06-17 22:16:43.911814",255000.00
"2023-06-18 01:02:45.951133",11000.00
"2023-06-18 03:14:38.316115",24000.00
"2023-06-18 07:50:49.256194",170000.00
"2023-06-18 09:21:27.422451",30000.00
"2023-06-18 12:57:39.712566",25000.00
"2023-06-18 13:22:38.544432",12500.00
"2023-06-18 14:41:33.771981",640000.00
"2023-06-18 15:44:55.716375",16500.00
"2023-06-18 16:14:47.582416",425000.00
"2023-06-18 18:14:22.689611",320000.00
"2023-06-18 21:41:26.80227",85000.00
"2023-06-18 22:55:56.723264",1280000.00
"2023-06-18 22:57:43.803845",45000.00
"2023-06-19 04:40:42.095444",10000.00
"2023-06-19 05:02:01.277076",7500.00
"2023-06-19 06:29:31.303197",20000.00
"2023-06-19 06:37:50.222518",425000.00
"2023-06-19 08:02:43.193795",1600000.00
"2023-06-19 08:58:31.750877",2250000.00
"2023-06-19 12:05:04.38789",6000.00
"2023-06-19 13:39:06.297189",425000.00
"2023-06-19 13:52:41.97413",18000.00
"2023-06-19 14:00:06.378615",12500.00
"2023-06-19 14:32:33.395257",16500.00
"2023-06-19 16:33:47.803009",960000.00
"2023-06-19 16:35:03.46336",1350000.00
"2023-06-19 19:14:26.104418",135000.00
"2023-06-19 23:23:28.801922",10000.00
"2023-06-19 23:52:29.203936",135000.00
"2023-06-20 00:08:00.969116",90000.00
"2023-06-20 00:34:03.309188",900000.00
"2023-06-20 02:50:45.818743",90000.00
"2023-06-20 03:07:40.581449",45000.00
"2023-06-20 04:11:38.57776",170000.00
"2023-06-20 05:41:20.250617",12500.00
"2023-06-20 06:16:22.78146",7500.00
"2023-06-20 07:47:34.682581",10000.00
"2023-06-20 07:58:14.085091",5000.00
"2023-06-20 08:18:00.994176",16500.00
"2023-06-20 08:30:33.378118",2250000.00
"2023-06-20 10:09:03.469166",1280000.00
"2023-06-20 11:38:12.602065",45000.00
"2023-06-20 14:52:32.340386",5000.00
"2023-06-20 15:20:35.867754",45000.00
"2023-06-20 16:07:34.758035",425000.00
"2023-06-20 16:20:03.62314",7500.00
"2023-06-20 17:23:00.411313",1600000.00
"2023-06-20 18:23:45.001737",22000.00
"2023-06-20 19:14:48.06958",18000.00
"2023-06-20 19:43:53.199694",640000.00
"2023-06-20 20:32:45.930134",1350000.00
"2023-06-20 21:36:17.144261",24000.00
"2023-06-20 23:09:52.940412",24000.00
"2023-06-20 23:34:30.840472",1800000.00
"2023-06-20 23:46:41.526026",255000.00
"2023-06-20 23:56:16.020506",425000.00
"2023-06-21 01:35:12.987894",425000.00
"2023-06-21 02:15:10.185627",12500.00
"2023-06-21 02:48:53.850525",340000.00
"2023-06-21 03:17:37.777167",16500.00
"2023-06-21 04:49:11.186508",1600000.00
"2023-06-21 05:21:18.583417",30000.00
"2023-06-21 05:37:03.35287",180000.00
"2023-06-21 05:52:27.998452",5000.00
"2023-06-21 06:08:35.501721",12000.00
"2023-06-21 06:14:04.525076",10000.00
"2023-06-21 08:31:30.503593",2250000.00
"2023-06-21 09:29:22.251998",450000.00
"2023-06-21 09:49:38.721457",135000.00
"2023-06-21 10:20:55.594992",320000.00
"2023-06-21 10:45:51.97471",2250000.00
"2023-06-21 11:40:15.355708",45000.00
"2023-06-21 12:28:06.403181",25000.00
"2023-06-21 13:43:40.903104",135000.00
"2023-06-21 15:35:57.374906",320000.00
"2023-06-21 15:43:11.660866",340000.00
"2023-06-21 19:22:11.590112",7500.00
"2023-06-21 19:32:04.062059",6000.00
"2023-06-21 20:10:12.804522",1800000.00
"2023-06-21 21:19:49.456282",18000.00
"2023-06-21 23:45:05.013841",5500.00
"2023-06-22 00:02:55.819024",2250000.00
"2023-06-22 01:29:09.537027",2250000.00
"2023-06-22 04:43:35.957223",16500.00
"2023-06-22 07:13:32.450815",18000.00
"2023-06-22 09:27:14.132024",12000.00
"2023-06-22 10:10:04.892454",340000.00
"2023-06-22 10:49:07.767514",1800000.00
"2023-06-22 11:07:39.98905",900000.00
"2023-06-22 14:49:17.85574",15000.00
"2023-06-22 15:06:34.628909",22000.00
"2023-06-22 16:53:38.600441",225000.00
"2023-06-22 17:20:11.444084",135000.00
"2023-06-22 19:41:01.954028",1280000.00
"2023-06-22 19:50:22.583892",45000.00
"2023-06-22 19:57:31.605672",180000.00
"2023-06-22 20:16:35.804584",1280000.00
"2023-06-22 20:20:06.259423",25000.00
"2023-06-22 20:20:10.395342",24000.00
"2023-06-22 22:00:15.675114",72000.00
"2023-06-22 22:39:15.628373",12000.00
"2023-06-23 00:22:48.967078",18000.00
"2023-06-23 02:05:02.451028",10000.00
"2023-06-23 03:29:37.978055",15000.00
"2023-06-23 04:11:22.780504",5500.00
"2023-06-23 07:00:22.64524",90000.00
"2023-06-23 09:10:15.924346",2250000.00
"2023-06-23 09:56:43.934794",450000.00
"2023-06-23 12:29:54.319372",900000.00
"2023-06-23 13:05:50.388721",6000.00
"2023-06-23 13:44:50.770108",1350000.00
"2023-06-23 14:04:34.44347",10000.00
"2023-06-23 14:47:56.635746",340000.00
"2023-06-23 14:54:42.131239",960000.00
"2023-06-23 15:29:21.981258",54000.00
"2023-06-23 16:28:17.675075",18000.00
"2023-06-23 17:49:57.940774",170000.00
"2023-06-23 21:04:25.984859",180000.00
"2023-06-23 21:18:32.79017",180000.00
"2023-06-23 21:40:19.07891",640000.00
"2023-06-23 21:46:40.327711",10000.00
"2023-06-23 21:50:23.507957",12000.00
"2023-06-23 22:33:46.320027",90000.00
"2023-06-24 00:09:08.703788",5500.00
"2023-06-24 00:49:26.765882",135000.00
"2023-06-24 03:18:04.765834",7500.00
"2023-06-24 03:40:18.006738",27500.00
"2023-06-24 05:27:03.188802",320000.00
"2023-06-24 05:37:51.991607",320000.00
"2023-06-24 07:50:07.655278",20000.00
"2023-06-24 08:28:20.076892",450000.00
"2023-06-24 09:07:00.358416",45000.00
"2023-06-24 09:48:13.731207",2500.00
"2023-06-24 10:15:14.094131",180000.00
"2023-06-24 10:21:00.210684",340000.00
"2023-06-24 10:29:09.337433",12500.00
"2023-06-24 10:37:29.369894",27500.00
"2023-06-24 11:50:52.778695",18000.00
"2023-06-24 15:28:32.12744",72000.00
"2023-06-24 16:17:20.148791",30000.00
"2023-06-24 17:54:36.488554",10000.00
"2023-06-24 20:23:08.532121",340000.00
"2023-06-24 21:23:42.329057",340000.00
"2023-06-24 22:32:23.131602",5000.00
"2023-06-25 00:29:35.970392",1350000.00
"2023-06-25 01:49:48.092847",170000.00
"2023-06-25 02:34:52.241878",12000.00
"2023-06-25 06:44:30.980883",320000.00
"2023-06-25 11:45:55.34795",640000.00
"2023-06-25 13:36:03.890534",12500.00
"2023-06-25 15:00:24.831055",5000.00
"2023-06-25 15:52:19.424875",2500.00
"2023-06-25 16:17:27.954788",11000.00
"2023-06-25 16:58:28.943483",1600000.00
"2023-06-25 17:35:37.629117",225000.00
"2023-06-25 18:34:03.594199",640000.00
"2023-06-25 18:46:55.788132",2250000.00
"2023-06-25 18:55:13.560396",2250000.00
"2023-06-25 19:45:54.567934",90000.00
"2023-06-25 20:34:23.152783",900000.00
"2023-06-25 21:09:55.376158",1350000.00
"2023-06-25 21:22:03.454897",45000.00
"2023-06-25 21:36:45.34694",5500.00
"2023-06-25 22:02:38.913494",7500.00
"2023-06-25 23:14:44.591837",15000.00
"2023-06-25 23:50:53.674301",10000.00
"2023-06-26 00:14:47.294924",1600000.00
"2023-06-26 02:21:37.285593",255000.00
"2023-06-26 02:59:17.823812",2250000.00
"2023-06-26 05:43:20.665233",16500.00
"2023-06-26 09:46:59.003655",225000.00
"2023-06-26 12:50:43.396359",85000.00
"2023-06-26 13:40:59.766102",2500.00
"2023-06-26 14:10:48.904902",960000.00
"2023-06-26 14:30:52.201627",6000.00
"2023-06-26 15:07:13.882419",11000.00
"2023-06-26 15:19:43.420978",18000.00
"2023-06-26 17:56:16.251258",12500.00
"2023-06-26 18:25:01.315244",5500.00
"2023-06-26 20:23:25.375824",45000.00
"2023-06-26 20:44:22.112905",425000.00
"2023-06-26 21:58:31.686157",225000.00
"2023-06-26 23:43:20.392049",5500.00
"2023-06-27 01:05:12.42249",90000.00
"2023-06-27 01:39:20.383125",10000.00
"2023-06-27 02:18:52.958634",18000.00
"2023-06-27 03:02:23.037817",7500.00
"2023-06-27 07:03:13.511383",10000.00
"2023-06-27 07:06:26.144182",340000.00
"2023-06-27 07:33:36.061527",450000.00
"2023-06-27 08:01:56.506446",1350000.00
"2023-06-27 08:26:00.897129",12000.00
"2023-06-27 10:05:17.347019",960000.00
"2023-06-27 10:25:18.37776",15000.00
"2023-06-27 10:32:34.323271",1350000.00
"2023-06-27 10:44:11.981191",90000.00
"2023-06-27 11:51:25.489531",7500.00
"2023-06-27 12:33:10.525918",5000.00
"2023-06-27 12:38:20.133376",5500.00
"2023-06-27 14:00:19.589259",5000.00
"2023-06-27 15:20:58.312568",900000.00
"2023-06-27 17:29:22.201005",5000.00
"2023-06-27 18:31:33.749877",5000.00
"2023-06-27 19:28:37.30361",45000.00
"2023-06-27 20:50:45.689556",15000.00
"2023-06-27 21:42:25.137512",5500.00
"2023-06-27 23:58:35.146959",85000.00
"2023-06-28 01:54:08.124024",225000.00
"2023-06-28 02:57:29.61765",425000.00
"2023-06-28 03:35:47.248745",1280000.00
"2023-06-28 04:12:07.567493",170000.00
"2023-06-28 05:34:52.395254",2500.00
"2023-06-28 05:40:08.769467",24000.00
"2023-06-28 09:42:15.07514",5500.00
"2023-06-28 11:14:35.907346",450000.00
"2023-06-28 12:02:14.054167",1280000.00
"2023-06-28 12:16:57.647473",2500.00
"2023-06-28 12:32:49.993119",1280000.00
"2023-06-28 12:48:51.259311",450000.00
"2023-06-28 13:21:27.224882",20000.00
"2023-06-28 14:15:43.944502",11000.00
"2023-06-28 14:40:17.020751",90000.00
"2023-06-28 16:11:13.477491",425000.00
"2023-06-28 17:11:14.252353",2250000.00
"2023-06-28 19:40:32.103825",5000.00
"2023-06-28 22:04:00.971339",6000.00
"2023-06-28 22:33:10.551437",450000.00
"2023-06-28 23:06:27.58137",45000.00
"2023-06-29 06:00:15.640684",640000.00
"2023-06-29 07:23:58.169776",170000.00
"2023-06-29 09:02:06.885348",640000.00
"2023-06-29 13:26:35.601715",16500.00
"2023-06-29 13:30:46.412241",16500.00
"2023-06-29 14:13:49.458694",5500.00
"2023-06-29 14:17:22.151103",10000.00
"2023-06-29 14:21:44.469245",27500.00
"2023-06-29 16:41:50.315036",22000.00
"2023-06-29 19:50:03.952906",85000.00
"2023-06-29 20:56:06.165792",10000.00
"2023-06-29 21:29:03.317472",11000.00
"2023-06-29 21:37:08.656631",5000.00
"2023-06-29 21:56:24.495746",425000.00
"2023-06-29 23:14:20.426867",6000.00
"2023-06-29 23:49:45.262525",7500.00
"2023-06-30 03:15:13.532535",1280000.00
"2023-06-30 04:20:59.018285",1350000.00
"2023-06-30 06:47:10.681879",18000.00
"2023-06-30 07:01:38.250255",7500.00
"2023-06-30 07:06:53.275612",320000.00
"2023-06-30 07:44:55.154131",90000.00
"2023-06-30 09:40:53.952601",1280000.00
"2023-06-30 10:12:41.652195",5000.00
"2023-06-30 12:23:47.24926",85000.00
"2023-06-30 13:14:20.563858",340000.00
"2023-06-30 16:09:12.727791",425000.00
"2023-06-30 18:15:46.062668",135000.00
"2023-06-30 23:16:58.142535",85000.00
"2023-07-01 00:07:23.969849",12500.00
"2023-07-01 00:46:20.491066",27500.00
"2023-07-01 01:24:39.058373",10000.00
"2023-07-01 02:49:42.474201",1350000.00
"2023-07-01 04:04:22.057075",85000.00
"2023-07-01 04:17:38.513549",6000.00
"2023-07-01 04:27:21.245356",425000.00
"2023-07-01 07:33:11.42013",450000.00
"2023-07-01 07:35:41.03934",2500.00
"2023-07-01 08:36:48.888099",450000.00
"2023-07-01 10:46:48.229856",90000.00
"2023-07-01 11:10:54.355892",6000.00
"2023-07-01 12:26:50.809535",135000.00
"2023-07-01 13:57:18.473818",12000.00
"2023-07-01 14:11:13.075974",12500.00
"2023-07-01 15:13:12.206426",72000.00
"2023-07-01 16:02:56.954617",255000.00
"2023-07-01 17:21:28.5988",180000.00
"2023-07-01 17:39:27.179866",10000.00
"2023-07-01 20:20:01.380156",10000.00
"2023-07-01 20:55:13.608453",12000.00
"2023-07-01 21:31:33.156722",450000.00
"2023-07-01 22:32:32.736346",1280000.00
"2023-07-01 22:51:34.077576",90000.00
"2023-07-02 00:23:38.348334",640000.00
"2023-07-02 02:35:36.418293",320000.00
"2023-07-02 03:50:52.797314",30000.00
"2023-07-02 04:34:29.42944",320000.00
"2023-07-02 08:32:47.669452",5000.00
"2023-07-02 09:37:57.325736",900000.00
"2023-07-02 10:54:47.509006",16500.00
"2023-07-02 11:21:44.484641",5000.00
"2023-07-02 11:21:51.677376",11000.00
"2023-07-02 11:27:26.116057",900000.00
"2023-07-02 11:38:22.435792",5000.00
"2023-07-02 12:21:34.206314",960000.00
"2023-07-02 13:04:16.7802",25000.00
"2023-07-02 13:45:31.110823",5500.00
"2023-07-02 14:00:41.203274",1350000.00
"2023-07-02 15:20:25.664539",2250000.00
"2023-07-02 19:36:45.438878",45000.00
"2023-07-02 21:42:17.840518",170000.00
"2023-07-03 00:34:28.978197",225000.00
"2023-07-03 00:47:47.416712",1280000.00
"2023-07-03 01:22:24.945479",450000.00
"2023-07-03 01:25:18.563287",11000.00
"2023-07-03 01:35:07.757467",45000.00
"2023-07-03 01:39:56.968069",10000.00
"2023-07-03 06:18:08.493853",1350000.00
"2023-07-03 06:34:45.053612",12500.00
"2023-07-03 07:12:42.540142",5000.00
"2023-07-03 07:16:18.735453",1800000.00
"2023-07-03 09:30:26.737516",225000.00
"2023-07-03 12:13:53.434155",1600000.00
"2023-07-03 12:46:32.971841",18000.00
"2023-07-03 13:20:25.508667",2500.00
"2023-07-03 14:43:46.705101",22000.00
"2023-07-03 14:48:17.856204",340000.00
"2023-07-03 14:51:27.84318",900000.00
"2023-07-03 15:10:18.622563",960000.00
"2023-07-03 15:47:26.751677",5500.00
"2023-07-03 16:53:20.208506",10000.00
"2023-07-03 17:21:59.106135",2500.00
"2023-07-03 20:16:05.079219",10000.00
"2023-07-03 20:38:25.232716",15000.00
"2023-07-03 22:11:07.83057",90000.00
"2023-07-03 23:53:02.786824",2500.00
"2023-07-04 01:37:55.870354",135000.00
"2023-07-04 08:17:07.358529",1280000.00
"2023-07-04 09:12:03.091807",54000.00
"2023-07-04 10:31:19.431176",450000.00
"2023-07-04 11:26:03.648065",25000.00
"2023-07-04 11:36:45.75756",24000.00
"2023-07-04 12:21:50.116902",15000.00
"2023-07-04 14:04:44.575535",340000.00
"2023-07-04 15:00:54.694612",255000.00
"2023-07-04 15:37:33.580174",10000.00
"2023-07-04 15:47:56.9769",18000.00
"2023-07-04 15:52:53.495659",1350000.00
"2023-07-04 16:48:53.352554",2500.00
"2023-07-04 17:38:09.464911",54000.00
"2023-07-04 19:31:30.900374",20000.00
"2023-07-04 22:41:16.115819",16500.00
"2023-07-04 23:17:54.499271",12000.00
"2023-07-05 00:48:19.933844",22000.00
"2023-07-05 01:39:22.284991",45000.00
"2023-07-05 03:11:40.987439",425000.00
"2023-07-05 03:30:43.77618",320000.00
"2023-07-05 04:27:42.87931",90000.00
"2023-07-05 05:45:33.187029",25000.00
"2023-07-05 06:11:17.8391",2250000.00
"2023-07-05 06:38:01.586942",450000.00
"2023-07-05 11:09:39.336581",170000.00
"2023-07-05 11:24:37.152167",20000.00
"2023-07-05 12:14:22.463178",180000.00
"2023-07-05 14:31:47.74596",5500.00
"2023-07-05 15:05:22.212173",18000.00
"2023-07-05 15:09:25.371542",36000.00
"2023-07-05 15:10:09.265836",12000.00
"2023-07-05 15:27:21.249918",6000.00
"2023-07-05 15:27:22.779677",2250000.00
"2023-07-05 15:55:39.839055",1600000.00
"2023-07-05 16:51:15.028581",30000.00
"2023-07-05 17:12:15.074238",1600000.00
"2023-07-05 17:30:16.600073",30000.00
"2023-07-05 19:48:58.735016",135000.00
"2023-07-06 00:13:34.756601",24000.00
"2023-07-06 02:38:39.803034",15000.00
"2023-07-06 03:41:45.494653",15000.00
"2023-07-06 04:40:48.962318",25000.00
"2023-07-06 04:43:44.423725",320000.00
"2023-07-06 05:33:02.383287",12500.00
"2023-07-06 08:29:41.223402",16500.00
"2023-07-06 09:01:19.344436",6000.00
"2023-07-06 10:40:40.728709",7500.00
"2023-07-06 13:07:32.413324",425000.00
"2023-07-06 15:01:47.724655",30000.00
"2023-07-06 15:19:53.239564",225000.00
"2023-07-06 16:42:05.224405",6000.00
"2023-07-06 17:57:03.690776",25000.00
"2023-07-06 18:26:32.050393",25000.00
"2023-07-06 19:38:27.652982",170000.00
"2023-07-06 20:27:23.49138",11000.00
"2023-07-06 20:31:17.821112",85000.00
"2023-07-06 21:18:48.608149",340000.00
"2023-07-06 22:29:42.938129",11000.00
"2023-07-06 23:59:17.3119",10000.00
"2023-07-07 00:00:06.380569",15000.00
"2023-07-07 01:22:59.610143",7500.00
"2023-07-07 02:21:38.326114",72000.00
"2023-07-07 03:45:13.914143",5000.00
"2023-07-07 04:18:50.245046",1280000.00
"2023-07-07 06:17:39.916134",11000.00
"2023-07-07 07:08:53.876649",12000.00
"2023-07-07 07:22:25.763982",15000.00
"2023-07-07 08:10:35.572734",10000.00
"2023-07-07 09:18:49.705962",10000.00
"2023-07-07 09:53:51.296407",54000.00
"2023-07-07 10:01:00.97408",135000.00
"2023-07-07 11:56:10.356051",22000.00
"2023-07-07 12:51:20.964822",960000.00
"2023-07-07 12:56:21.703939",320000.00
"2023-07-07 13:09:34.017128",2500.00
"2023-07-07 13:16:29.048513",15000.00
"2023-07-07 13:51:41.883121",1600000.00
"2023-07-07 14:27:28.293439",340000.00
"2023-07-07 14:31:45.644078",2250000.00
"2023-07-07 14:46:34.652906",10000.00
"2023-07-07 17:08:57.722627",6000.00
"2023-07-07 17:35:14.604148",450000.00
"2023-07-07 20:58:40.685467",320000.00
"2023-07-07 22:06:30.943135",960000.00
"2023-07-07 23:23:13.012628",18000.00
"2023-07-07 23:37:22.643191",90000.00
"2023-07-08 00:19:19.636329",85000.00
"2023-07-08 00:31:05.185505",18000.00
"2023-07-08 00:59:16.045135",27500.00
"2023-07-08 01:41:14.785203",2500.00
"2023-07-08 02:38:44.155578",22000.00
"2023-07-08 02:55:30.010442",90000.00
"2023-07-08 03:35:24.381983",2500.00
"2023-07-08 03:41:54.852673",45000.00
"2023-07-08 04:40:41.401328",1800000.00
"2023-07-08 05:17:43.826878",6000.00
"2023-07-08 05:20:25.708904",90000.00
"2023-07-08 07:50:44.739747",180000.00
"2023-07-08 08:15:33.218915",640000.00
"2023-07-08 09:33:50.689367",15000.00
"2023-07-08 10:46:42.191173",85000.00
"2023-07-08 11:46:43.624487",5000.00
"2023-07-08 12:43:08.397011",45000.00
"2023-07-08 14:18:32.423855",2500.00
"2023-07-08 17:06:31.880012",2250000.00
"2023-07-08 18:47:25.314633",225000.00
"2023-07-08 22:47:08.569104",2250000.00
"2023-07-08 23:24:02.986116",45000.00
"2023-07-08 23:37:06.910306",1350000.00
"2023-07-09 06:37:19.291713",5500.00
"2023-07-09 07:30:44.2101",2500.00
"2023-07-09 07:44:13.835813",25000.00
"2023-07-09 08:18:04.663743",170000.00
"2023-07-09 08:29:29.848948",45000.00
"2023-07-09 08:47:28.997588",10000.00
"2023-07-09 08:51:40.041417",25000.00
"2023-07-09 09:42:28.771508",180000.00
"2023-07-09 11:13:28.905117",18000.00
"2023-07-09 12:31:18.826643",18000.00
"2023-07-09 14:36:38.274525",135000.00
"2023-07-09 15:16:45.897065",10000.00
"2023-07-09 15:50:54.077676",2250000.00
"2023-07-09 16:04:10.777215",450000.00
"2023-07-09 16:56:30.789485",16500.00
"2023-07-09 17:56:09.463408",15000.00
"2023-07-09 20:24:06.123996",30000.00
"2023-07-09 20:47:05.469941",85000.00
"2023-07-09 23:00:42.400024",1800000.00
"2023-07-09 23:24:34.512956",16500.00
"2023-07-09 23:33:13.537694",425000.00
"2023-07-09 23:34:29.244648",11000.00
"2023-07-10 01:04:20.248817",16500.00
"2023-07-10 01:10:08.192339",1280000.00
"2023-07-10 01:18:36.494854",1350000.00
"2023-07-10 02:13:19.676501",30000.00
"2023-07-10 02:45:33.16644",2500.00
"2023-07-10 05:46:30.637474",5500.00
"2023-07-10 06:14:49.108121",10000.00
"2023-07-10 07:30:33.026485",5000.00
"2023-07-10 08:21:07.317423",10000.00
"2023-07-10 08:53:18.723179",640000.00
"2023-07-10 10:12:24.595767",90000.00
"2023-07-10 11:12:56.242928",640000.00
"2023-07-10 11:24:56.581369",10000.00
"2023-07-10 11:43:50.305755",2500.00
"2023-07-10 12:20:41.980032",30000.00
"2023-07-10 12:25:14.368063",85000.00
"2023-07-10 14:53:15.825483",16500.00
"2023-07-10 17:01:56.246423",25000.00
"2023-07-10 19:28:05.726228",90000.00
"2023-07-10 20:34:55.134038",450000.00
"2023-07-10 23:02:45.443977",5500.00
"2023-07-10 23:17:20.487062",7500.00
"2023-07-11 00:24:02.218219",450000.00
"2023-07-11 01:28:57.249216",30000.00
"2023-07-11 02:58:33.545574",24000.00
"2023-07-11 02:59:36.267086",180000.00
"2023-07-11 03:16:52.817116",320000.00
"2023-07-11 04:50:03.552628",15000.00
"2023-07-11 06:08:22.652442",320000.00
"2023-07-11 06:20:21.558755",30000.00
"2023-07-11 06:25:36.781693",27500.00
"2023-07-11 06:37:24.949762",16500.00
"2023-07-11 06:55:50.193656",5000.00
"2023-07-11 09:46:05.231716",340000.00
"2023-07-11 09:47:33.288063",85000.00
"2023-07-11 09:53:39.930764",425000.00
"2023-07-11 09:57:33.050998",5000.00
"2023-07-11 10:53:56.08436",170000.00
"2023-07-11 11:07:30.067912",12000.00
"2023-07-11 12:36:05.890908",6000.00
"2023-07-11 12:38:56.009782",640000.00
"2023-07-11 15:32:03.575558",180000.00
"2023-07-11 15:44:08.566642",255000.00
"2023-07-11 16:23:28.551563",2500.00
"2023-07-11 20:15:11.501218",7500.00
"2023-07-11 20:40:41.749713",12000.00
"2023-07-11 22:10:22.653365",36000.00
"2023-07-11 23:07:12.429705",5500.00
"2023-07-12 01:26:54.494974",340000.00
"2023-07-12 04:48:40.051027",7500.00
"2023-07-12 05:09:07.279148",1800000.00
"2023-07-12 05:12:09.035501",18000.00
"2023-07-12 07:12:45.4651",18000.00
"2023-07-12 08:24:29.627978",425000.00
"2023-07-12 08:39:00.06008",1600000.00
"2023-07-12 09:40:13.471876",170000.00
"2023-07-12 10:12:24.901294",5000.00
"2023-07-12 10:29:50.701111",7500.00
"2023-07-12 10:49:40.001795",45000.00
"2023-07-12 12:20:07.847732",6000.00
"2023-07-12 13:56:39.683658",36000.00
"2023-07-12 14:42:00.123282",1280000.00
"2023-07-12 15:38:14.18123",12500.00
"2023-07-12 15:39:54.495895",900000.00
"2023-07-12 16:48:18.636827",16500.00
"2023-07-12 16:49:22.665329",30000.00
"2023-07-12 17:53:41.17423",12500.00
"2023-07-12 18:13:50.249407",54000.00
"2023-07-12 21:48:57.248348",1350000.00
"2023-07-12 22:14:55.343154",10000.00
"2023-07-12 23:15:26.005024",2250000.00
"2023-07-13 01:38:35.038951",20000.00
"2023-07-13 03:10:41.000674",36000.00
"2023-07-13 03:16:36.432391",45000.00
"2023-07-13 04:16:37.881183",1600000.00
"2023-07-13 05:25:17.858758",90000.00
"2023-07-13 05:47:53.720815",180000.00
"2023-07-13 06:05:08.395783",90000.00
"2023-07-13 07:07:13.980156",640000.00
"2023-07-13 08:37:58.86104",20000.00
"2023-07-13 08:46:47.804507",18000.00
"2023-07-13 08:47:05.248514",450000.00
"2023-07-13 09:01:37.049316",340000.00
"2023-07-13 10:34:31.989638",7500.00
"2023-07-13 11:21:52.483622",25000.00
"2023-07-13 11:22:26.556283",900000.00
"2023-07-13 15:40:06.34431",1600000.00
"2023-07-13 16:40:56.577547",320000.00
"2023-07-13 17:25:31.14827",640000.00
"2023-07-13 19:36:29.245494",255000.00
"2023-07-13 20:16:39.663654",1800000.00
"2023-07-13 20:26:21.67796",135000.00
"2023-07-13 22:07:38.606454",1350000.00
"2023-07-13 23:23:12.638657",11000.00
"2023-07-14 00:18:19.571867",225000.00
"2023-07-14 01:01:01.347852",5500.00
"2023-07-14 01:55:29.922297",24000.00
"2023-07-14 02:32:12.816973",640000.00
"2023-07-14 02:38:06.170021",10000.00
"2023-07-14 02:42:37.4502",340000.00
"2023-07-14 03:42:19.026447",170000.00
"2023-07-14 04:10:36.456567",1280000.00
"2023-07-14 04:12:54.31658",10000.00
"2023-07-14 04:36:07.927564",27500.00
"2023-07-14 04:43:30.806702",25000.00
"2023-07-14 04:45:46.653825",12000.00
"2023-07-14 05:32:48.891969",7500.00
"2023-07-14 07:35:41.42638",960000.00
"2023-07-14 07:42:21.645183",12500.00
"2023-07-14 08:04:51.855482",1800000.00
"2023-07-14 08:06:51.836018",10000.00
"2023-07-14 10:40:29.604918",5000.00
"2023-07-14 11:42:54.978803",11000.00
"2023-07-14 11:47:05.006194",45000.00
"2023-07-14 12:18:00.328268",1350000.00
"2023-07-14 14:34:31.480559",36000.00
"2023-07-14 16:29:15.830812",2250000.00
"2023-07-14 17:01:59.139414",11000.00
"2023-07-14 18:09:56.502995",24000.00
"2023-07-14 18:15:47.16362",180000.00
"2023-07-14 19:17:30.191984",5500.00
"2023-07-14 22:37:05.315559",6000.00
"2023-07-14 23:11:14.474585",45000.00
"2023-07-14 23:54:59.628201",225000.00
"2023-07-15 00:43:03.495447",15000.00
"2023-07-15 03:41:00.486091",5500.00
"2023-07-15 06:20:45.515154",960000.00
"2023-07-15 08:26:58.40418",16500.00
"2023-07-15 08:28:39.517348",36000.00
"2023-07-15 09:29:08.879502",6000.00
"2023-07-15 11:11:46.94392",25000.00
"2023-07-15 15:54:20.325246",640000.00
"2023-07-15 16:34:34.834914",11000.00
"2023-07-15 18:20:15.734446",6000.00
"2023-07-15 20:16:17.386441",960000.00
"2023-07-15 21:17:49.879596",10000.00
"2023-07-15 21:40:12.369607",18000.00
"2023-07-15 21:47:15.00323",1350000.00
"2023-07-15 21:58:54.273125",960000.00
"2023-07-15 22:06:39.883652",16500.00
"2023-07-16 00:27:50.636425",135000.00
"2023-07-16 02:38:22.767842",900000.00
"2023-07-16 04:19:12.069745",2500.00
"2023-07-16 04:25:25.138833",25000.00
"2023-07-16 05:20:59.358326",10000.00
"2023-07-16 06:43:06.191397",22000.00
"2023-07-16 06:55:27.927107",1800000.00
"2023-07-16 08:00:18.695084",5500.00
"2023-07-16 09:13:41.568372",11000.00
"2023-07-16 09:24:03.181622",425000.00
"2023-07-16 10:04:32.99456",255000.00
"2023-07-16 14:47:57.80412",2250000.00
"2023-07-16 15:21:15.40027",90000.00
"2023-07-16 15:37:17.012291",5000.00
"2023-07-16 16:01:29.079448",2250000.00
"2023-07-16 16:49:18.858231",1600000.00
"2023-07-16 17:00:50.32276",255000.00
"2023-07-16 17:06:30.513406",2500.00
"2023-07-16 17:14:49.213976",1350000.00
"2023-07-16 18:29:53.25847",7500.00
"2023-07-16 18:56:37.665854",12000.00
"2023-07-16 19:36:06.960979",11000.00
"2023-07-16 19:41:56.197166",54000.00
"2023-07-16 20:12:44.487194",20000.00
"2023-07-16 21:02:37.996306",18000.00
"2023-07-16 21:07:54.376394",180000.00
"2023-07-16 21:38:25.369555",640000.00
"2023-07-16 22:17:33.263758",27500.00
"2023-07-16 22:43:14.829392",12000.00
"2023-07-17 01:46:48.164634",320000.00
"2023-07-17 02:47:23.191157",5000.00
"2023-07-17 04:15:47.214559",900000.00
"2023-07-17 04:16:35.602948",1800000.00
"2023-07-17 05:00:53.033168",90000.00
"2023-07-17 05:01:08.136521",15000.00
"2023-07-17 05:04:01.915409",11000.00
"2023-07-17 05:19:29.256555",640000.00
"2023-07-17 06:06:11.042507",18000.00
"2023-07-17 07:27:17.663674",22000.00
"2023-07-17 07:56:58.370773",640000.00
"2023-07-17 08:56:36.129191",12000.00
"2023-07-17 11:13:42.530891",16500.00
"2023-07-17 11:22:04.360196",2250000.00
"2023-07-17 12:44:05.79571",1800000.00
"2023-07-17 12:58:05.883862",5000.00
"2023-07-17 13:21:56.116174",450000.00
"2023-07-17 13:33:00.461623",30000.00
"2023-07-17 13:45:29.807691",170000.00
"2023-07-17 14:38:39.702565",24000.00
"2023-07-17 15:13:31.439549",85000.00
"2023-07-17 15:53:52.35542",170000.00
"2023-07-17 17:54:16.648696",15000.00
"2023-07-17 22:22:50.739962",12500.00
"2023-07-17 22:26:19.181328",5500.00
"2023-07-17 22:53:55.408078",72000.00
"2023-07-17 23:19:07.863566",5000.00
"2023-07-17 23:43:22.064454",900000.00
"2023-07-17 23:55:57.334445",1350000.00
"2023-07-18 00:16:29.405945",18000.00
"2023-07-18 00:18:00.823226",36000.00
"2023-07-18 01:18:14.658677",16500.00
"2023-07-18 03:47:22.926979",11000.00
"2023-07-18 04:49:10.074627",135000.00
"2023-07-18 05:19:22.895091",1800000.00
"2023-07-18 09:27:04.24721",450000.00
"2023-07-18 09:34:24.384244",45000.00
"2023-07-18 09:35:39.482321",11000.00
"2023-07-18 09:56:07.277775",90000.00
"2023-07-18 11:24:20.870443",2500.00
"2023-07-18 13:55:56.095146",7500.00
"2023-07-18 14:41:48.657358",54000.00
"2023-07-18 15:51:40.87484",18000.00
"2023-07-18 18:34:06.526506",54000.00
"2023-07-18 18:38:10.630891",12000.00
"2023-07-18 19:08:05.145198",5000.00
"2023-07-18 19:23:06.297035",45000.00
"2023-07-18 20:44:11.515947",54000.00
"2023-07-18 22:22:10.426498",45000.00
"2023-07-19 02:45:13.486913",45000.00
"2023-07-19 04:03:04.552301",900000.00
"2023-07-19 10:32:25.812816",90000.00
"2023-07-19 12:27:33.262973",255000.00
"2023-07-19 13:31:47.123148",22000.00
"2023-07-19 14:05:29.14061",1800000.00
"2023-07-19 15:36:52.132466",900000.00
"2023-07-19 16:02:44.733589",18000.00
"2023-07-19 18:09:13.303141",12500.00
"2023-07-19 18:59:04.402926",12000.00
"2023-07-19 21:06:33.169581",1280000.00
"2023-07-19 21:36:34.045106",960000.00
"2023-07-19 21:46:24.705222",135000.00
"2023-07-19 23:05:02.719649",16500.00
"2023-07-20 00:16:21.749486",1600000.00
"2023-07-20 00:56:40.42867",20000.00
"2023-07-20 01:02:55.866969",2250000.00
"2023-07-20 01:48:12.921811",255000.00
"2023-07-20 03:19:17.338598",45000.00
"2023-07-20 03:28:03.309487",12000.00
"2023-07-20 03:47:02.866425",24000.00
"2023-07-20 08:58:13.806824",5500.00
"2023-07-20 10:44:06.16594",25000.00
"2023-07-20 14:20:48.226563",15000.00
"2023-07-20 14:34:32.325372",54000.00
"2023-07-20 15:38:26.296324",2250000.00
"2023-07-20 16:19:15.957052",20000.00
"2023-07-20 16:27:06.632164",135000.00
"2023-07-20 16:34:41.853973",54000.00
"2023-07-20 17:10:59.437651",18000.00
"2023-07-20 17:13:53.254794",320000.00
"2023-07-20 17:31:30.387449",255000.00
"2023-07-20 19:05:13.761602",6000.00
"2023-07-20 20:19:05.833353",12000.00
"2023-07-21 02:27:13.323497",900000.00
"2023-07-21 03:01:17.723209",18000.00
"2023-07-21 04:05:27.403922",90000.00
"2023-07-21 05:58:37.026955",320000.00
"2023-07-21 06:12:08.707579",90000.00
"2023-07-21 06:34:34.465728",425000.00
"2023-07-21 08:35:39.679921",2250000.00
"2023-07-21 08:42:37.203556",960000.00
"2023-07-21 09:17:05.5427",12000.00
"2023-07-21 10:01:53.321497",450000.00
"2023-07-21 10:08:19.957809",1800000.00
"2023-07-21 10:48:49.898442",12500.00
"2023-07-21 12:20:02.31876",5000.00
"2023-07-21 13:26:16.675387",180000.00
"2023-07-21 14:00:00.241184",1280000.00
"2023-07-21 17:17:34.445703",10000.00
"2023-07-21 17:53:49.323937",45000.00
"2023-07-21 19:58:54.494287",900000.00
"2023-07-21 20:00:32.667283",320000.00
"2023-07-21 20:21:02.340527",1280000.00
"2023-07-21 21:19:23.029938",425000.00
"2023-07-21 21:28:27.883687",45000.00
"2023-07-21 22:51:58.931466",45000.00
"2023-07-21 23:29:22.012111",15000.00
"2023-07-21 23:36:08.40774",5500.00
"2023-07-22 02:50:59.493443",18000.00
"2023-07-22 04:07:28.406208",85000.00
"2023-07-22 06:45:57.052281",5000.00
"2023-07-22 07:04:18.326883",12500.00
"2023-07-22 07:58:11.791887",170000.00
"2023-07-22 12:30:58.640462",90000.00
"2023-07-22 12:46:37.501663",90000.00
"2023-07-22 13:39:14.212908",960000.00
"2023-07-22 14:54:27.302855",24000.00
"2023-07-22 16:33:16.011975",1280000.00
"2023-07-22 16:57:52.308828",5500.00
"2023-07-22 18:13:18.165722",45000.00
"2023-07-22 18:32:50.507871",1280000.00
"2023-07-22 20:22:29.955271",24000.00
"2023-07-22 22:24:20.310215",54000.00
"2023-07-22 22:44:31.440285",960000.00
"2023-07-23 00:09:40.592007",180000.00
"2023-07-23 00:18:18.413227",10000.00
"2023-07-23 00:33:18.807844",6000.00
"2023-07-23 00:51:34.781476",1800000.00
"2023-07-23 02:38:16.491055",135000.00
"2023-07-23 03:22:04.487502",5500.00
"2023-07-23 04:26:59.616911",18000.00
"2023-07-23 07:39:51.730427",225000.00
"2023-07-23 08:32:21.039022",2500.00
"2023-07-23 09:02:21.174096",30000.00
"2023-07-23 10:02:59.052395",135000.00
"2023-07-23 10:54:28.229397",11000.00
"2023-07-23 11:08:50.624578",5000.00
"2023-07-23 11:59:31.204584",16500.00
"2023-07-23 12:42:41.566312",25000.00
"2023-07-23 13:18:31.848224",16500.00
"2023-07-23 14:44:36.020786",85000.00
"2023-07-23 15:24:27.318735",7500.00
"2023-07-23 16:36:42.213616",11000.00
"2023-07-23 17:33:51.773286",18000.00
"2023-07-23 19:10:56.011361",7500.00
"2023-07-23 19:37:01.183506",20000.00
"2023-07-23 21:09:40.394442",18000.00
"2023-07-23 21:12:48.987877",170000.00
"2023-07-23 22:34:39.585193",180000.00
"2023-07-23 22:45:22.75069",36000.00
"2023-07-23 22:56:11.983999",30000.00
"2023-07-24 00:23:37.304049",170000.00
"2023-07-24 01:22:30.690014",450000.00
"2023-07-24 02:22:04.9845",5500.00
"2023-07-24 05:25:10.373104",54000.00
"2023-07-24 07:06:39.355813",5000.00
"2023-07-24 07:20:34.051819",340000.00
"2023-07-24 08:52:13.661636",225000.00
"2023-07-24 10:12:51.663989",22000.00
"2023-07-24 11:06:21.603647",900000.00
"2023-07-24 12:05:59.396174",5000.00
"2023-07-24 14:03:09.301314",5500.00
"2023-07-24 14:44:36.626398",900000.00
"2023-07-24 15:52:21.022419",12000.00
"2023-07-24 17:09:20.085648",36000.00
"2023-07-24 18:00:51.688605",54000.00
"2023-07-24 19:12:40.464751",425000.00
"2023-07-24 19:24:02.895264",1600000.00
"2023-07-24 19:42:40.318089",135000.00
"2023-07-24 19:43:33.867465",90000.00
"2023-07-24 20:05:39.401716",24000.00
"2023-07-24 20:18:58.956926",425000.00
"2023-07-24 20:20:47.763958",90000.00
"2023-07-24 23:09:15.327595",90000.00
"2023-07-25 00:34:01.665615",170000.00
"2023-07-25 00:39:39.824832",11000.00
"2023-07-25 01:27:26.330995",24000.00
"2023-07-25 02:00:45.192188",25000.00
"2023-07-25 02:16:09.996117",18000.00
"2023-07-25 03:54:20.862846",12500.00
"2023-07-25 05:27:04.224521",30000.00
"2023-07-25 05:45:09.777924",15000.00
"2023-07-25 06:24:27.825259",255000.00
"2023-07-25 06:59:25.170868",2250000.00
"2023-07-25 07:37:20.261214",16500.00
"2023-07-25 08:11:35.88537",6000.00
"2023-07-25 08:23:08.52427",10000.00
"2023-07-25 08:30:33.520709",12000.00
"2023-07-25 09:46:52.103641",25000.00
"2023-07-25 11:26:35.392819",1350000.00
"2023-07-25 11:52:05.439739",320000.00
"2023-07-25 14:13:33.911537",24000.00
"2023-07-25 14:34:06.451087",24000.00
"2023-07-25 16:07:09.86746",20000.00
"2023-07-25 16:20:08.933908",24000.00
"2023-07-25 18:25:09.42239",1350000.00
"2023-07-25 18:49:54.218543",10000.00
"2023-07-25 20:51:14.741465",1600000.00
"2023-07-25 21:53:06.467095",1280000.00
"2023-07-25 22:09:33.44151",425000.00
"2023-07-25 22:46:40.824797",425000.00
"2023-07-26 00:39:50.775778",36000.00
"2023-07-26 02:23:33.124907",90000.00
"2023-07-26 04:12:26.307568",90000.00
"2023-07-26 05:05:25.317966",960000.00
"2023-07-26 05:49:03.037378",1280000.00
"2023-07-26 06:37:58.246808",30000.00
"2023-07-26 07:28:02.432923",18000.00
"2023-07-26 07:53:42.305517",340000.00
"2023-07-26 08:16:38.196841",1350000.00
"2023-07-26 10:45:57.736429",170000.00
"2023-07-26 14:17:22.246526",1280000.00
"2023-07-26 15:02:03.487989",340000.00
"2023-07-26 16:06:56.383974",18000.00
"2023-07-26 17:16:59.692979",1350000.00
"2023-07-26 18:23:03.775614",15000.00
"2023-07-26 18:55:15.318822",2500.00
"2023-07-26 21:14:17.173625",27500.00
"2023-07-26 21:32:56.744905",5000.00
"2023-07-26 21:45:32.117625",135000.00
"2023-07-26 23:15:46.537015",255000.00
"2023-07-26 23:19:40.738597",340000.00
"2023-07-26 23:40:29.535466",7500.00
"2023-07-26 23:40:54.871692",36000.00
"2023-07-26 23:56:39.309576",16500.00
"2023-07-27 00:55:06.97546",90000.00
"2023-07-27 01:39:50.113977",54000.00
"2023-07-27 02:20:55.320795",1800000.00
"2023-07-27 04:45:50.351601",1350000.00
"2023-07-27 05:26:08.103937",72000.00
"2023-07-27 06:12:20.865445",255000.00
"2023-07-27 06:31:10.70594",180000.00
"2023-07-27 06:39:54.891348",16500.00
"2023-07-27 07:23:35.488912",255000.00
"2023-07-27 07:29:32.546922",90000.00
"2023-07-27 07:42:43.59093",135000.00
"2023-07-27 08:22:44.618089",340000.00
"2023-07-27 08:30:10.623149",960000.00
"2023-07-27 08:43:43.631306",1600000.00
"2023-07-27 09:55:56.233652",900000.00
"2023-07-27 10:03:07.952378",225000.00
"2023-07-27 10:26:36.267767",2250000.00
"2023-07-27 10:35:57.947952",5500.00
"2023-07-27 12:26:59.017487",640000.00
"2023-07-27 13:17:20.682224",450000.00
"2023-07-27 13:29:13.073427",2500.00
"2023-07-27 15:12:31.977005",16500.00
"2023-07-27 15:22:44.467541",11000.00
"2023-07-27 20:55:45.661474",20000.00
"2023-07-27 20:59:53.448379",5000.00
"2023-07-27 21:42:28.537515",6000.00
"2023-07-27 22:50:12.872801",450000.00
"2023-07-27 23:01:03.120571",340000.00
"2023-07-27 23:01:44.190378",340000.00
"2023-07-28 01:45:46.060203",10000.00
"2023-07-28 04:10:27.437199",2250000.00
"2023-07-28 04:39:38.142753",170000.00
"2023-07-28 05:31:24.607939",255000.00
"2023-07-28 06:43:05.951755",20000.00
"2023-07-28 08:16:24.248151",85000.00
"2023-07-28 10:35:13.652703",90000.00
"2023-07-28 11:05:23.089896",960000.00
"2023-07-28 11:55:23.351395",22000.00
"2023-07-28 12:09:56.621231",6000.00
"2023-07-28 15:01:57.623235",10000.00
"2023-07-28 16:42:36.867399",45000.00
"2023-07-28 18:38:23.218418",90000.00
"2023-07-28 19:46:23.528215",90000.00
"2023-07-28 21:25:00.953983",16500.00
"2023-07-28 21:31:55.04035",1800000.00
"2023-07-28 23:42:26.454219",15000.00
"2023-07-29 00:34:24.580218",16500.00
"2023-07-29 00:34:41.461474",22000.00
"2023-07-29 01:08:34.279588",85000.00
"2023-07-29 02:20:16.11612",27500.00
"2023-07-29 03:01:18.453573",225000.00
"2023-07-29 05:13:09.070452",90000.00
"2023-07-29 06:44:50.384681",45000.00
"2023-07-29 07:15:50.673775",2500.00
"2023-07-29 07:34:34.077221",25000.00
"2023-07-29 10:11:28.838087",10000.00
"2023-07-29 10:46:48.195044",900000.00
"2023-07-29 12:58:36.702656",255000.00
"2023-07-29 13:25:08.661078",640000.00
"2023-07-29 13:33:59.784701",15000.00
"2023-07-29 16:21:01.747982",10000.00
"2023-07-29 16:21:14.010634",1600000.00
"2023-07-29 16:30:50.646414",12000.00
"2023-07-29 18:47:46.62311",6000.00
"2023-07-29 18:52:57.159704",900000.00
"2023-07-29 19:56:33.701109",12500.00
"2023-07-29 23:09:35.664604",11000.00
"2023-07-30 00:00:53.959255",54000.00
"2023-07-30 00:40:19.325134",7500.00
"2023-07-30 05:17:54.217454",24000.00
"2023-07-30 06:47:29.832393",85000.00
"2023-07-30 06:51:08.162076",135000.00
"2023-07-30 09:26:23.884934",340000.00
"2023-07-30 09:47:00.618208",12500.00
"2023-07-30 10:07:13.562761",45000.00
"2023-07-30 10:21:01.621993",90000.00
"2023-07-30 10:31:53.254238",20000.00
"2023-07-30 10:42:10.16627",180000.00
"2023-07-30 10:46:28.720617",45000.00
"2023-07-30 12:53:16.201978",25000.00
"2023-07-30 13:17:09.927212",45000.00
"2023-07-30 13:29:06.718517",170000.00
"2023-07-30 15:10:30.248072",1800000.00
"2023-07-30 18:53:34.82654",1600000.00
"2023-07-30 20:26:48.718462",36000.00
"2023-07-30 22:34:12.988617",30000.00
"2023-07-30 22:35:41.735255",36000.00
"2023-07-30 23:51:39.730476",135000.00
"2023-07-31 00:08:41.999027",1280000.00
"2023-07-31 01:42:33.541508",6000.00
"2023-07-31 01:45:45.908938",10000.00
"2023-07-31 03:39:55.347357",425000.00
"2023-07-31 04:34:31.925833",2250000.00
"2023-07-31 04:42:13.692759",10000.00
"2023-07-31 05:27:37.364342",225000.00
"2023-07-31 08:21:32.988556",30000.00
"2023-07-31 09:58:07.825441",90000.00
"2023-07-31 10:13:07.227407",320000.00
"2023-07-31 11:22:15.351083",15000.00
"2023-07-31 11:42:37.395258",2500.00
"2023-07-31 13:12:49.79236",5000.00
"2023-07-31 15:26:38.146578",255000.00
"2023-07-31 16:12:58.430171",340000.00
"2023-07-31 18:24:49.318256",320000.00
"2023-07-31 20:25:13.029954",30000.00
"2023-07-31 20:28:15.989815",1280000.00
"2023-07-31 22:15:42.013994",1280000.00
"2023-07-31 22:58:31.098078",11000.00
"2023-07-31 23:29:12.775915",1600000.00
"2023-08-01 00:30:11.076414",12000.00
"2023-08-01 01:47:52.931507",900000.00
"2023-08-01 03:17:20.24221",10000.00
"2023-08-01 04:54:25.319876",5500.00
"2023-08-01 06:25:41.73459",2250000.00
"2023-08-01 09:07:36.460398",1280000.00
"2023-08-01 09:29:49.304965",450000.00
"2023-08-01 10:50:17.953214",450000.00
"2023-08-01 11:20:30.554832",72000.00
"2023-08-01 12:42:00.704938",25000.00
"2023-08-01 13:11:09.297545",1350000.00
"2023-08-01 14:02:38.05181",1280000.00
"2023-08-01 14:46:25.336061",25000.00
"2023-08-01 14:58:17.987771",340000.00
"2023-08-01 17:20:09.866124",45000.00
"2023-08-02 00:37:30.847874",90000.00
"2023-08-02 00:59:57.703037",10000.00
"2023-08-02 01:08:08.684588",36000.00
"2023-08-02 01:46:19.302924",27500.00
"2023-08-02 02:17:07.793781",6000.00
"2023-08-02 02:51:52.25754",2500.00
"2023-08-02 03:04:33.887556",960000.00
"2023-08-02 03:44:55.850319",340000.00
"2023-08-02 04:45:11.607304",5000.00
"2023-08-02 06:44:42.680816",90000.00
"2023-08-02 07:04:59.838628",320000.00
"2023-08-02 09:34:52.112941",10000.00
"2023-08-02 10:23:37.378147",20000.00
"2023-08-02 11:28:32.793565",12500.00
"2023-08-02 14:55:52.294152",900000.00
"2023-08-02 17:44:06.314372",12500.00
"2023-08-02 19:27:14.624995",72000.00
"2023-08-02 20:24:46.06367",36000.00
"2023-08-02 20:41:36.343991",85000.00
"2023-08-02 20:57:24.154844",20000.00
"2023-08-02 21:53:03.14287",12000.00
"2023-08-02 23:28:16.945253",85000.00
"2023-08-02 23:29:17.196488",11000.00
"2023-08-02 23:48:44.132174",18000.00
"2023-08-03 00:15:58.393062",54000.00
"2023-08-03 01:22:22.499689",1280000.00
"2023-08-03 01:48:48.561464",18000.00
"2023-08-03 02:52:45.643392",90000.00
"2023-08-03 02:56:35.844505",10000.00
"2023-08-03 05:28:18.067784",36000.00
"2023-08-03 08:34:49.58466",10000.00
"2023-08-03 08:38:58.784443",2250000.00
"2023-08-03 12:56:13.040067",10000.00
"2023-08-03 13:06:17.535961",90000.00
"2023-08-03 14:52:12.335249",900000.00
"2023-08-03 14:54:11.59079",85000.00
"2023-08-03 15:34:08.736149",90000.00
"2023-08-03 18:06:46.215471",960000.00
"2023-08-03 18:33:46.310367",18000.00
"2023-08-03 21:27:13.874334",340000.00
"2023-08-04 00:13:11.202103",11000.00
"2023-08-04 01:02:29.561016",16500.00
"2023-08-04 01:25:06.671775",36000.00
"2023-08-04 01:51:54.096172",320000.00
"2023-08-04 02:59:23.121277",10000.00
"2023-08-04 03:42:58.039486",15000.00
"2023-08-04 03:43:06.633199",10000.00
"2023-08-04 05:52:55.338263",7500.00
"2023-08-04 06:25:05.26858",54000.00
"2023-08-04 07:44:38.66891",1600000.00
"2023-08-04 08:08:52.393712",15000.00
"2023-08-04 08:17:35.398843",25000.00
"2023-08-04 08:28:33.901377",1280000.00
"2023-08-04 08:40:05.254948",6000.00
"2023-08-04 10:04:04.123819",900000.00
"2023-08-04 11:51:33.632852",425000.00
"2023-08-04 11:52:34.815753",85000.00
"2023-08-04 12:47:23.695832",640000.00
"2023-08-04 15:05:14.186567",27500.00
"2023-08-04 15:51:00.988994",10000.00
"2023-08-04 16:13:51.785237",45000.00
"2023-08-04 17:04:17.888212",10000.00
"2023-08-04 17:56:39.665468",90000.00
"2023-08-04 18:57:51.002611",16500.00
"2023-08-04 21:15:12.84544",225000.00
"2023-08-04 21:54:32.286044",640000.00
"2023-08-04 22:06:33.689394",425000.00
"2023-08-04 22:53:52.589036",1600000.00
"2023-08-04 23:41:37.296121",450000.00
"2023-08-05 01:18:29.615102",320000.00
"2023-08-05 04:41:45.74168",6000.00
"2023-08-05 06:16:32.518265",10000.00
"2023-08-05 06:52:23.26262",25000.00
"2023-08-05 07:35:56.783066",45000.00
"2023-08-05 08:49:43.495498",7500.00
"2023-08-05 09:39:11.771177",36000.00
"2023-08-05 10:58:30.54323",900000.00
"2023-08-05 11:21:22.379846",85000.00
"2023-08-05 11:32:01.848756",450000.00
"2023-08-05 16:13:21.163281",255000.00
"2023-08-05 17:56:35.276986",1280000.00
"2023-08-05 18:59:02.601377",72000.00
"2023-08-05 19:33:02.490716",20000.00
"2023-08-05 21:03:42.410057",255000.00
"2023-08-05 21:11:29.729237",12500.00
"2023-08-05 22:03:23.329239",5000.00
"2023-08-06 00:30:16.161245",2500.00
"2023-08-06 00:32:13.600221",27500.00
"2023-08-06 00:48:03.278868",1600000.00
"2023-08-06 01:12:34.966942",5000.00
"2023-08-06 01:28:27.899285",45000.00
"2023-08-06 01:55:13.111253",11000.00
"2023-08-06 05:47:42.286105",7500.00
"2023-08-06 06:06:06.301405",425000.00
"2023-08-06 06:19:26.45972",340000.00
"2023-08-06 08:04:53.079536",12000.00
"2023-08-06 08:59:32.487688",340000.00
"2023-08-06 09:12:57.555828",6000.00
"2023-08-06 12:39:46.222974",1800000.00
"2023-08-06 12:41:59.270045",24000.00
"2023-08-06 13:20:42.809579",72000.00
"2023-08-06 20:16:11.795111",5000.00
"2023-08-06 20:18:55.011309",225000.00
"2023-08-06 20:27:20.523941",85000.00
"2023-08-06 20:36:16.496609",11000.00
"2023-08-06 23:19:59.859877",20000.00
"2023-08-06 23:39:38.052036",1350000.00
"2023-08-07 00:07:56.493668",1350000.00
"2023-08-07 00:46:35.191486",15000.00
"2023-08-07 02:42:18.903384",960000.00
"2023-08-07 03:21:51.564178",2500.00
"2023-08-07 03:40:37.147594",2250000.00
"2023-08-07 03:58:37.302515",1350000.00
"2023-08-07 04:32:05.896423",15000.00
"2023-08-07 06:56:12.777154",18000.00
"2023-08-07 07:59:10.257003",6000.00
"2023-08-07 10:59:48.251872",20000.00
"2023-08-07 14:44:48.113877",255000.00
"2023-08-07 16:52:35.498767",54000.00
"2023-08-07 17:00:06.284807",11000.00
"2023-08-07 17:25:21.237692",12500.00
"2023-08-07 18:52:53.948404",6000.00
"2023-08-07 19:58:56.122634",7500.00
"2023-08-07 20:08:14.249969",10000.00
"2023-08-07 20:11:43.568512",640000.00
"2023-08-07 20:23:14.564048",18000.00
"2023-08-07 23:00:18.249994",24000.00
"2023-08-08 00:42:59.67689",2250000.00
"2023-08-08 01:35:32.362796",1280000.00
"2023-08-08 02:16:43.976098",170000.00
"2023-08-08 03:24:13.03768",5000.00
"2023-08-08 03:35:21.5377",2250000.00
"2023-08-08 05:27:05.946663",255000.00
"2023-08-08 06:22:41.076283",20000.00
"2023-08-08 08:24:27.733314",11000.00
"2023-08-08 08:43:31.466439",7500.00
"2023-08-08 09:05:26.254784",12000.00
"2023-08-08 09:25:35.54241",1350000.00
"2023-08-08 13:42:40.703866",72000.00
"2023-08-08 16:01:03.185706",20000.00
"2023-08-08 16:06:17.201799",30000.00
"2023-08-08 16:10:47.756962",960000.00
"2023-08-08 18:20:28.117292",10000.00
"2023-08-08 18:21:11.834908",10000.00
"2023-08-08 19:42:47.983871",72000.00
"2023-08-08 19:47:03.871627",1350000.00
"2023-08-08 20:17:21.399874",20000.00
"2023-08-08 20:47:42.896479",90000.00
"2023-08-08 21:37:11.302267",18000.00
"2023-08-08 23:01:22.575485",960000.00
"2023-08-09 01:22:45.797715",1350000.00
"2023-08-09 01:51:36.349458",24000.00
"2023-08-09 02:58:20.700604",15000.00
"2023-08-09 03:29:36.334436",450000.00
"2023-08-09 03:57:52.224834",7500.00
"2023-08-09 04:52:24.742382",425000.00
"2023-08-09 06:01:28.556116",1280000.00
"2023-08-09 08:25:30.837768",16500.00
"2023-08-09 10:01:04.651462",22000.00
"2023-08-09 11:08:13.062336",135000.00
"2023-08-09 13:04:58.044538",1600000.00
"2023-08-09 13:18:27.595276",225000.00
"2023-08-09 13:18:41.382818",180000.00
"2023-08-09 14:03:42.69542",225000.00
"2023-08-09 14:57:41.249749",30000.00
"2023-08-09 17:20:09.89826",10000.00
"2023-08-09 18:33:41.778026",10000.00
"2023-08-09 18:49:47.335534",255000.00
"2023-08-09 20:25:25.459451",30000.00
"2023-08-09 21:24:17.110249",1800000.00
"2023-08-10 00:28:10.401901",5500.00
"2023-08-10 03:49:41.321078",960000.00
"2023-08-10 06:24:54.411996",7500.00
"2023-08-10 07:03:49.632569",45000.00
"2023-08-10 07:34:57.75909",20000.00
"2023-08-10 09:01:54.794016",2500.00
"2023-08-10 11:01:29.698433",54000.00
"2023-08-10 11:41:22.5823",5500.00
"2023-08-10 11:50:02.642954",340000.00
"2023-08-10 11:57:05.803599",450000.00
"2023-08-10 14:10:53.160808",2250000.00
"2023-08-10 15:48:18.70796",340000.00
"2023-08-10 16:53:59.117808",320000.00
"2023-08-10 19:51:58.939518",16500.00
"2023-08-10 21:57:11.435335",960000.00
"2023-08-10 22:05:42.299628",10000.00
"2023-08-10 22:19:47.042253",1350000.00
"2023-08-10 23:46:01.9443",24000.00
"2023-08-11 01:04:22.390993",5000.00
"2023-08-11 02:18:32.920987",7500.00
"2023-08-11 04:33:24.453263",18000.00
"2023-08-11 05:07:39.753406",425000.00
"2023-08-11 05:11:39.080846",2250000.00
"2023-08-11 06:04:49.426225",11000.00
"2023-08-11 06:23:12.823411",1800000.00
"2023-08-11 06:45:59.719294",15000.00
"2023-08-11 07:06:13.146997",90000.00
"2023-08-11 08:49:03.408836",45000.00
"2023-08-11 08:54:07.486936",5500.00
"2023-08-11 10:02:21.908808",180000.00
"2023-08-11 10:37:45.959131",225000.00
"2023-08-11 12:48:16.673858",12000.00
"2023-08-11 12:52:11.280321",180000.00
"2023-08-11 13:23:50.576956",900000.00
"2023-08-11 16:04:43.921411",1280000.00
"2023-08-11 16:27:35.892756",10000.00
"2023-08-11 16:57:13.460348",20000.00
"2023-08-11 17:48:48.211552",1280000.00
"2023-08-11 18:37:21.725163",72000.00
"2023-08-11 19:03:57.026689",27500.00
"2023-08-11 19:16:56.905868",18000.00
"2023-08-11 22:14:25.98067",960000.00
"2023-08-11 22:23:32.672444",20000.00
"2023-08-11 23:48:05.598997",27500.00
"2023-08-11 23:58:19.118651",170000.00
"2023-08-12 00:38:30.108285",90000.00
"2023-08-12 01:13:33.243443",135000.00
"2023-08-12 02:55:10.887228",10000.00
"2023-08-12 03:58:20.495837",12000.00
"2023-08-12 09:39:59.415911",640000.00
"2023-08-12 09:52:45.542013",1350000.00
"2023-08-12 11:31:09.327924",18000.00
"2023-08-12 12:15:56.192952",72000.00
"2023-08-12 12:28:01.612981",1350000.00
"2023-08-12 14:04:33.716879",1800000.00
"2023-08-12 14:26:20.622314",255000.00
"2023-08-12 15:09:55.778809",10000.00
"2023-08-12 17:03:58.117812",90000.00
"2023-08-12 17:30:40.985712",25000.00
"2023-08-12 18:04:12.233527",15000.00
"2023-08-12 20:00:13.306238",15000.00
"2023-08-12 20:08:07.139196",12000.00
"2023-08-12 20:50:21.446811",45000.00
"2023-08-12 22:05:31.701118",90000.00
"2023-08-12 22:46:03.713305",24000.00
"2023-08-12 22:48:56.152721",10000.00
"2023-08-12 23:19:49.903291",170000.00
"2023-08-13 02:01:32.497528",12500.00
"2023-08-13 02:38:09.68189",450000.00
"2023-08-13 03:02:34.73922",135000.00
"2023-08-13 03:39:53.551124",450000.00
"2023-08-13 05:27:34.406165",25000.00
"2023-08-13 06:06:54.331986",12500.00
"2023-08-13 06:47:12.697179",45000.00
"2023-08-13 07:19:29.954117",11000.00
"2023-08-13 07:52:25.162895",15000.00
"2023-08-13 09:50:06.792932",255000.00
"2023-08-13 10:07:34.949841",90000.00
"2023-08-13 10:44:34.910309",85000.00
"2023-08-13 11:55:30.293387",640000.00
"2023-08-13 12:20:51.432037",72000.00
"2023-08-13 15:06:10.423999",180000.00
"2023-08-13 16:01:32.947205",12000.00
"2023-08-13 18:02:41.540618",180000.00
"2023-08-13 20:50:24.211899",18000.00
"2023-08-13 21:24:57.605429",20000.00
"2023-08-13 21:33:56.018996",255000.00
"2023-08-13 22:06:39.237125",960000.00
"2023-08-13 22:37:28.95552",340000.00
"2023-08-14 00:20:21.172521",5000.00
"2023-08-14 00:36:13.647235",225000.00
"2023-08-14 01:39:07.149065",1350000.00
"2023-08-14 02:16:01.994564",450000.00
"2023-08-14 02:31:00.835479",1600000.00
"2023-08-14 02:38:21.440592",225000.00
"2023-08-14 03:19:18.388348",320000.00
"2023-08-14 04:08:11.807793",425000.00
"2023-08-14 05:57:15.570013",255000.00
"2023-08-14 07:14:24.634903",5500.00
"2023-08-14 08:44:01.089682",135000.00
"2023-08-14 09:09:27.99694",1600000.00
"2023-08-14 10:26:15.540938",5500.00
"2023-08-14 13:18:49.397175",30000.00
"2023-08-14 14:29:41.545615",1600000.00
"2023-08-14 15:20:31.454688",1280000.00
"2023-08-14 15:29:02.625877",640000.00
"2023-08-14 19:36:57.563571",11000.00
"2023-08-14 21:46:54.458544",18000.00
"2023-08-14 22:09:09.415335",27500.00
"2023-08-14 22:26:17.174288",36000.00
"2023-08-14 22:46:19.858441",2250000.00
"2023-08-14 23:11:02.40424",20000.00
"2023-08-14 23:56:29.892463",22000.00
"2023-08-15 02:32:22.516851",7500.00
"2023-08-15 02:41:25.382587",5000.00
"2023-08-15 02:43:33.328207",20000.00
"2023-08-15 03:10:07.540076",2250000.00
"2023-08-15 03:15:25.945344",180000.00
"2023-08-15 03:44:37.711045",340000.00
"2023-08-15 04:26:03.500388",960000.00
"2023-08-15 05:52:44.785198",72000.00
"2023-08-15 07:46:32.445219",45000.00
"2023-08-15 09:39:09.516566",170000.00
"2023-08-15 09:51:40.400146",54000.00
"2023-08-15 10:33:28.809514",18000.00
"2023-08-15 11:48:30.795332",135000.00
"2023-08-15 11:54:37.00859",25000.00
"2023-08-15 12:06:41.716976",225000.00
"2023-08-15 13:14:20.270218",11000.00
"2023-08-15 14:58:36.552707",2250000.00
"2023-08-15 15:57:55.522036",85000.00
"2023-08-15 17:04:41.962793",450000.00
"2023-08-15 17:05:03.43876",1350000.00
"2023-08-15 17:09:33.905209",24000.00
"2023-08-15 17:19:43.099872",5000.00
"2023-08-15 20:13:36.859596",16500.00
"2023-08-15 20:57:29.193361",2500.00
"2023-08-15 23:35:17.48251",27500.00
"2023-08-16 00:00:30.924866",85000.00
"2023-08-16 00:10:09.673273",90000.00
"2023-08-16 00:12:51.370685",255000.00
"2023-08-16 03:01:50.159496",18000.00
"2023-08-16 03:42:32.608433",12000.00
"2023-08-16 03:49:49.791028",450000.00
"2023-08-16 04:10:04.906255",1800000.00
"2023-08-16 05:15:52.521896",900000.00
"2023-08-16 06:04:47.150255",24000.00
"2023-08-16 07:12:04.955057",22000.00
"2023-08-16 07:32:00.119512",1280000.00
"2023-08-16 07:55:12.023372",255000.00
"2023-08-16 10:42:48.759574",18000.00
"2023-08-16 10:44:28.016925",85000.00
"2023-08-16 11:04:58.096209",1350000.00
"2023-08-16 12:33:32.559568",22000.00
"2023-08-16 12:41:11.428728",27500.00
"2023-08-16 14:06:24.292425",170000.00
"2023-08-16 15:37:14.37223",22000.00
"2023-08-16 16:55:31.200073",16500.00
"2023-08-16 17:04:24.283781",25000.00
"2023-08-16 17:24:27.309021",10000.00
"2023-08-16 18:02:07.260787",900000.00
"2023-08-16 18:12:45.857837",45000.00
"2023-08-16 20:06:18.523487",11000.00
"2023-08-16 20:48:02.042683",320000.00
"2023-08-16 22:01:51.982275",11000.00
"2023-08-16 22:50:23.999217",255000.00
"2023-08-16 23:29:27.217523",5000.00
"2023-08-17 04:52:15.756802",1800000.00
"2023-08-17 05:06:47.900482",7500.00
"2023-08-17 06:46:50.254531",2500.00
"2023-08-17 08:05:58.658327",36000.00
"2023-08-17 11:18:30.541016",25000.00
"2023-08-17 11:26:28.19012",27500.00
"2023-08-17 11:34:03.04282",72000.00
"2023-08-17 12:06:02.104086",45000.00
"2023-08-17 14:52:38.236069",900000.00
"2023-08-17 17:21:02.836634",18000.00
"2023-08-17 17:42:58.980249",12500.00
"2023-08-17 18:21:25.775737",30000.00
"2023-08-17 18:58:15.330706",6000.00
"2023-08-17 19:02:57.299951",425000.00
"2023-08-17 19:08:01.360116",7500.00
"2023-08-17 19:24:34.372261",10000.00
"2023-08-17 23:01:16.257251",1280000.00
"2023-08-18 00:25:36.661873",2250000.00
"2023-08-18 01:19:40.606188",22000.00
"2023-08-18 03:27:20.763278",1800000.00
"2023-08-18 03:36:30.686004",1350000.00
"2023-08-18 03:43:34.332866",16500.00
"2023-08-18 04:35:56.761834",45000.00
"2023-08-18 05:11:38.393077",11000.00
"2023-08-18 06:30:16.723536",12000.00
"2023-08-18 08:15:33.00244",72000.00
"2023-08-18 12:57:37.365259",12500.00
"2023-08-18 13:18:54.549026",18000.00
"2023-08-18 13:48:03.946229",20000.00
"2023-08-18 15:20:41.711441",1600000.00
"2023-08-18 16:13:38.883951",320000.00
"2023-08-18 17:34:35.812403",30000.00
"2023-08-18 17:46:35.154462",2500.00
"2023-08-18 18:22:42.634972",6000.00
"2023-08-18 18:40:51.609648",900000.00
"2023-08-18 19:39:42.788846",640000.00
"2023-08-18 21:50:20.773573",54000.00
"2023-08-18 23:15:44.666547",12000.00
"2023-08-18 23:20:14.643726",5500.00
"2023-08-18 23:23:43.879153",72000.00
"2023-08-18 23:30:44.967951",320000.00
"2023-08-19 00:22:14.175092",22000.00
"2023-08-19 03:09:12.75329",22000.00
"2023-08-19 04:01:51.673041",6000.00
"2023-08-19 06:59:28.169846",900000.00
"2023-08-19 07:46:09.047435",1280000.00
"2023-08-19 08:27:29.104335",54000.00
"2023-08-19 08:51:49.053288",11000.00
"2023-08-19 09:04:27.35291",1280000.00
"2023-08-19 09:41:55.401671",135000.00
"2023-08-19 10:21:17.846599",10000.00
"2023-08-19 10:37:41.975382",1350000.00
"2023-08-19 11:28:07.004083",2500.00
"2023-08-19 12:11:50.389249",45000.00
"2023-08-19 13:18:51.604456",1800000.00
"2023-08-19 17:04:31.418376",255000.00
"2023-08-19 20:12:07.340499",22000.00
"2023-08-19 22:14:54.173544",5500.00
"2023-08-19 23:42:42.94932",1800000.00
"2023-08-20 01:11:48.429255",5000.00
"2023-08-20 01:56:06.776922",85000.00
"2023-08-20 02:22:34.891436",18000.00
"2023-08-20 02:57:03.464043",425000.00
"2023-08-20 03:33:44.551661",135000.00
"2023-08-20 04:02:52.430304",72000.00
"2023-08-20 05:45:45.993268",340000.00
"2023-08-20 06:23:13.558855",11000.00
"2023-08-20 06:36:10.213816",900000.00
"2023-08-20 08:48:12.637456",20000.00
"2023-08-20 09:05:22.565569",340000.00
"2023-08-20 12:34:41.940559",5000.00
"2023-08-20 13:33:02.591438",10000.00
"2023-08-20 15:01:48.035966",15000.00
"2023-08-20 15:10:40.567195",54000.00
"2023-08-20 15:13:11.792785",2500.00
"2023-08-20 15:16:13.712276",12500.00
"2023-08-20 16:01:39.905651",2500.00
"2023-08-20 16:59:12.854954",54000.00
"2023-08-20 18:34:35.653995",20000.00
"2023-08-20 19:00:38.250389",255000.00
"2023-08-20 20:06:55.769694",27500.00
"2023-08-20 20:17:38.187832",12000.00
"2023-08-20 20:33:21.056078",10000.00
"2023-08-20 20:41:21.205299",15000.00
"2023-08-20 21:47:35.592713",22000.00
"2023-08-20 22:29:25.664823",135000.00
"2023-08-21 00:29:45.320454",24000.00
"2023-08-21 01:04:31.248971",5500.00
"2023-08-21 01:30:32.561965",10000.00
"2023-08-21 03:07:01.937179",180000.00
"2023-08-21 04:17:02.305996",24000.00
"2023-08-21 05:50:05.021397",7500.00
"2023-08-21 06:23:31.160526",54000.00
"2023-08-21 09:17:19.55102",5000.00
"2023-08-21 09:21:21.702136",15000.00
"2023-08-21 09:44:47.865693",25000.00
"2023-08-21 11:08:14.868842",6000.00
"2023-08-21 13:48:56.408097",6000.00
"2023-08-21 14:40:41.856274",90000.00
"2023-08-21 15:52:06.832465",10000.00
"2023-08-21 17:01:05.323939",10000.00
"2023-08-21 17:02:49.212978",12000.00
"2023-08-21 18:33:33.220398",2250000.00
"2023-08-21 19:21:59.404644",25000.00
"2023-08-21 19:52:41.717036",45000.00
"2023-08-21 21:21:16.022213",1350000.00
"2023-08-21 22:05:54.494946",5000.00
"2023-08-21 23:06:58.467805",36000.00
"2023-08-21 23:52:47.725714",30000.00
"2023-08-22 00:14:51.365759",25000.00
"2023-08-22 01:45:47.67908",180000.00
"2023-08-22 01:55:16.587241",18000.00
"2023-08-22 03:30:25.883693",54000.00
"2023-08-22 04:46:46.032877",18000.00
"2023-08-22 05:24:28.747791",1800000.00
"2023-08-22 05:50:56.180145",25000.00
"2023-08-22 05:53:44.250207",170000.00
"2023-08-22 08:53:48.279602",10000.00
"2023-08-22 10:02:07.861646",18000.00
"2023-08-22 10:03:21.951671",16500.00
"2023-08-22 10:34:01.436751",12500.00
"2023-08-22 10:37:36.555596",10000.00
"2023-08-22 11:23:01.91025",11000.00
"2023-08-22 11:33:36.24714",640000.00
"2023-08-22 14:42:10.575472",6000.00
"2023-08-22 15:50:40.013832",1350000.00
"2023-08-22 15:52:49.158527",255000.00
"2023-08-22 16:24:14.712946",6000.00
"2023-08-22 17:14:10.174198",340000.00
"2023-08-22 20:03:34.398803",12000.00
"2023-08-22 22:14:00.155575",54000.00
"2023-08-23 00:10:20.670302",16500.00
"2023-08-23 00:37:59.609091",1280000.00
"2023-08-23 01:03:44.870378",25000.00
"2023-08-23 02:39:34.758366",72000.00
"2023-08-23 09:24:59.202299",27500.00
"2023-08-23 09:47:40.142905",72000.00
"2023-08-23 12:04:25.166319",12500.00
"2023-08-23 13:06:37.502329",640000.00
"2023-08-23 13:36:56.607592",45000.00
"2023-08-23 14:09:38.839171",11000.00
"2023-08-23 18:16:19.386511",340000.00
"2023-08-23 19:43:54.201898",22000.00
"2023-08-23 19:55:25.857065",1280000.00
"2023-08-23 20:05:13.566049",960000.00
"2023-08-23 20:16:16.687236",45000.00
"2023-08-23 20:20:00.09981",900000.00
"2023-08-23 21:30:46.685588",5500.00
"2023-08-23 22:09:19.069894",5000.00
"2023-08-23 22:25:14.234025",27500.00
"2023-08-23 23:25:07.339264",450000.00
"2023-08-24 00:16:16.33393",425000.00
"2023-08-24 01:03:14.855934",54000.00
"2023-08-24 01:55:26.943639",12500.00
"2023-08-24 02:32:42.527649",20000.00
"2023-08-24 03:52:24.462705",20000.00
"2023-08-24 04:36:17.931998",1800000.00
"2023-08-24 05:37:07.290124",24000.00
"2023-08-24 06:59:20.687482",2500.00
"2023-08-24 07:23:18.941442",1800000.00
"2023-08-24 08:35:17.752762",11000.00
"2023-08-24 09:16:52.708669",18000.00
"2023-08-24 09:17:40.138084",90000.00
"2023-08-24 09:24:39.260069",1800000.00
"2023-08-24 09:39:27.742482",1350000.00
"2023-08-24 11:33:29.026688",2250000.00
"2023-08-24 11:46:06.807501",12000.00
"2023-08-24 12:07:55.102307",1350000.00
"2023-08-24 12:47:28.527662",20000.00
"2023-08-24 14:12:57.165033",340000.00
"2023-08-24 15:26:41.452092",640000.00
"2023-08-24 18:42:03.0995",1350000.00
"2023-08-24 19:37:34.111084",1800000.00
"2023-08-24 19:38:03.759755",5000.00
"2023-08-24 20:25:16.19106",15000.00
"2023-08-24 22:03:55.221871",5000.00
"2023-08-24 22:09:33.014223",11000.00
"2023-08-24 22:15:11.003087",2250000.00
"2023-08-24 23:12:11.981145",6000.00
"2023-08-25 01:43:41.215048",36000.00
"2023-08-25 02:54:29.015801",15000.00
"2023-08-25 04:06:23.194809",90000.00
"2023-08-25 05:14:57.030185",255000.00
"2023-08-25 06:05:28.21095",5000.00
"2023-08-25 08:11:29.7568",170000.00
"2023-08-25 09:21:08.635495",170000.00
"2023-08-25 10:38:09.6301",2500.00
"2023-08-25 12:02:13.220329",225000.00
"2023-08-25 12:47:07.962376",1800000.00
"2023-08-25 13:37:33.2877",2250000.00
"2023-08-25 13:58:33.521023",320000.00
"2023-08-25 14:44:24.65345",18000.00
"2023-08-25 15:42:22.130412",170000.00
"2023-08-25 16:47:34.744326",225000.00
"2023-08-25 20:48:08.303909",20000.00
"2023-08-25 21:30:17.119806",340000.00
"2023-08-25 22:29:37.323126",900000.00
"2023-08-25 23:12:37.822472",72000.00
"2023-08-26 00:18:44.097521",72000.00
"2023-08-26 00:40:41.171732",10000.00
"2023-08-26 02:04:36.99289",900000.00
"2023-08-26 03:18:22.79163",72000.00
"2023-08-26 03:46:32.976767",22000.00
"2023-08-26 04:43:10.808252",1800000.00
"2023-08-26 05:16:48.803064",12500.00
"2023-08-26 05:18:59.249458",170000.00
"2023-08-26 06:02:07.586255",72000.00
"2023-08-26 06:10:38.228929",45000.00
"2023-08-26 06:46:56.222579",5000.00
"2023-08-26 07:37:30.975343",320000.00
"2023-08-26 07:59:29.840698",1350000.00
"2023-08-26 09:34:32.65751",255000.00
"2023-08-26 10:50:23.196328",6000.00
"2023-08-26 11:08:11.508887",1350000.00
"2023-08-26 12:34:04.446773",960000.00
"2023-08-26 12:38:28.213957",180000.00
"2023-08-26 14:10:09.688249",1600000.00
"2023-08-26 14:19:56.644991",90000.00
"2023-08-26 14:25:44.591116",960000.00
"2023-08-26 16:52:06.747573",2500.00
"2023-08-26 17:45:50.930002",12000.00
"2023-08-26 18:34:19.053576",20000.00
"2023-08-26 21:20:11.797888",5000.00
"2023-08-26 21:34:03.585146",90000.00
"2023-08-26 23:18:56.400256",11000.00
"2023-08-27 01:41:40.279347",85000.00
"2023-08-27 03:14:42.841227",25000.00
"2023-08-27 03:26:18.024487",30000.00
"2023-08-27 04:19:25.730393",30000.00
"2023-08-27 05:32:27.033495",5500.00
"2023-08-27 05:43:13.957577",5000.00
"2023-08-27 05:45:54.167724",45000.00
"2023-08-27 05:57:12.594059",180000.00
"2023-08-27 07:28:31.261857",18000.00
"2023-08-27 08:11:21.284576",1280000.00
"2023-08-27 09:45:47.697803",135000.00
"2023-08-27 10:05:24.185776",180000.00
"2023-08-27 10:12:20.628466",36000.00
"2023-08-27 13:04:31.103",18000.00
"2023-08-27 14:03:01.469058",22000.00
"2023-08-27 15:19:49.157433",255000.00
"2023-08-27 15:48:23.510909",450000.00
"2023-08-27 16:00:56.740261",425000.00
"2023-08-27 17:11:02.300348",180000.00
"2023-08-27 17:24:36.658745",1280000.00
"2023-08-27 17:30:03.693606",7500.00
"2023-08-27 19:16:38.23387",340000.00
"2023-08-27 19:30:42.513756",425000.00
"2023-08-27 21:55:36.782274",170000.00
"2023-08-27 22:17:56.840559",180000.00
"2023-08-27 22:18:22.744127",10000.00
"2023-08-28 01:04:04.949745",960000.00
"2023-08-28 02:30:00.103514",90000.00
"2023-08-28 02:33:50.594779",10000.00
"2023-08-28 02:42:46.030206",15000.00
"2023-08-28 03:39:04.648626",25000.00
"2023-08-28 05:27:45.950048",170000.00
"2023-08-28 07:22:09.489328",1350000.00
"2023-08-28 07:59:09.235026",27500.00
"2023-08-28 08:36:25.112088",7500.00
"2023-08-28 08:44:42.892748",10000.00
"2023-08-28 08:56:38.194889",85000.00
"2023-08-28 09:56:17.787165",90000.00
"2023-08-28 11:00:10.729013",20000.00
"2023-08-28 13:06:45.344779",54000.00
"2023-08-28 13:19:56.209663",5000.00
"2023-08-28 13:28:50.576663",15000.00
"2023-08-28 13:42:15.001731",45000.00
"2023-08-28 15:03:42.622257",72000.00
"2023-08-28 16:04:41.869085",900000.00
"2023-08-28 16:48:33.972028",2250000.00
"2023-08-28 17:10:17.383461",225000.00
"2023-08-28 19:08:17.045401",1280000.00
"2023-08-28 19:23:54.130213",20000.00
"2023-08-28 19:55:30.254768",2250000.00
"2023-08-28 20:05:44.982808",36000.00
"2023-08-28 20:57:57.948997",27500.00
"2023-08-28 21:15:32.291548",10000.00
"2023-08-28 21:31:55.623591",18000.00
"2023-08-28 21:41:13.17953",72000.00
"2023-08-28 22:09:48.302055",7500.00
"2023-08-28 22:41:08.326732",90000.00
"2023-08-28 23:26:20.858095",1350000.00
"2023-08-28 23:29:28.313817",640000.00
"2023-08-29 01:12:14.644561",10000.00
"2023-08-29 01:21:39.810803",640000.00
"2023-08-29 04:27:21.333234",12500.00
"2023-08-29 05:47:08.464455",900000.00
"2023-08-29 07:30:39.403552",25000.00
"2023-08-29 08:02:39.66691",1350000.00
"2023-08-29 09:28:41.412805",255000.00
"2023-08-29 10:26:55.818251",1600000.00
"2023-08-29 10:58:01.929134",45000.00
"2023-08-29 13:01:29.265142",180000.00
"2023-08-29 13:47:10.8454",11000.00
"2023-08-29 14:25:40.51435",36000.00
"2023-08-29 15:04:23.10111",2250000.00
"2023-08-29 16:28:35.229495",10000.00
"2023-08-29 18:48:24.031688",640000.00
"2023-08-30 01:18:30.446332",10000.00
"2023-08-30 01:55:23.800248",1350000.00
"2023-08-30 02:01:07.262172",20000.00
"2023-08-30 02:33:44.705684",90000.00
"2023-08-30 03:12:28.851198",11000.00
"2023-08-30 04:48:55.862703",320000.00
"2023-08-30 05:53:31.498988",340000.00
"2023-08-30 06:39:46.582722",24000.00
"2023-08-30 07:40:26.881318",900000.00
"2023-08-30 09:20:21.426166",340000.00
"2023-08-30 09:50:36.927129",1280000.00
"2023-08-30 10:39:00.755641",225000.00
"2023-08-30 12:57:16.993152",2250000.00
"2023-08-30 13:41:41.832602",27500.00
"2023-08-30 14:01:24.711235",7500.00
"2023-08-30 14:23:21.647876",320000.00
"2023-08-30 15:29:06.836874",27500.00
"2023-08-30 16:14:04.603618",45000.00
"2023-08-30 17:41:43.81732",7500.00
"2023-08-30 19:46:52.121537",2500.00
"2023-08-30 21:32:19.033655",450000.00
"2023-08-30 21:51:14.424151",960000.00
"2023-08-30 22:24:15.425765",25000.00
"2023-08-31 01:50:01.377947",425000.00
"2023-08-31 02:48:21.138579",16500.00
"2023-08-31 05:37:07.916969",6000.00
"2023-08-31 06:47:01.711756",10000.00
"2023-08-31 11:15:59.994751",85000.00
"2023-08-31 16:27:16.363226",10000.00
"2023-08-31 17:03:45.63893",255000.00
"2023-08-31 17:42:34.882745",22000.00
"2023-08-31 18:04:47.478895",320000.00
"2023-08-31 18:15:00.771393",11000.00
"2023-08-31 21:36:56.406343",27500.00
"2023-08-31 22:13:39.80456",255000.00
"2023-08-31 22:32:31.336993",1280000.00
"2023-08-31 22:40:43.861233",320000.00
"2023-09-01 01:00:36.362462",425000.00
"2023-09-01 01:24:55.512187",340000.00
"2023-09-01 01:53:04.974678",5000.00
"2023-09-01 03:25:18.847262",2250000.00
"2023-09-01 04:29:15.388965",5000.00
"2023-09-01 06:57:11.983943",5500.00
"2023-09-01 10:23:29.496206",85000.00
"2023-09-01 13:41:07.984207",340000.00
"2023-09-01 15:20:24.088943",225000.00
"2023-09-01 16:08:48.647732",170000.00
"2023-09-01 17:52:17.245176",30000.00
"2023-09-01 19:11:48.634227",320000.00
"2023-09-01 19:30:53.630434",18000.00
"2023-09-01 20:43:36.029699",425000.00
"2023-09-01 21:53:05.201106",16500.00
"2023-09-02 00:07:53.770522",425000.00
"2023-09-02 00:31:50.797505",960000.00
"2023-09-02 02:00:32.552041",450000.00
"2023-09-02 03:53:34.915698",170000.00
"2023-09-02 04:42:43.062978",900000.00
"2023-09-02 04:51:22.279321",6000.00
"2023-09-02 05:26:14.868033",2250000.00
"2023-09-02 06:02:33.385967",2500.00
"2023-09-02 07:04:17.327749",30000.00
"2023-09-02 08:08:49.534103",170000.00
"2023-09-02 08:28:52.69359",22000.00
"2023-09-02 09:19:02.875712",1280000.00
"2023-09-02 09:44:19.345939",12500.00
"2023-09-02 13:37:10.503597",5500.00
"2023-09-02 14:37:22.509324",425000.00
"2023-09-02 15:44:59.35231",16500.00
"2023-09-02 16:28:16.624194",12000.00
"2023-09-02 16:50:32.912756",54000.00
"2023-09-02 17:27:11.096847",1280000.00
"2023-09-02 18:32:33.607373",16500.00
"2023-09-02 19:44:02.838153",5500.00
"2023-09-02 20:01:47.407103",16500.00
"2023-09-02 21:54:22.376166",5000.00
"2023-09-03 03:35:31.632952",5500.00
"2023-09-03 03:53:04.299931",27500.00
"2023-09-03 06:42:07.811951",72000.00
"2023-09-03 06:49:40.9785",1350000.00
"2023-09-03 07:29:24.992263",5000.00
"2023-09-03 10:07:56.267856",90000.00
"2023-09-03 10:35:03.076564",425000.00
"2023-09-03 11:15:39.064824",6000.00
"2023-09-03 11:23:38.111947",225000.00
"2023-09-03 11:45:30.944342",180000.00
"2023-09-03 11:55:14.157395",225000.00
"2023-09-03 12:51:58.769942",25000.00
"2023-09-03 13:25:25.378795",15000.00
"2023-09-03 13:30:09.620909",36000.00
"2023-09-03 13:57:56.953151",25000.00
"2023-09-03 14:34:47.573105",2250000.00
"2023-09-03 15:54:12.909318",2250000.00
"2023-09-03 18:24:15.698109",135000.00
"2023-09-03 19:03:44.171504",5000.00
"2023-09-03 20:44:39.873795",90000.00
"2023-09-03 22:07:10.362709",5500.00
"2023-09-03 22:42:55.379368",2500.00
"2023-09-03 22:58:27.811249",24000.00
"2023-09-04 01:56:01.297403",5000.00
"2023-09-04 02:03:07.083312",12000.00
"2023-09-04 02:20:36.752374",180000.00
"2023-09-04 03:47:37.466041",90000.00
"2023-09-04 05:27:32.138785",11000.00
"2023-09-04 07:09:57.407484",1600000.00
"2023-09-04 09:26:22.501084",5500.00
"2023-09-04 09:42:58.495652",2250000.00
"2023-09-04 14:53:40.235203",170000.00
"2023-09-04 18:01:37.122256",450000.00
"2023-09-04 20:00:09.921692",10000.00
"2023-09-04 20:28:36.117167",5000.00
"2023-09-05 00:57:13.910282",170000.00
"2023-09-05 04:41:36.981981",1280000.00
"2023-09-05 04:42:34.859748",72000.00
"2023-09-05 08:01:56.13334",1800000.00
"2023-09-05 08:31:54.358281",135000.00
"2023-09-05 10:20:29.725644",255000.00
"2023-09-05 12:00:10.594505",1800000.00
"2023-09-05 12:52:40.334735",5000.00
"2023-09-05 13:03:41.264025",24000.00
"2023-09-05 14:23:48.582303",16500.00
"2023-09-05 15:37:38.716352",10000.00
"2023-09-05 16:06:21.238166",90000.00
"2023-09-05 16:46:47.948155",7500.00
"2023-09-05 17:00:41.273779",16500.00
"2023-09-05 18:02:06.360561",6000.00
"2023-09-05 23:57:41.882027",2500.00
"2023-09-06 02:30:00.79651",170000.00
"2023-09-06 04:25:41.383037",45000.00
"2023-09-06 06:14:39.303054",320000.00
"2023-09-06 06:58:05.549162",36000.00
"2023-09-06 10:04:22.045453",15000.00
"2023-09-06 11:03:49.476446",27500.00
"2023-09-06 17:17:55.946092",5000.00
"2023-09-06 17:52:52.54272",225000.00
"2023-09-06 18:36:01.324862",90000.00
"2023-09-06 18:42:21.922454",12000.00
"2023-09-06 19:16:06.536733",450000.00
"2023-09-06 19:31:23.808762",7500.00
"2023-09-06 20:14:06.049256",5500.00
"2023-09-06 21:50:43.720646",20000.00
"2023-09-06 23:51:38.931021",90000.00
"2023-09-07 00:32:52.134477",18000.00
"2023-09-07 02:35:37.863241",340000.00
"2023-09-07 06:35:38.06543",10000.00
"2023-09-07 07:35:02.952668",5000.00
"2023-09-07 07:58:05.976484",5000.00
"2023-09-07 08:28:54.638783",1600000.00
"2023-09-07 08:44:31.166392",1280000.00
"2023-09-07 09:58:50.439037",255000.00
"2023-09-07 10:26:00.539975",1280000.00
"2023-09-07 12:23:22.234482",340000.00
"2023-09-07 12:31:16.935793",5000.00
"2023-09-07 13:24:46.646047",900000.00
"2023-09-07 14:24:28.394222",11000.00
"2023-09-07 16:41:12.547927",425000.00
"2023-09-07 17:08:25.12064",18000.00
"2023-09-07 18:19:50.246819",225000.00
"2023-09-07 18:44:42.884158",960000.00
"2023-09-07 19:36:31.583746",225000.00
"2023-09-07 19:41:06.786946",225000.00
"2023-09-07 19:44:21.003111",900000.00
"2023-09-07 21:05:11.816874",20000.00
"2023-09-07 23:57:50.110925",340000.00
"2023-09-08 02:22:29.04498",24000.00
"2023-09-08 03:22:48.430848",320000.00
"2023-09-08 04:22:10.662867",45000.00
"2023-09-08 04:27:58.744529",12000.00
"2023-09-08 04:28:43.769077",27500.00
"2023-09-08 05:30:16.009492",2500.00
"2023-09-08 06:13:01.080323",7500.00
"2023-09-08 07:12:05.617136",640000.00
"2023-09-08 07:53:26.250395",24000.00
"2023-09-08 09:32:56.778831",640000.00
"2023-09-08 10:23:06.976847",12000.00
"2023-09-08 11:09:13.934975",340000.00
"2023-09-08 12:14:35.885268",11000.00
"2023-09-08 12:42:30.198685",6000.00
"2023-09-08 13:44:17.329088",255000.00
"2023-09-08 14:15:50.300836",225000.00
"2023-09-08 15:45:36.955455",180000.00
"2023-09-08 18:03:34.202094",54000.00
"2023-09-08 19:25:53.777435",1350000.00
"2023-09-08 19:49:04.829063",10000.00
"2023-09-08 23:00:27.130356",20000.00
"2023-09-08 23:38:29.691113",30000.00
"2023-09-09 00:34:49.788417",12000.00
"2023-09-09 01:11:38.45577",18000.00
"2023-09-09 01:58:35.542955",12000.00
"2023-09-09 02:06:08.83936",6000.00
"2023-09-09 02:14:56.387386",5500.00
"2023-09-09 05:09:10.291948",15000.00
"2023-09-09 06:17:29.737886",90000.00
"2023-09-09 08:59:44.395842",25000.00
"2023-09-09 09:01:46.841983",12500.00
"2023-09-09 09:40:26.646535",135000.00
"2023-09-09 10:44:00.905733",7500.00
"2023-09-09 12:25:16.075845",1800000.00
"2023-09-09 14:52:06.684906",340000.00
"2023-09-09 15:49:46.475538",170000.00
"2023-09-09 16:26:59.068708",18000.00
"2023-09-09 20:14:48.561826",170000.00
"2023-09-09 20:18:41.37625",320000.00
"2023-09-09 20:32:22.971192",1350000.00
"2023-09-09 21:08:42.684214",170000.00
"2023-09-09 22:49:52.310547",27500.00
"2023-09-09 22:54:12.13435",5000.00
"2023-09-09 23:20:59.357488",54000.00
"2023-09-10 01:12:55.778103",90000.00
"2023-09-10 01:30:07.418941",18000.00
"2023-09-10 02:14:20.476937",6000.00
"2023-09-10 05:18:01.894722",85000.00
"2023-09-10 05:18:42.91145",18000.00
"2023-09-10 08:50:08.323682",2500.00
"2023-09-10 10:28:47.381238",960000.00
"2023-09-10 13:54:39.280092",2250000.00
"2023-09-10 16:58:07.037213",90000.00
"2023-09-10 17:28:53.664807",1350000.00
"2023-09-10 17:47:40.107373",5500.00
"2023-09-10 17:50:14.147342",320000.00
"2023-09-10 20:25:22.733096",5000.00
"2023-09-10 20:50:27.160895",135000.00
"2023-09-10 21:33:40.904073",340000.00
"2023-09-10 21:49:25.965704",20000.00
"2023-09-10 23:52:58.352901",1800000.00
"2023-09-11 00:34:43.802704",16500.00
"2023-09-11 02:52:46.781118",5000.00
"2023-09-11 07:14:11.355386",85000.00
"2023-09-11 09:21:22.60852",15000.00
"2023-09-11 09:39:08.337951",5000.00
"2023-09-11 10:16:03.822532",10000.00
"2023-09-11 11:04:11.942053",320000.00
"2023-09-11 11:28:19.90229",255000.00
"2023-09-11 12:30:54.63609",12500.00
"2023-09-11 13:27:47.057135",90000.00
"2023-09-11 14:13:11.401599",180000.00
"2023-09-11 14:15:42.91272",25000.00
"2023-09-11 16:05:22.331191",54000.00
"2023-09-11 17:25:26.870402",1600000.00
"2023-09-11 17:26:57.189404",1600000.00
"2023-09-11 17:48:28.294289",15000.00
"2023-09-11 17:53:44.656698",320000.00
"2023-09-11 18:39:35.352074",2250000.00
"2023-09-11 19:12:42.868112",1800000.00
"2023-09-11 19:32:19.803791",18000.00
"2023-09-11 20:00:41.80914",36000.00
"2023-09-11 20:25:53.001186",425000.00
"2023-09-11 20:32:04.627841",1800000.00
"2023-09-11 23:11:03.790621",36000.00
"2023-09-11 23:16:48.900116",90000.00
"2023-09-12 04:10:57.032309",2500.00
"2023-09-12 04:38:26.612067",54000.00
"2023-09-12 05:17:58.94765",5000.00
"2023-09-12 05:23:42.802755",255000.00
"2023-09-12 07:04:43.870576",85000.00
"2023-09-12 07:58:19.47608",255000.00
"2023-09-12 08:03:00.142507",340000.00
"2023-09-12 09:19:46.864757",2500.00
"2023-09-12 10:12:07.938184",255000.00
"2023-09-12 10:20:59.117616",450000.00
"2023-09-12 10:49:13.641053",30000.00
"2023-09-12 11:20:19.032055",24000.00
"2023-09-12 13:13:13.219216",6000.00
"2023-09-12 15:04:53.06734",1600000.00
"2023-09-12 15:14:50.755732",135000.00
"2023-09-12 15:42:57.195705",90000.00
"2023-09-12 15:57:57.548407",2500.00
"2023-09-12 16:28:15.083697",10000.00
"2023-09-12 17:01:27.409922",72000.00
"2023-09-12 17:10:36.250631",7500.00
"2023-09-12 19:50:24.483379",320000.00
"2023-09-12 20:20:13.819112",1600000.00
"2023-09-12 21:23:58.822176",900000.00
"2023-09-12 23:53:50.654269",900000.00
"2023-09-13 00:10:44.848499",30000.00
"2023-09-13 02:18:11.181387",180000.00
"2023-09-13 02:32:49.237563",90000.00
"2023-09-13 02:54:10.675329",16500.00
"2023-09-13 03:43:41.919571",2250000.00
"2023-09-13 03:50:27.475447",2500.00
"2023-09-13 04:41:57.961091",25000.00
"2023-09-13 05:02:02.553584",1280000.00
"2023-09-13 07:58:46.460362",1280000.00
"2023-09-13 09:20:21.173153",255000.00
"2023-09-13 11:27:30.633445",225000.00
"2023-09-13 11:53:18.039674",640000.00
"2023-09-13 12:49:01.638097",18000.00
"2023-09-13 13:01:49.968848",2500.00
"2023-09-13 13:28:13.805866",12000.00
"2023-09-13 15:54:07.116359",320000.00
"2023-09-13 18:26:53.800392",450000.00
"2023-09-13 18:38:32.089996",16500.00
"2023-09-13 19:14:22.169181",90000.00
"2023-09-13 21:00:39.225285",5500.00
"2023-09-13 23:46:52.919501",90000.00
"2023-09-14 01:58:44.578178",180000.00
"2023-09-14 02:00:04.825998",6000.00
"2023-09-14 02:46:43.136481",12500.00
"2023-09-14 03:05:27.9095",2250000.00
"2023-09-14 03:35:11.212707",45000.00
"2023-09-14 04:09:07.54848",1350000.00
"2023-09-14 05:40:55.952368",36000.00
"2023-09-14 06:30:29.874274",45000.00
"2023-09-14 06:39:28.675291",640000.00
"2023-09-14 07:01:44.311217",54000.00
"2023-09-14 09:23:28.264118",255000.00
"2023-09-14 11:24:25.304086",450000.00
"2023-09-14 11:41:39.512973",340000.00
"2023-09-14 12:20:12.765156",15000.00
"2023-09-14 13:43:30.750039",6000.00
"2023-09-14 14:28:37.299907",2250000.00
"2023-09-14 16:42:24.507962",27500.00
"2023-09-14 17:55:23.081326",450000.00
"2023-09-14 20:53:31.392582",10000.00
"2023-09-14 21:52:20.464464",425000.00
"2023-09-14 22:29:02.756088",10000.00
"2023-09-14 22:40:39.030632",1350000.00
"2023-09-14 22:41:49.692926",1350000.00
"2023-09-14 23:12:02.785874",1350000.00
"2023-09-14 23:39:37.523379",45000.00
"2023-09-14 23:59:11.582102",20000.00
"2023-09-15 00:47:02.465906",90000.00
"2023-09-15 01:12:28.224055",90000.00
"2023-09-15 02:10:32.360297",45000.00
"2023-09-15 02:14:36.919403",1350000.00
"2023-09-15 03:04:58.007958",18000.00
"2023-09-15 03:33:26.507727",6000.00
"2023-09-15 06:20:29.108081",18000.00
"2023-09-15 06:47:45.168649",180000.00
"2023-09-15 07:08:12.887964",20000.00
"2023-09-15 07:43:22.634836",180000.00
"2023-09-15 09:50:29.572436",1350000.00
"2023-09-15 10:53:44.758367",24000.00
"2023-09-15 13:47:04.863601",12500.00
"2023-09-15 16:39:03.512601",24000.00
"2023-09-15 19:26:48.776246",960000.00
"2023-09-15 20:25:55.748602",12500.00
"2023-09-15 20:39:05.259905",16500.00
"2023-09-15 22:25:18.572739",5000.00
"2023-09-15 22:35:47.392097",10000.00
"2023-09-15 23:58:16.124771",5500.00
"2023-09-16 00:35:35.235323",2500.00
"2023-09-16 01:35:30.470995",30000.00
"2023-09-16 01:51:28.023944",340000.00
"2023-09-16 05:01:28.011561",36000.00
"2023-09-16 05:08:59.124529",90000.00
"2023-09-16 06:09:39.823623",10000.00
"2023-09-16 06:13:24.355269",22000.00
"2023-09-16 06:21:49.251045",10000.00
"2023-09-16 08:56:36.99687",27500.00
"2023-09-16 09:07:14.341637",7500.00
"2023-09-16 09:34:41.72712",340000.00
"2023-09-16 10:32:33.46897",1600000.00
"2023-09-16 11:40:11.02534",340000.00
"2023-09-16 11:56:34.674435",340000.00
"2023-09-16 12:21:19.697093",10000.00
"2023-09-16 14:11:58.709107",10000.00
"2023-09-16 15:22:35.370532",340000.00
"2023-09-16 17:15:00.102644",425000.00
"2023-09-16 18:48:43.893165",900000.00
"2023-09-16 19:13:35.921118",135000.00
"2023-09-16 19:32:58.591403",900000.00
"2023-09-16 19:41:10.778368",1280000.00
"2023-09-16 21:31:12.812912",18000.00
"2023-09-16 22:42:45.66933",54000.00
"2023-09-17 00:43:19.159603",45000.00
"2023-09-17 01:52:00.919381",36000.00
"2023-09-17 02:07:30.416527",1350000.00
"2023-09-17 03:33:13.732937",2250000.00
"2023-09-17 03:54:25.076048",7500.00
"2023-09-17 04:07:22.10555",170000.00
"2023-09-17 04:49:38.646509",18000.00
"2023-09-17 06:04:17.544016",18000.00
"2023-09-17 06:48:25.661124",320000.00
"2023-09-17 07:08:17.23914",1280000.00
"2023-09-17 07:44:47.467782",1280000.00
"2023-09-17 08:56:05.845897",36000.00
"2023-09-17 09:09:14.132981",640000.00
"2023-09-17 09:28:19.109116",2250000.00
"2023-09-17 09:43:08.837148",36000.00
"2023-09-17 10:09:05.951029",16500.00
"2023-09-17 10:31:28.601709",450000.00
"2023-09-17 10:46:22.629672",255000.00
"2023-09-17 10:54:03.410135",90000.00
"2023-09-17 11:33:52.28618",5000.00
"2023-09-17 12:56:18.016574",900000.00
"2023-09-17 16:50:18.350273",18000.00
"2023-09-17 17:05:53.915053",18000.00
"2023-09-17 20:07:28.813372",180000.00
"2023-09-17 21:41:34.981888",18000.00
"2023-09-17 23:24:49.031522",960000.00
"2023-09-18 01:02:41.048372",135000.00
"2023-09-18 02:40:28.7718",54000.00
"2023-09-18 04:10:49.656357",320000.00
"2023-09-18 04:20:21.610655",1800000.00
"2023-09-18 05:04:31.380764",320000.00
"2023-09-18 05:11:10.238742",12500.00
"2023-09-18 05:28:36.033662",900000.00
"2023-09-18 06:39:31.091217",18000.00
"2023-09-18 08:38:55.291362",72000.00
"2023-09-18 08:55:43.859954",30000.00
"2023-09-18 08:58:50.152927",16500.00
"2023-09-18 11:17:53.513033",1350000.00
"2023-09-18 11:26:46.946216",180000.00
"2023-09-18 11:41:55.116442",5000.00
"2023-09-18 13:12:00.489007",1350000.00
"2023-09-18 13:39:35.112414",85000.00
"2023-09-18 15:18:06.936423",135000.00
"2023-09-18 15:42:06.812404",5000.00
"2023-09-18 15:51:49.801739",5000.00
"2023-09-18 16:00:56.349274",10000.00
"2023-09-18 16:46:45.023531",22000.00
"2023-09-18 17:26:33.108321",180000.00
"2023-09-18 17:52:14.602358",16500.00
"2023-09-18 19:00:56.668844",15000.00
"2023-09-18 19:09:14.159748",11000.00
"2023-09-18 20:37:43.234779",18000.00
"2023-09-18 21:54:38.927113",18000.00
"2023-09-18 23:05:32.182932",36000.00
"2023-09-19 00:30:49.894057",12500.00
"2023-09-19 00:32:08.249921",180000.00
"2023-09-19 00:39:49.708357",90000.00
"2023-09-19 01:10:38.401499",90000.00
"2023-09-19 01:47:17.440255",15000.00
"2023-09-19 03:00:42.254154",11000.00
"2023-09-19 05:12:41.015681",11000.00
"2023-09-19 05:47:13.80962",225000.00
"2023-09-19 06:24:36.102852",1350000.00
"2023-09-19 06:56:57.335653",85000.00
"2023-09-19 08:20:53.985543",340000.00
"2023-09-19 09:19:31.053911",16500.00
"2023-09-19 10:09:07.008891",1280000.00
"2023-09-19 10:56:41.30375",1600000.00
"2023-09-19 11:38:37.118832",27500.00
"2023-09-19 11:42:45.668442",15000.00
"2023-09-19 12:46:33.147038",12000.00
"2023-09-19 13:12:10.718372",340000.00
"2023-09-19 15:35:06.992236",255000.00
"2023-09-19 17:24:05.977079",12500.00
"2023-09-19 18:17:15.350103",2500.00
"2023-09-19 20:54:17.967751",900000.00
"2023-09-19 21:24:30.834744",22000.00
"2023-09-20 00:02:45.146493",30000.00
"2023-09-20 01:46:29.70121",10000.00
"2023-09-20 02:01:16.756484",24000.00
"2023-09-20 03:24:45.587229",640000.00
"2023-09-20 03:28:57.221066",7500.00
"2023-09-20 04:00:23.166373",16500.00
"2023-09-20 05:24:20.425404",225000.00
"2023-09-20 07:46:49.910198",22000.00
"2023-09-20 08:48:09.857211",340000.00
"2023-09-20 11:25:05.861124",18000.00
"2023-09-20 12:01:32.246976",25000.00
"2023-09-20 13:27:27.384449",5500.00
"2023-09-20 14:57:39.203925",90000.00
"2023-09-20 15:18:54.346128",45000.00
"2023-09-20 16:09:00.665185",90000.00
"2023-09-20 16:39:14.793922",2500.00
"2023-09-20 18:21:10.165319",425000.00
"2023-09-20 19:11:20.366745",24000.00
"2023-09-20 19:42:17.995062",7500.00
"2023-09-20 20:30:06.145142",135000.00
"2023-09-20 21:09:38.00081",900000.00
"2023-09-20 21:30:27.736042",225000.00
"2023-09-20 22:34:12.65912",12000.00
"2023-09-21 01:53:59.894131",72000.00
"2023-09-21 03:07:39.103091",425000.00
"2023-09-21 03:24:28.169626",5500.00
"2023-09-21 03:44:58.303768",24000.00
"2023-09-21 04:39:22.525493",960000.00
"2023-09-21 04:57:50.93836",25000.00
"2023-09-21 06:18:33.188518",24000.00
"2023-09-21 06:57:18.42341",54000.00
"2023-09-21 07:32:08.432523",170000.00
"2023-09-21 08:39:08.523516",640000.00
"2023-09-21 09:57:36.376799",72000.00
"2023-09-21 10:39:11.560045",5000.00
"2023-09-21 10:47:13.619283",640000.00
"2023-09-21 17:55:02.828216",1600000.00
"2023-09-21 18:32:43.373307",450000.00
"2023-09-21 23:00:34.7241",54000.00
"2023-09-21 23:02:22.125368",22000.00
"2023-09-21 23:02:31.440378",10000.00
"2023-09-21 23:31:41.255738",2500.00
"2023-09-21 23:38:09.467133",15000.00
"2023-09-22 02:09:27.750178",2500.00
"2023-09-22 03:20:27.17916",54000.00
"2023-09-22 07:13:02.946342",12000.00
"2023-09-22 07:20:54.827887",10000.00
"2023-09-22 07:27:49.292061",960000.00
"2023-09-22 11:37:56.68261",18000.00
"2023-09-22 14:18:43.059123",90000.00
"2023-09-22 15:38:56.716294",225000.00
"2023-09-22 16:23:11.700123",170000.00
"2023-09-22 16:58:13.17473",900000.00
"2023-09-22 17:00:17.051236",24000.00
"2023-09-22 18:46:35.20638",18000.00
"2023-09-22 19:25:51.136717",20000.00
"2023-09-22 20:58:44.935227",180000.00
"2023-09-23 00:10:32.018183",30000.00
"2023-09-23 01:07:42.571123",6000.00
"2023-09-23 01:13:13.254601",10000.00
"2023-09-23 01:57:10.007571",425000.00
"2023-09-23 03:42:53.621892",7500.00
"2023-09-23 05:29:38.616582",16500.00
"2023-09-23 05:47:23.569722",36000.00
"2023-09-23 08:25:29.385824",20000.00
"2023-09-23 08:40:34.453091",45000.00
"2023-09-23 08:43:43.061647",340000.00
"2023-09-23 09:24:16.331567",10000.00
"2023-09-23 09:35:14.943205",12500.00
"2023-09-23 09:36:21.63966",27500.00
"2023-09-23 10:16:00.330997",2250000.00
"2023-09-23 13:17:10.277971",2500.00
"2023-09-23 13:18:59.527767",30000.00
"2023-09-23 15:35:14.400451",450000.00
"2023-09-23 15:46:07.939973",12500.00
"2023-09-23 16:34:44.32386",180000.00
"2023-09-23 17:55:39.936914",16500.00
"2023-09-23 20:41:05.659957",1280000.00
"2023-09-23 22:06:17.604788",90000.00
"2023-09-23 22:41:36.245527",900000.00
"2023-09-24 02:01:32.164827",12500.00
"2023-09-24 02:59:06.04064",7500.00
"2023-09-24 03:26:58.52046",135000.00
"2023-09-24 03:44:38.050797",7500.00
"2023-09-24 04:43:15.564633",18000.00
"2023-09-24 06:32:59.882549",15000.00
"2023-09-24 07:03:41.125844",320000.00
"2023-09-24 07:37:58.311506",340000.00
"2023-09-24 08:18:28.322502",1350000.00
"2023-09-24 09:02:34.578845",6000.00
"2023-09-24 10:16:07.133231",12000.00
"2023-09-24 12:08:46.620338",5000.00
"2023-09-24 12:29:51.638654",45000.00
"2023-09-24 15:55:01.99449",5000.00
"2023-09-24 17:25:49.41483",30000.00
"2023-09-24 19:57:46.453977",1800000.00
"2023-09-24 20:53:07.705055",10000.00
"2023-09-24 20:58:08.29109",36000.00
"2023-09-25 01:24:19.317813",72000.00
"2023-09-25 02:00:37.72214",1600000.00
"2023-09-25 03:56:58.328656",425000.00
"2023-09-25 05:35:59.000355",1600000.00
"2023-09-25 05:42:04.893289",10000.00
"2023-09-25 06:56:18.541153",320000.00
"2023-09-25 06:58:06.677259",135000.00
"2023-09-25 07:26:33.361083",27500.00
"2023-09-25 09:02:14.54291",10000.00
"2023-09-25 10:38:03.825023",12500.00
"2023-09-25 11:37:08.791938",10000.00
"2023-09-25 13:35:26.887908",36000.00
"2023-09-25 15:00:59.756603",25000.00
"2023-09-25 15:58:43.430303",10000.00
"2023-09-25 16:38:23.254867",24000.00
"2023-09-25 18:34:11.992533",25000.00
"2023-09-25 18:39:14.56852",225000.00
"2023-09-25 18:56:25.35613",36000.00
"2023-09-25 20:40:28.34864",22000.00
"2023-09-25 21:08:04.132623",15000.00
"2023-09-25 22:10:19.696741",20000.00
"2023-09-26 01:43:57.816034",640000.00
"2023-09-26 02:03:26.286524",18000.00
"2023-09-26 02:06:04.244871",54000.00
"2023-09-26 04:27:39.899516",12000.00
"2023-09-26 04:38:04.080049",640000.00
"2023-09-26 04:39:05.763837",1800000.00
"2023-09-26 06:23:01.81081",320000.00
"2023-09-26 10:39:57.806989",135000.00
"2023-09-26 10:59:43.049854",11000.00
"2023-09-26 11:28:53.091591",320000.00
"2023-09-26 12:16:36.966023",5000.00
"2023-09-26 12:26:09.905375",1600000.00
"2023-09-26 12:46:02.06432",15000.00
"2023-09-26 13:22:19.085648",1350000.00
"2023-09-26 13:46:11.590352",7500.00
"2023-09-26 13:53:06.22532",6000.00
"2023-09-26 14:00:21.744828",1800000.00
"2023-09-26 14:46:59.162761",180000.00
"2023-09-26 17:17:50.174532",6000.00
"2023-09-26 17:55:45.733144",12500.00
"2023-09-26 18:16:55.932646",54000.00
"2023-09-26 19:21:24.53774",18000.00
"2023-09-26 20:10:19.470995",36000.00
"2023-09-26 23:24:28.445036",10000.00
"2023-09-27 01:30:08.384618",225000.00
"2023-09-27 03:22:18.037654",12000.00
"2023-09-27 03:53:49.398922",16500.00
"2023-09-27 04:31:29.155738",10000.00
"2023-09-27 04:36:50.31345",225000.00
"2023-09-27 06:31:21.005472",320000.00
"2023-09-27 08:21:42.349976",27500.00
"2023-09-27 16:58:14.542294",5000.00
"2023-09-27 17:09:15.844242",170000.00
"2023-09-27 18:19:51.512939",15000.00
"2023-09-27 18:21:36.572945",18000.00
"2023-09-27 19:30:53.150386",18000.00
"2023-09-27 21:48:25.647831",1350000.00
"2023-09-27 22:10:48.594753",45000.00
"2023-09-27 22:14:15.352928",320000.00
"2023-09-27 22:42:12.416181",90000.00
"2023-09-27 23:26:52.671949",72000.00
"2023-09-27 23:54:27.259612",20000.00
"2023-09-28 02:39:20.333025",72000.00
"2023-09-28 02:44:21.570835",7500.00
"2023-09-28 02:51:06.740577",25000.00
"2023-09-28 03:21:06.082029",27500.00
"2023-09-28 03:50:26.231426",54000.00
"2023-09-28 04:42:14.28334",340000.00
"2023-09-28 06:51:24.823751",425000.00
"2023-09-28 08:28:27.70013",1800000.00
"2023-09-28 11:31:45.016401",5000.00
"2023-09-28 11:35:37.992941",90000.00
"2023-09-28 11:45:30.786233",170000.00
"2023-09-28 14:49:13.888358",1600000.00
"2023-09-28 15:14:21.406714",30000.00
"2023-09-28 15:38:34.143862",340000.00
"2023-09-28 16:41:21.451851",24000.00
"2023-09-28 17:04:09.576684",320000.00
"2023-09-28 18:52:37.501346",2250000.00
"2023-09-28 19:38:07.800425",1350000.00
"2023-09-28 20:47:40.984241",135000.00
"2023-09-28 20:52:47.577683",27500.00
"2023-09-28 20:56:29.304303",5000.00
"2023-09-28 21:19:30.466862",27500.00
"2023-09-28 22:30:17.4223",180000.00
"2023-09-29 01:01:40.070417",180000.00
"2023-09-29 01:28:18.679136",6000.00
"2023-09-29 03:01:53.363893",2500.00
"2023-09-29 04:34:23.149561",340000.00
"2023-09-29 05:00:38.809343",340000.00
"2023-09-29 05:01:02.745271",11000.00
"2023-09-29 11:19:55.350169",30000.00
"2023-09-29 11:37:17.671366",1800000.00
"2023-09-29 11:52:28.641614",72000.00
"2023-09-29 12:55:29.192071",7500.00
"2023-09-29 13:31:06.175363",12500.00
"2023-09-29 13:52:11.91851",36000.00
"2023-09-29 17:04:58.65415",18000.00
"2023-09-29 17:23:43.882855",12000.00
"2023-09-29 18:06:52.30844",5500.00
"2023-09-30 01:09:01.547118",10000.00
"2023-09-30 03:03:14.024182",54000.00
"2023-09-30 05:22:10.583409",5500.00
"2023-09-30 05:45:37.124571",180000.00
"2023-09-30 06:57:17.288256",27500.00
"2023-09-30 08:48:51.423495",27500.00
"2023-09-30 10:25:14.174275",5000.00
"2023-09-30 12:48:00.63306",27500.00
"2023-09-30 12:58:34.895961",10000.00
"2023-09-30 14:41:39.054775",255000.00
"2023-09-30 21:10:44.677653",27500.00
"2023-09-30 22:33:40.073309",90000.00
"2023-09-30 23:54:25.185499",25000.00
"2023-10-01 00:29:04.203348",340000.00
"2023-10-01 02:07:56.011791",25000.00
"2023-10-01 03:01:42.697601",425000.00
"2023-10-01 05:19:58.309693",10000.00
"2023-10-01 05:44:27.421516",450000.00
"2023-10-01 10:57:29.794012",12000.00
"2023-10-01 11:37:14.881283",18000.00
"2023-10-01 11:45:19.83385",10000.00
"2023-10-01 12:08:54.049551",6000.00
"2023-10-01 12:54:58.583874",45000.00
"2023-10-01 15:43:41.121606",5000.00
"2023-10-01 15:47:54.185962",85000.00
"2023-10-01 15:48:26.889419",12500.00
"2023-10-01 16:50:12.338398",170000.00
"2023-10-01 18:52:51.927021",36000.00
"2023-10-01 20:14:11.225469",12000.00
"2023-10-01 20:37:06.320727",1800000.00
"2023-10-01 22:20:38.192506",960000.00
"2023-10-01 23:35:37.77252",90000.00
"2023-10-01 23:58:19.416789",15000.00
"2023-10-02 02:15:25.000474",20000.00
"2023-10-02 02:35:55.684146",170000.00
"2023-10-02 02:42:07.658744",450000.00
"2023-10-02 02:55:49.784906",16500.00
"2023-10-02 03:05:37.813635",18000.00
"2023-10-02 03:57:43.549241",640000.00
"2023-10-02 05:02:35.320135",24000.00
"2023-10-02 06:14:48.619221",320000.00
"2023-10-02 07:14:48.439452",24000.00
"2023-10-02 07:36:27.169204",900000.00
"2023-10-02 08:51:05.704295",90000.00
"2023-10-02 10:35:20.390295",10000.00
"2023-10-02 11:49:08.695375",10000.00
"2023-10-02 12:22:16.609464",1800000.00
"2023-10-02 14:15:08.638682",12000.00
"2023-10-02 15:29:27.960106",18000.00
"2023-10-02 16:38:14.838361",12500.00
"2023-10-02 17:00:48.498675",7500.00
"2023-10-02 17:34:54.833277",1800000.00
"2023-10-02 17:37:51.487064",18000.00
"2023-10-02 19:06:24.208232",5500.00
"2023-10-02 19:38:40.470057",15000.00
"2023-10-02 20:57:06.067976",135000.00
"2023-10-02 21:31:42.011912",45000.00
"2023-10-02 23:11:48.802415",135000.00
"2023-10-03 01:00:42.099572",15000.00
"2023-10-03 01:34:50.915226",54000.00
"2023-10-03 03:52:06.345679",24000.00
"2023-10-03 05:12:29.856902",1600000.00
"2023-10-03 08:24:35.559725",1350000.00
"2023-10-03 09:01:11.971054",5500.00
"2023-10-03 11:25:49.026789",255000.00
"2023-10-03 11:43:13.705445",90000.00
"2023-10-03 12:31:39.278954",27500.00
"2023-10-03 15:25:24.799772",16500.00
"2023-10-03 15:30:08.08554",16500.00
"2023-10-03 16:38:16.983472",960000.00
"2023-10-03 16:40:50.724714",12500.00
"2023-10-03 17:29:42.273368",180000.00
"2023-10-03 19:33:52.583746",16500.00
"2023-10-03 21:13:02.073745",15000.00
"2023-10-03 21:13:28.997047",1280000.00
"2023-10-03 21:21:23.956905",450000.00
"2023-10-03 23:05:18.323115",10000.00
"2023-10-04 00:31:31.638187",18000.00
"2023-10-04 01:44:18.844682",1350000.00
"2023-10-04 03:25:55.847119",12500.00
"2023-10-04 04:46:44.008106",10000.00
"2023-10-04 07:03:20.596212",25000.00
"2023-10-04 07:50:17.387594",1800000.00
"2023-10-04 08:28:33.859383",45000.00
"2023-10-04 12:14:06.857128",25000.00
"2023-10-04 13:43:59.440856",12500.00
"2023-10-04 13:55:52.223332",2250000.00
"2023-10-04 16:15:53.246411",15000.00
"2023-10-04 16:33:45.687735",900000.00
"2023-10-04 18:08:25.787968",1280000.00
"2023-10-04 19:01:10.531503",15000.00
"2023-10-04 19:32:49.728141",45000.00
"2023-10-04 19:39:54.487942",340000.00
"2023-10-04 20:02:01.691327",1280000.00
"2023-10-04 20:47:44.958153",5000.00
"2023-10-04 21:40:19.682388",7500.00
"2023-10-04 23:43:11.484924",54000.00
"2023-10-05 00:04:17.975078",320000.00
"2023-10-05 01:47:32.423301",18000.00
"2023-10-05 04:24:22.088928",15000.00
"2023-10-05 04:51:01.16459",170000.00
"2023-10-05 05:27:56.171444",640000.00
"2023-10-05 05:54:04.188496",640000.00
"2023-10-05 06:16:47.389482",18000.00
"2023-10-05 06:18:27.099065",225000.00
"2023-10-05 06:22:34.560795",11000.00
"2023-10-05 06:35:01.408179",1350000.00
"2023-10-05 07:23:18.222514",2250000.00
"2023-10-05 07:27:10.925779",16500.00
"2023-10-05 07:49:13.925914",90000.00
"2023-10-05 08:34:01.494345",90000.00
"2023-10-05 10:40:47.408575",425000.00
"2023-10-05 10:56:47.350454",27500.00
"2023-10-05 11:15:51.34096",54000.00
"2023-10-05 11:52:18.467656",6000.00
"2023-10-05 12:31:43.317618",10000.00
"2023-10-05 13:00:35.222053",30000.00
"2023-10-05 13:24:04.565499",340000.00
"2023-10-05 13:47:30.015819",135000.00
"2023-10-05 13:59:45.099634",1800000.00
"2023-10-05 15:10:14.259573",15000.00
"2023-10-05 15:15:18.371082",25000.00
"2023-10-05 15:23:12.121975",450000.00
"2023-10-05 16:18:38.891461",72000.00
"2023-10-05 20:49:41.114308",45000.00
"2023-10-05 21:10:39.876944",36000.00
"2023-10-05 22:30:03.444822",5000.00
"2023-10-05 23:51:07.172667",1600000.00
"2023-10-06 00:01:24.479215",2250000.00
"2023-10-06 00:25:00.982241",10000.00
"2023-10-06 02:23:16.453992",640000.00
"2023-10-06 07:57:48.382132",25000.00
"2023-10-06 08:59:20.239548",20000.00
"2023-10-06 09:54:04.044067",450000.00
"2023-10-06 10:57:32.112601",85000.00
"2023-10-06 11:11:45.661559",135000.00
"2023-10-06 11:36:16.844734",90000.00
"2023-10-06 12:38:49.770469",180000.00
"2023-10-06 13:49:02.761805",25000.00
"2023-10-06 14:28:50.491347",5500.00
"2023-10-06 15:17:11.052289",340000.00
"2023-10-06 17:45:59.416298",72000.00
"2023-10-06 18:38:30.228741",1800000.00
"2023-10-06 20:15:33.807575",425000.00
"2023-10-06 22:43:19.450636",1800000.00
"2023-10-06 22:47:05.955764",12500.00
"2023-10-06 23:33:43.896022",960000.00
"2023-10-07 01:29:06.249681",18000.00
"2023-10-07 02:39:08.069174",135000.00
"2023-10-07 04:17:39.997787",25000.00
"2023-10-07 04:47:18.489124",54000.00
"2023-10-07 06:12:25.799861",900000.00
"2023-10-07 08:46:31.650452",85000.00
"2023-10-07 09:34:29.744808",425000.00
"2023-10-07 10:06:37.754348",90000.00
"2023-10-07 10:48:02.663399",1280000.00
"2023-10-07 11:31:58.227105",18000.00
"2023-10-07 12:25:19.159737",170000.00
"2023-10-07 14:11:06.464759",340000.00
"2023-10-07 14:24:10.837959",36000.00
"2023-10-07 16:22:30.841016",320000.00
"2023-10-07 17:11:37.179058",5000.00
"2023-10-07 20:58:44.892193",15000.00
"2023-10-08 00:16:07.106055",24000.00
"2023-10-08 01:25:11.835611",135000.00
"2023-10-08 01:51:49.742637",2250000.00
"2023-10-08 03:03:42.28349",170000.00
"2023-10-08 03:05:46.132568",340000.00
"2023-10-08 03:29:50.006938",170000.00
"2023-10-08 03:32:17.740706",18000.00
"2023-10-08 04:06:13.303071",18000.00
"2023-10-08 04:10:30.98716",45000.00
"2023-10-08 05:17:31.395318",1280000.00
"2023-10-08 05:46:31.367663",6000.00
"2023-10-08 07:56:36.690115",5000.00
"2023-10-08 08:18:33.513455",10000.00
"2023-10-08 09:05:42.723326",22000.00
"2023-10-08 09:52:09.467239",1350000.00
"2023-10-08 10:07:45.934325",960000.00
"2023-10-08 12:37:49.679414",10000.00
"2023-10-08 14:45:43.690221",24000.00
"2023-10-08 15:43:37.56933",12000.00
"2023-10-08 16:03:11.855236",425000.00
"2023-10-08 16:23:58.692361",425000.00
"2023-10-08 16:37:13.58891",450000.00
"2023-10-08 17:02:44.970125",90000.00
"2023-10-08 19:04:55.669427",450000.00
"2023-10-08 19:27:09.550547",10000.00
"2023-10-08 20:12:48.211756",20000.00
"2023-10-08 21:23:12.28234",10000.00
"2023-10-08 21:26:28.055102",15000.00
"2023-10-08 21:53:19.773035",24000.00
"2023-10-08 23:09:43.826682",10000.00
"2023-10-09 02:11:09.849431",225000.00
"2023-10-09 02:55:49.402957",320000.00
"2023-10-09 03:19:32.807607",7500.00
"2023-10-09 03:25:56.42148",900000.00
"2023-10-09 06:03:53.689101",18000.00
"2023-10-09 06:12:42.762347",6000.00
"2023-10-09 07:32:05.481998",1350000.00
"2023-10-09 08:33:51.111912",90000.00
"2023-10-09 08:41:29.876524",10000.00
"2023-10-09 10:24:10.788089",225000.00
"2023-10-09 13:59:25.390045",24000.00
"2023-10-09 14:43:24.493241",90000.00
"2023-10-09 16:39:58.220004",1600000.00
"2023-10-09 19:49:59.86716",1600000.00
"2023-10-09 20:20:19.83109",7500.00
"2023-10-09 20:38:03.472843",7500.00
"2023-10-09 21:44:29.572051",6000.00
"2023-10-09 22:11:49.786146",900000.00
"2023-10-09 22:38:39.036503",20000.00
"2023-10-09 23:00:18.916863",320000.00
"2023-10-09 23:01:36.843395",25000.00
"2023-10-10 00:48:49.343684",255000.00
"2023-10-10 01:20:12.264135",1800000.00
"2023-10-10 02:13:02.996858",12500.00
"2023-10-10 03:15:15.817743",1350000.00
"2023-10-10 06:14:54.707308",15000.00
"2023-10-10 06:20:18.608181",900000.00
"2023-10-10 07:37:38.624126",12500.00
"2023-10-10 08:38:49.652927",90000.00
"2023-10-10 09:27:31.88843",20000.00
"2023-10-10 11:53:12.05117",450000.00
"2023-10-10 12:27:01.776511",12500.00
"2023-10-10 13:54:20.282539",2250000.00
"2023-10-10 14:51:12.855479",6000.00
"2023-10-10 17:43:09.745719",1280000.00
"2023-10-10 19:13:49.435593",340000.00
"2023-10-10 19:40:21.987237",27500.00
"2023-10-10 20:27:25.279756",7500.00
"2023-10-10 20:49:26.672132",90000.00
"2023-10-10 21:18:52.816694",1800000.00
"2023-10-10 22:56:55.03296",5000.00
"2023-10-10 23:01:46.421505",340000.00
"2023-10-10 23:01:56.462852",25000.00
"2023-10-11 00:54:14.015078",1800000.00
"2023-10-11 01:21:30.726178",90000.00
"2023-10-11 02:03:25.320568",12500.00
"2023-10-11 02:55:27.088018",170000.00
"2023-10-11 03:34:41.381729",10000.00
"2023-10-11 04:03:20.416732",54000.00
"2023-10-11 04:19:10.017022",5500.00
"2023-10-11 05:02:21.261693",90000.00
"2023-10-11 07:11:51.030976",20000.00
"2023-10-11 07:13:33.17284",12000.00
"2023-10-11 07:14:25.561636",90000.00
"2023-10-11 09:39:04.899126",16500.00
"2023-10-11 11:11:43.364899",18000.00
"2023-10-11 11:39:40.084585",1600000.00
"2023-10-11 13:27:09.730227",18000.00
"2023-10-11 13:48:53.329061",18000.00
"2023-10-11 14:11:22.082438",340000.00
"2023-10-11 14:14:15.414382",27500.00
"2023-10-11 15:17:29.324818",640000.00
"2023-10-11 16:32:13.144367",180000.00
"2023-10-11 18:26:37.462571",450000.00
"2023-10-11 18:36:43.31887",1600000.00
"2023-10-11 19:37:50.077007",255000.00
"2023-10-11 19:40:37.043414",180000.00
"2023-10-11 20:24:13.054649",18000.00
"2023-10-11 20:24:54.279357",54000.00
"2023-10-11 21:02:51.741499",900000.00
"2023-10-11 21:08:39.206039",15000.00
"2023-10-12 00:04:42.598057",18000.00
"2023-10-12 02:18:26.883119",170000.00
"2023-10-12 03:57:11.54823",11000.00
"2023-10-12 05:31:11.543686",11000.00
"2023-10-12 06:50:22.156943",170000.00
"2023-10-12 06:51:10.434825",425000.00
"2023-10-12 08:05:38.988698",1800000.00
"2023-10-12 08:14:43.226133",255000.00
"2023-10-12 08:32:31.743268",960000.00
"2023-10-12 08:58:36.050268",24000.00
"2023-10-12 10:26:47.800927",10000.00
"2023-10-12 12:29:22.5348",20000.00
"2023-10-12 14:17:50.00152",11000.00
"2023-10-12 14:28:39.106615",12000.00
"2023-10-12 16:10:45.908431",425000.00
"2023-10-12 16:35:04.423109",15000.00
"2023-10-12 17:16:08.46474",5500.00
"2023-10-12 18:37:47.359055",1800000.00
"2023-10-12 19:01:48.277402",45000.00
"2023-10-12 21:01:45.973898",320000.00
"2023-10-12 21:23:21.187107",425000.00
"2023-10-13 00:29:47.230563",6000.00
"2023-10-13 00:59:02.194419",1350000.00
"2023-10-13 01:35:10.271269",5000.00
"2023-10-13 04:28:45.040311",255000.00
"2023-10-13 06:42:42.84522",640000.00
"2023-10-13 08:44:56.203644",900000.00
"2023-10-13 09:07:02.753148",180000.00
"2023-10-13 09:45:55.044497",960000.00
"2023-10-13 09:46:22.425187",27500.00
"2023-10-13 10:29:37.5829",255000.00
"2023-10-13 11:29:21.054769",24000.00
"2023-10-13 11:33:05.715782",340000.00
"2023-10-13 12:50:45.503493",5000.00
"2023-10-13 13:24:25.255146",5000.00
"2023-10-13 14:05:22.895853",1800000.00
"2023-10-13 14:39:20.35236",90000.00
"2023-10-13 15:24:41.518976",5000.00
"2023-10-13 17:59:37.000199",7500.00
"2023-10-13 20:44:46.372447",18000.00
"2023-10-13 20:59:25.582625",90000.00
"2023-10-13 23:23:16.794017",25000.00
"2023-10-14 00:36:14.21128",255000.00
"2023-10-14 00:56:01.652146",320000.00
"2023-10-14 01:53:13.782026",1800000.00
"2023-10-14 04:13:49.348751",30000.00
"2023-10-14 07:32:22.303477",18000.00
"2023-10-14 07:58:22.273433",16500.00
"2023-10-14 09:46:10.105848",72000.00
"2023-10-14 10:59:24.449521",10000.00
"2023-10-14 12:15:32.272434",170000.00
"2023-10-14 12:17:18.615754",320000.00
"2023-10-14 13:39:43.146631",18000.00
"2023-10-14 13:40:22.341099",20000.00
"2023-10-14 15:53:19.684033",255000.00
"2023-10-14 17:01:37.379713",90000.00
"2023-10-14 18:48:49.692033",12000.00
"2023-10-14 22:47:16.505951",45000.00
"2023-10-14 23:06:29.676089",12000.00
"2023-10-15 02:08:57.200833",640000.00
"2023-10-15 04:25:10.736777",2250000.00
"2023-10-15 06:29:39.815141",18000.00
"2023-10-15 10:33:07.403506",12000.00
"2023-10-15 12:32:16.929083",425000.00
"2023-10-15 12:34:59.223473",135000.00
"2023-10-15 12:44:04.618968",30000.00
"2023-10-15 13:56:36.216663",320000.00
"2023-10-15 14:22:48.231359",1800000.00
"2023-10-15 14:37:55.462891",1280000.00
"2023-10-15 14:50:05.536286",180000.00
"2023-10-15 15:01:15.471797",20000.00
"2023-10-15 15:51:35.263182",2500.00
"2023-10-15 16:03:01.065672",27500.00
"2023-10-15 17:00:00.259603",320000.00
"2023-10-15 18:26:34.190336",2250000.00
"2023-10-15 18:41:56.15238",225000.00
"2023-10-15 19:18:05.56452",85000.00
"2023-10-15 19:29:58.732263",640000.00
"2023-10-15 20:26:41.480017",320000.00
"2023-10-15 20:43:40.377988",1800000.00
"2023-10-15 20:45:14.152153",12000.00
"2023-10-15 20:50:42.418602",5000.00
"2023-10-15 22:44:09.464672",340000.00
"2023-10-16 01:49:35.256847",5500.00
"2023-10-16 03:13:30.976008",27500.00
"2023-10-16 06:00:47.197396",5000.00
"2023-10-16 06:14:35.686472",1280000.00
"2023-10-16 08:24:09.141586",255000.00
"2023-10-16 08:55:14.899369",36000.00
"2023-10-16 09:51:38.90975",30000.00
"2023-10-16 11:01:32.66065",45000.00
"2023-10-16 14:38:31.455126",255000.00
"2023-10-16 14:40:42.380361",54000.00
"2023-10-16 15:04:03.848659",10000.00
"2023-10-16 15:52:55.730789",135000.00
"2023-10-16 16:19:43.500692",960000.00
"2023-10-16 16:22:58.560829",36000.00
"2023-10-16 16:27:51.783766",18000.00
"2023-10-16 17:20:11.585379",16500.00
"2023-10-16 18:11:58.582267",1350000.00
"2023-10-16 18:18:02.551918",340000.00
"2023-10-17 01:23:00.977436",7500.00
"2023-10-17 01:44:16.677628",72000.00
"2023-10-17 02:03:47.73064",900000.00
"2023-10-17 02:42:51.192733",25000.00
"2023-10-17 05:43:52.314896",27500.00
"2023-10-17 05:52:48.225037",15000.00
"2023-10-17 06:24:39.425614",960000.00
"2023-10-17 06:39:45.031411",425000.00
"2023-10-17 07:33:01.580631",90000.00
"2023-10-17 07:36:30.890637",54000.00
"2023-10-17 07:56:18.048166",135000.00
"2023-10-17 10:50:35.036216",640000.00
"2023-10-17 13:02:39.492315",960000.00
"2023-10-17 13:49:09.121548",135000.00
"2023-10-17 17:24:45.325587",85000.00
"2023-10-17 17:37:21.281329",640000.00
"2023-10-17 19:21:59.193792",425000.00
"2023-10-17 20:10:51.50171",90000.00
"2023-10-17 20:12:17.474311",85000.00
"2023-10-17 20:16:39.946166",960000.00
"2023-10-17 20:51:49.77523",36000.00
"2023-10-17 21:40:28.690582",450000.00
"2023-10-17 21:52:42.230012",1280000.00
"2023-10-17 22:18:23.282018",45000.00
"2023-10-17 23:30:46.900454",16500.00
"2023-10-17 23:33:28.734351",54000.00
"2023-10-18 00:21:22.698799",10000.00
"2023-10-18 00:47:57.870401",18000.00
"2023-10-18 02:09:14.42477",6000.00
"2023-10-18 03:38:38.379201",320000.00
"2023-10-18 03:43:34.87675",450000.00
"2023-10-18 04:34:24.07855",72000.00
"2023-10-18 04:46:30.385811",5000.00
"2023-10-18 05:13:43.958787",18000.00
"2023-10-18 05:52:00.200248",1350000.00
"2023-10-18 06:27:23.848853",16500.00
"2023-10-18 07:16:47.4362",12500.00
"2023-10-18 08:18:48.050139",1350000.00
"2023-10-18 08:49:28.363948",6000.00
"2023-10-18 10:46:16.938573",18000.00
"2023-10-18 12:19:37.432162",12500.00
"2023-10-18 13:11:24.851283",72000.00
"2023-10-18 13:15:53.1506",54000.00
"2023-10-18 15:39:02.985521",180000.00
"2023-10-18 18:06:03.217629",6000.00
"2023-10-18 20:38:44.823581",30000.00
"2023-10-18 20:52:34.415663",20000.00
"2023-10-18 21:30:03.354617",960000.00
"2023-10-18 22:21:03.593357",170000.00
"2023-10-18 22:42:36.524364",72000.00
"2023-10-18 22:59:34.71588",12500.00
"2023-10-19 01:12:56.641438",12500.00
"2023-10-19 01:28:44.065578",18000.00
"2023-10-19 02:23:14.381735",2500.00
"2023-10-19 03:27:14.30139",12000.00
"2023-10-19 03:35:37.932128",450000.00
"2023-10-19 06:37:48.155302",54000.00
"2023-10-19 08:26:01.960146",10000.00
"2023-10-19 08:30:18.19748",12000.00
"2023-10-19 09:06:50.471552",7500.00
"2023-10-19 10:30:01.563068",5000.00
"2023-10-19 12:34:01.40823",18000.00
"2023-10-19 13:12:15.220834",36000.00
"2023-10-19 15:17:32.827435",450000.00
"2023-10-19 17:28:49.636198",25000.00
"2023-10-19 17:39:10.629434",170000.00
"2023-10-19 18:42:47.458719",1280000.00
"2023-10-19 21:16:51.275264",30000.00
"2023-10-19 21:43:07.166107",30000.00
"2023-10-19 21:59:46.086471",5500.00
"2023-10-19 22:15:02.462434",12500.00
"2023-10-19 23:35:02.024987",640000.00
"2023-10-19 23:38:34.143737",255000.00
"2023-10-20 01:37:14.515718",960000.00
"2023-10-20 02:38:54.019686",960000.00
"2023-10-20 03:50:40.31706",640000.00
"2023-10-20 05:42:19.491608",2250000.00
"2023-10-20 05:59:38.610091",450000.00
"2023-10-20 06:03:48.326637",90000.00
"2023-10-20 07:07:18.425178",2250000.00
"2023-10-20 08:08:41.287223",225000.00
"2023-10-20 09:08:34.923412",72000.00
"2023-10-20 09:29:50.250048",6000.00
"2023-10-20 13:06:19.419564",1350000.00
"2023-10-20 13:21:19.262274",320000.00
"2023-10-20 13:41:05.816599",7500.00
"2023-10-20 14:48:12.603516",10000.00
"2023-10-20 15:00:16.799771",27500.00
"2023-10-20 15:31:21.6995",72000.00
"2023-10-20 17:01:18.94608",36000.00
"2023-10-20 17:02:41.108463",25000.00
"2023-10-20 19:04:46.030699",30000.00
"2023-10-20 21:49:31.684678",180000.00
"2023-10-20 22:55:09.367907",1350000.00
"2023-10-21 00:27:20.414181",15000.00
"2023-10-21 01:50:16.358651",170000.00
"2023-10-21 05:02:25.300421",10000.00
"2023-10-21 05:04:40.891566",15000.00
"2023-10-21 05:43:18.640191",10000.00
"2023-10-21 05:58:37.517436",20000.00
"2023-10-21 07:35:45.607559",2500.00
"2023-10-21 11:16:24.516353",90000.00
"2023-10-21 11:19:48.105769",1800000.00
"2023-10-21 12:59:08.862195",24000.00
"2023-10-21 14:23:31.401411",5000.00
"2023-10-21 15:10:41.227942",90000.00
"2023-10-21 15:49:05.604699",425000.00
"2023-10-21 16:11:37.399451",5000.00
"2023-10-21 16:25:29.612082",5000.00
"2023-10-21 16:39:02.988876",10000.00
"2023-10-21 17:17:16.593016",10000.00
"2023-10-21 22:13:14.83886",90000.00
"2023-10-21 22:16:58.382798",22000.00
"2023-10-21 22:20:19.948523",18000.00
"2023-10-21 23:03:10.820823",5000.00
"2023-10-22 00:24:39.677045",1600000.00
"2023-10-22 01:24:43.636835",320000.00
"2023-10-22 05:06:07.51361",900000.00
"2023-10-22 06:19:14.832238",18000.00
"2023-10-22 06:30:00.702003",18000.00
"2023-10-22 06:58:14.434449",12000.00
"2023-10-22 07:14:40.140745",10000.00
"2023-10-22 08:41:12.211687",180000.00
"2023-10-22 08:52:44.159714",170000.00
"2023-10-22 09:25:56.681138",85000.00
"2023-10-22 10:34:14.223315",320000.00
"2023-10-22 12:04:04.898216",6000.00
"2023-10-22 12:13:56.310221",900000.00
"2023-10-22 12:33:33.947059",15000.00
"2023-10-22 13:02:06.017799",85000.00
"2023-10-23 00:11:40.97665",10000.00
"2023-10-23 00:44:13.621748",24000.00
"2023-10-23 03:41:01.53442",10000.00
"2023-10-23 03:42:47.316985",27500.00
"2023-10-23 03:47:05.613237",25000.00
"2023-10-23 05:14:08.190719",7500.00
"2023-10-23 05:18:44.809464",960000.00
"2023-10-23 06:33:25.002007",85000.00
"2023-10-23 07:50:57.350138",18000.00
"2023-10-23 10:19:58.520619",90000.00
"2023-10-23 11:14:44.65598",135000.00
"2023-10-23 15:33:41.467565",72000.00
"2023-10-23 16:59:38.455799",1350000.00
"2023-10-23 17:25:03.909032",18000.00
"2023-10-23 19:24:38.243289",7500.00
"2023-10-23 20:23:25.346449",90000.00
"2023-10-23 21:13:24.729893",24000.00
"2023-10-23 21:43:31.849716",15000.00
"2023-10-23 22:50:36.16197",7500.00
"2023-10-23 23:06:31.512822",10000.00
"2023-10-23 23:30:27.908481",1280000.00
"2023-10-24 01:19:32.708598",72000.00
"2023-10-24 02:18:30.505966",90000.00
"2023-10-24 02:43:39.126635",225000.00
"2023-10-24 03:14:32.391921",225000.00
"2023-10-24 03:38:35.19793",10000.00
"2023-10-24 05:14:13.42913",90000.00
"2023-10-24 07:01:06.388203",18000.00
"2023-10-24 07:19:42.680262",18000.00
"2023-10-24 07:36:19.260421",30000.00
"2023-10-24 07:37:39.996871",15000.00
"2023-10-24 08:11:56.610313",36000.00
"2023-10-24 08:12:07.521791",90000.00
"2023-10-24 08:40:15.243181",90000.00
"2023-10-24 09:10:31.919806",2250000.00
"2023-10-24 09:54:39.953236",960000.00
"2023-10-24 10:57:55.03502",12000.00
"2023-10-24 11:35:02.799389",1280000.00
"2023-10-24 12:49:47.525488",1600000.00
"2023-10-24 13:19:01.199219",25000.00
"2023-10-24 13:38:15.449903",7500.00
"2023-10-24 13:40:36.845775",1800000.00
"2023-10-24 14:56:53.189994",15000.00
"2023-10-24 15:24:17.225401",20000.00
"2023-10-24 15:31:31.288844",2250000.00
"2023-10-24 19:13:43.256222",640000.00
"2023-10-24 20:04:36.065185",225000.00
"2023-10-24 22:00:41.217787",30000.00
"2023-10-25 01:17:59.873114",20000.00
"2023-10-25 04:35:37.257788",85000.00
"2023-10-25 04:45:24.361372",24000.00
"2023-10-25 07:22:45.367559",54000.00
"2023-10-25 10:23:08.107867",170000.00
"2023-10-25 11:18:35.255877",960000.00
"2023-10-25 11:33:25.019314",10000.00
"2023-10-25 11:51:28.723872",225000.00
"2023-10-25 12:32:41.781273",900000.00
"2023-10-25 13:45:29.368031",36000.00
"2023-10-25 13:47:51.058148",90000.00
"2023-10-25 15:37:44.094511",22000.00
"2023-10-25 16:16:04.39447",54000.00
"2023-10-25 16:33:31.066921",5000.00
"2023-10-25 20:27:34.752601",54000.00
"2023-10-25 21:34:20.847699",72000.00
"2023-10-25 22:19:15.912373",90000.00
"2023-10-25 22:26:15.301491",10000.00
"2023-10-26 00:18:02.484427",72000.00
"2023-10-26 01:40:54.646252",1280000.00
"2023-10-26 03:21:39.285481",16500.00
"2023-10-26 05:07:52.171118",425000.00
"2023-10-26 05:09:19.877651",90000.00
"2023-10-26 05:13:08.908725",85000.00
"2023-10-26 07:57:55.118065",1800000.00
"2023-10-26 10:35:48.978691",960000.00
"2023-10-26 10:43:09.39514",22000.00
"2023-10-26 10:48:24.798717",90000.00
"2023-10-26 11:41:56.861342",85000.00
"2023-10-26 12:31:32.942522",12500.00
"2023-10-26 13:30:00.20664",170000.00
"2023-10-26 14:20:13.252254",1350000.00
"2023-10-26 19:21:10.737265",10000.00
"2023-10-26 19:30:41.208942",170000.00
"2023-10-26 20:58:14.433008",12500.00
"2023-10-26 21:10:29.480974",36000.00
"2023-10-27 02:00:56.027124",1600000.00
"2023-10-27 02:19:19.601065",900000.00
"2023-10-27 03:23:50.583664",27500.00
"2023-10-27 04:08:04.089724",225000.00
"2023-10-27 05:07:01.409964",1600000.00
"2023-10-27 05:09:02.010011",255000.00
"2023-10-27 06:48:51.244705",425000.00
"2023-10-27 07:04:17.559797",320000.00
"2023-10-27 08:00:06.10143",18000.00
"2023-10-27 08:59:58.988145",11000.00
"2023-10-27 10:15:47.362721",36000.00
"2023-10-27 12:07:17.812414",25000.00
"2023-10-27 12:18:42.764182",18000.00
"2023-10-27 12:35:42.621132",5500.00
"2023-10-27 12:50:21.573302",24000.00
"2023-10-27 13:12:54.502374",11000.00
"2023-10-27 14:08:32.546923",72000.00
"2023-10-27 15:25:15.554583",10000.00
"2023-10-27 16:14:43.999599",1350000.00
"2023-10-27 20:02:22.477452",5000.00
"2023-10-27 21:10:52.016796",10000.00
"2023-10-28 00:27:39.315616",90000.00
"2023-10-28 01:29:44.394527",2250000.00
"2023-10-28 07:34:15.755633",24000.00
"2023-10-28 08:20:24.15617",10000.00
"2023-10-28 09:39:40.024509",450000.00
"2023-10-28 09:42:11.619303",320000.00
"2023-10-28 14:16:06.799656",54000.00
"2023-10-28 14:36:50.127918",6000.00
"2023-10-28 17:14:31.682275",27500.00
"2023-10-28 17:36:23.370705",18000.00
"2023-10-28 18:31:10.877222",22000.00
"2023-10-28 19:08:00.921562",5000.00
"2023-10-28 19:09:20.143507",5000.00
"2023-10-28 20:10:24.704899",11000.00
"2023-10-28 21:50:54.01846",340000.00
"2023-10-28 23:32:10.651866",5000.00
"2023-10-29 00:34:49.972331",16500.00
"2023-10-29 05:05:25.029378",5000.00
"2023-10-29 06:07:07.597557",900000.00
"2023-10-29 07:39:17.733421",85000.00
"2023-10-29 08:25:59.79793",340000.00
"2023-10-29 08:40:26.249226",11000.00
"2023-10-29 08:47:08.915295",7500.00
"2023-10-29 08:47:23.10447",320000.00
"2023-10-29 10:04:22.670545",12000.00
"2023-10-29 10:29:09.888806",10000.00
"2023-10-29 11:35:50.338045",960000.00
"2023-10-29 12:12:34.823804",2250000.00
"2023-10-29 13:01:15.646269",30000.00
"2023-10-29 13:15:32.055852",900000.00
"2023-10-29 13:38:09.597615",54000.00
"2023-10-29 15:16:47.326322",90000.00
"2023-10-29 17:22:08.533566",45000.00
"2023-10-29 18:43:49.02198",18000.00
"2023-10-29 19:07:52.64649",18000.00
"2023-10-29 20:48:08.125722",85000.00
"2023-10-29 21:15:33.432862",180000.00
"2023-10-29 21:35:27.732554",2250000.00
"2023-10-29 22:43:16.353949",320000.00
"2023-10-29 22:52:13.695988",12000.00
"2023-10-29 23:07:15.28718",180000.00
"2023-10-29 23:19:50.810767",12000.00
"2023-10-29 23:24:15.898978",425000.00
"2023-10-29 23:42:39.908578",24000.00
"2023-10-30 01:40:51.647708",5500.00
"2023-10-30 02:48:53.512274",2500.00
"2023-10-30 03:14:36.732705",18000.00
"2023-10-30 03:19:09.478545",450000.00
"2023-10-30 03:33:30.520919",10000.00
"2023-10-30 04:43:43.417551",900000.00
"2023-10-30 07:09:08.24135",11000.00
"2023-10-30 10:44:24.651567",16500.00
"2023-10-30 10:55:04.686525",1600000.00
"2023-10-30 12:03:40.908776",960000.00
"2023-10-30 13:16:56.851502",1350000.00
"2023-10-30 13:17:51.004834",5000.00
"2023-10-30 13:23:47.679389",54000.00
"2023-10-30 15:03:12.477302",1280000.00
"2023-10-30 15:11:36.179753",1800000.00
"2023-10-30 15:13:56.633811",45000.00
"2023-10-30 15:35:46.954843",18000.00
"2023-10-30 16:55:36.018723",135000.00
"2023-10-30 17:37:25.864066",16500.00
"2023-10-30 18:38:08.965206",90000.00
"2023-10-30 19:27:32.139071",425000.00
"2023-10-30 21:15:17.021829",85000.00
"2023-10-30 21:35:35.73155",12000.00
"2023-10-30 21:49:55.933463",135000.00
"2023-10-30 21:53:12.488407",5000.00
"2023-10-30 21:56:33.523981",320000.00
"2023-10-30 22:16:32.226575",24000.00
"2023-10-30 23:06:47.304109",25000.00
"2023-10-30 23:31:01.012873",180000.00
"2023-10-31 01:19:23.406402",18000.00
"2023-10-31 01:56:22.520429",1280000.00
"2023-10-31 01:57:14.931772",135000.00
"2023-10-31 03:54:13.760803",22000.00
"2023-10-31 05:14:08.847033",54000.00
"2023-10-31 06:22:58.246777",45000.00
"2023-10-31 07:26:33.515689",450000.00
"2023-10-31 07:38:36.883979",30000.00
"2023-10-31 07:59:25.397118",180000.00
"2023-10-31 08:26:53.496687",5000.00
"2023-10-31 10:03:44.190066",960000.00
"2023-10-31 11:42:15.54858",90000.00
"2023-10-31 13:41:52.57909",1350000.00
"2023-10-31 13:47:45.322768",135000.00
"2023-10-31 15:15:21.674618",5500.00
"2023-10-31 15:24:53.762593",24000.00
"2023-10-31 15:56:54.405296",900000.00
"2023-10-31 16:58:22.364571",1800000.00
"2023-10-31 21:13:20.971041",22000.00
"2023-10-31 22:07:59.905251",1600000.00
"2023-11-01 01:01:47.782547",25000.00
"2023-11-01 02:17:41.0849",90000.00
"2023-11-01 03:46:12.585482",450000.00
"2023-11-01 06:18:51.671358",180000.00
"2023-11-01 08:01:57.781223",36000.00
"2023-11-01 09:28:41.421775",20000.00
"2023-11-01 11:16:29.353188",425000.00
"2023-11-01 13:14:07.62693",24000.00
"2023-11-01 14:10:06.464501",90000.00
"2023-11-01 14:28:35.849821",36000.00
"2023-11-01 15:48:41.150906",85000.00
"2023-11-01 15:54:35.612267",1350000.00
"2023-11-01 16:04:45.839863",900000.00
"2023-11-01 16:28:06.427797",180000.00
"2023-11-01 16:32:04.093597",25000.00
"2023-11-01 17:27:33.940378",170000.00
"2023-11-01 18:13:01.885973",1280000.00
"2023-11-01 18:44:21.925536",6000.00
"2023-11-01 19:26:17.047018",320000.00
"2023-11-01 19:36:11.992196",450000.00
"2023-11-01 19:39:12.796144",2250000.00
"2023-11-01 20:13:38.926177",54000.00
"2023-11-01 20:15:58.120829",5000.00
"2023-11-02 01:44:12.526155",90000.00
"2023-11-02 01:45:03.754905",10000.00
"2023-11-02 03:10:47.260853",2250000.00
"2023-11-02 03:53:10.787149",16500.00
"2023-11-02 04:05:09.342258",72000.00
"2023-11-02 04:36:02.013236",45000.00
"2023-11-02 04:40:47.948147",45000.00
"2023-11-02 05:12:40.016649",1800000.00
"2023-11-02 05:59:39.171632",1800000.00
"2023-11-02 08:21:47.662661",25000.00
"2023-11-02 08:28:34.023688",27500.00
"2023-11-02 08:31:17.727506",22000.00
"2023-11-02 08:45:15.042149",12000.00
"2023-11-02 08:59:41.700614",640000.00
"2023-11-02 09:19:43.891876",18000.00
"2023-11-02 09:49:32.663031",27500.00
"2023-11-02 12:05:40.816018",27500.00
"2023-11-02 14:41:11.743579",6000.00
"2023-11-02 17:16:27.079022",54000.00
"2023-11-02 18:20:30.783421",24000.00
"2023-11-02 19:28:58.06708",180000.00
"2023-11-02 19:42:02.905847",320000.00
"2023-11-02 21:55:42.378748",24000.00
"2023-11-02 23:00:30.216443",1800000.00
"2023-11-02 23:17:01.685208",6000.00
"2023-11-02 23:39:56.366327",15000.00
"2023-11-03 01:05:30.638966",225000.00
"2023-11-03 02:03:32.710123",7500.00
"2023-11-03 02:38:12.244675",90000.00
"2023-11-03 03:21:18.282105",2500.00
"2023-11-03 04:10:46.597354",340000.00
"2023-11-03 07:06:31.132933",255000.00
"2023-11-03 08:10:03.842233",6000.00
"2023-11-03 08:53:32.6391",960000.00
"2023-11-03 09:30:51.601741",90000.00
"2023-11-03 13:07:49.7872",960000.00
"2023-11-03 13:36:43.145078",18000.00
"2023-11-03 16:28:01.877659",450000.00
"2023-11-03 16:36:19.097977",90000.00
"2023-11-03 16:44:46.321051",30000.00
"2023-11-03 19:49:28.643005",25000.00
"2023-11-03 19:51:45.548519",225000.00
"2023-11-03 20:37:10.091964",1280000.00
"2023-11-03 20:58:27.24448",5000.00
"2023-11-03 21:54:44.111102",225000.00
"2023-11-03 21:57:37.410363",180000.00
"2023-11-03 23:28:59.948004",72000.00
"2023-11-03 23:44:55.61177",85000.00
"2023-11-04 00:48:48.219226",1800000.00
"2023-11-04 01:58:51.906586",36000.00
"2023-11-04 04:04:05.514538",1800000.00
"2023-11-04 04:46:07.928224",22000.00
"2023-11-04 07:31:45.842921",425000.00
"2023-11-04 09:34:35.476945",36000.00
"2023-11-04 12:09:35.987723",18000.00
"2023-11-04 13:00:34.20529",900000.00
"2023-11-04 13:47:27.180481",255000.00
"2023-11-04 14:05:23.002791",36000.00
"2023-11-04 14:31:04.239909",30000.00
"2023-11-04 17:48:37.537055",45000.00
"2023-11-04 17:56:17.953158",640000.00
"2023-11-04 18:05:41.982483",1350000.00
"2023-11-04 22:45:51.609561",54000.00
"2023-11-04 23:12:42.334839",425000.00
"2023-11-05 01:09:34.63464",2250000.00
"2023-11-05 01:28:17.970331",5000.00
"2023-11-05 03:30:07.886295",960000.00
"2023-11-05 05:19:40.572155",72000.00
"2023-11-05 06:20:25.329714",340000.00
"2023-11-05 06:25:46.157331",10000.00
"2023-11-05 06:30:20.247654",85000.00
"2023-11-05 10:32:27.302616",900000.00
"2023-11-05 11:28:51.625015",18000.00
"2023-11-05 11:50:28.551868",72000.00
"2023-11-05 12:07:05.283867",85000.00
"2023-11-05 13:10:35.107891",320000.00
"2023-11-05 13:11:21.434662",900000.00
"2023-11-05 13:35:36.393034",24000.00
"2023-11-05 14:11:45.190182",16500.00
"2023-11-05 17:33:19.141729",5000.00
"2023-11-05 17:55:21.843671",5000.00
"2023-11-05 19:30:42.671444",36000.00
"2023-11-05 21:06:12.109467",225000.00
"2023-11-06 00:03:46.936748",45000.00
"2023-11-06 01:47:27.65596",900000.00
"2023-11-06 02:08:59.190485",5000.00
"2023-11-06 03:47:47.220244",255000.00
"2023-11-06 05:36:01.981078",1280000.00
"2023-11-06 06:39:25.317278",6000.00
"2023-11-06 07:36:05.111508",2500.00
"2023-11-06 08:04:14.053766",27500.00
"2023-11-06 09:30:50.253243",18000.00
"2023-11-06 14:26:09.377586",900000.00
"2023-11-06 16:24:38.901841",5000.00
"2023-11-06 16:27:55.992724",960000.00
"2023-11-06 17:32:12.586858",36000.00
"2023-11-06 17:55:04.929153",12500.00
"2023-11-06 18:48:45.701663",7500.00
"2023-11-06 19:47:06.706899",5000.00
"2023-11-06 20:20:40.205394",2500.00
"2023-11-06 20:22:06.352044",450000.00
"2023-11-06 22:04:54.244073",180000.00
"2023-11-06 22:20:14.496315",72000.00
"2023-11-07 02:31:04.859775",2500.00
"2023-11-07 02:43:35.847283",1280000.00
"2023-11-07 03:58:07.361331",16500.00
"2023-11-07 04:17:06.997544",255000.00
"2023-11-07 04:25:30.719363",12500.00
"2023-11-07 04:39:26.470415",27500.00
"2023-11-07 07:47:19.50776",7500.00
"2023-11-07 08:05:57.137797",18000.00
"2023-11-07 08:22:27.824824",5000.00
"2023-11-07 08:41:54.738711",225000.00
"2023-11-07 10:49:00.799724",27500.00
"2023-11-07 12:38:25.273267",1350000.00
"2023-11-07 19:18:38.079772",640000.00
"2023-11-07 19:47:10.889278",5000.00
"2023-11-07 20:44:58.296206",2500.00
"2023-11-07 21:14:55.56926",36000.00
"2023-11-07 21:50:37.564482",450000.00
"2023-11-07 22:51:47.072586",30000.00
"2023-11-07 23:27:49.053053",5000.00
"2023-11-08 00:11:16.469411",36000.00
"2023-11-08 00:48:41.697657",2500.00
"2023-11-08 01:33:21.616039",1280000.00
"2023-11-08 02:27:38.867726",27500.00
"2023-11-08 02:58:09.016438",1350000.00
"2023-11-08 03:47:53.610776",18000.00
"2023-11-08 04:52:55.110308",12000.00
"2023-11-08 04:58:46.554453",54000.00
"2023-11-08 06:14:38.556619",10000.00
"2023-11-08 06:21:53.962945",90000.00
"2023-11-08 07:14:22.689084",72000.00
"2023-11-08 07:40:32.171564",22000.00
"2023-11-08 08:10:03.800979",30000.00
"2023-11-08 08:35:04.253074",11000.00
"2023-11-08 08:59:13.139421",640000.00
"2023-11-08 10:34:02.135875",11000.00
"2023-11-08 11:59:45.037605",225000.00
"2023-11-08 12:15:02.127738",54000.00
"2023-11-08 12:33:09.891227",20000.00
"2023-11-08 13:31:51.414348",960000.00
"2023-11-08 13:35:44.947717",85000.00
"2023-11-08 13:39:23.892393",255000.00
"2023-11-08 14:52:11.173008",24000.00
"2023-11-08 16:09:32.423146",25000.00
"2023-11-08 18:09:01.876066",340000.00
"2023-11-08 19:24:22.247311",11000.00
"2023-11-08 20:11:59.210777",24000.00
"2023-11-08 20:41:58.680938",1600000.00
"2023-11-08 21:32:42.317625",18000.00
"2023-11-08 21:50:50.07526",15000.00
"2023-11-08 22:55:39.511226",900000.00
"2023-11-08 23:39:18.471817",24000.00
"2023-11-09 04:45:52.300985",5000.00
"2023-11-09 06:05:53.321952",20000.00
"2023-11-09 07:27:45.659073",170000.00
"2023-11-09 08:53:04.171919",12500.00
"2023-11-09 09:35:18.20021",36000.00
"2023-11-09 12:02:57.806914",10000.00
"2023-11-09 14:01:57.199696",1800000.00
"2023-11-09 15:05:23.111506",10000.00
"2023-11-09 16:28:18.993047",25000.00
"2023-11-09 16:47:52.548391",72000.00
"2023-11-09 17:49:51.225767",320000.00
"2023-11-10 01:42:06.387094",170000.00
"2023-11-10 02:21:01.538983",11000.00
"2023-11-10 03:44:26.821732",180000.00
"2023-11-10 03:52:27.106253",27500.00
"2023-11-10 05:10:01.78189",36000.00
"2023-11-10 05:56:27.174848",6000.00
"2023-11-10 06:29:21.237716",1800000.00
"2023-11-10 06:43:50.304388",12000.00
"2023-11-10 06:46:18.665861",11000.00
"2023-11-10 07:43:26.885338",2250000.00
"2023-11-10 10:38:40.961714",24000.00
"2023-11-10 10:42:07.607149",1350000.00
"2023-11-10 12:10:24.107268",85000.00
"2023-11-10 13:06:26.25199",320000.00
"2023-11-10 13:28:42.311207",170000.00
"2023-11-10 14:12:03.092579",1800000.00
"2023-11-10 14:21:57.443028",340000.00
"2023-11-10 14:58:46.788149",5000.00
"2023-11-10 16:36:15.483804",12500.00
"2023-11-10 17:09:34.797767",10000.00
"2023-11-10 17:48:05.29922",450000.00
"2023-11-10 18:07:49.389636",11000.00
"2023-11-10 18:33:00.496903",16500.00
"2023-11-10 19:20:47.873017",180000.00
"2023-11-10 19:29:50.506013",180000.00
"2023-11-10 20:19:48.771255",170000.00
"2023-11-10 23:22:23.033548",25000.00
"2023-11-11 00:15:33.772878",225000.00
"2023-11-11 00:18:39.333522",25000.00
"2023-11-11 02:34:35.429687",1600000.00
"2023-11-11 04:05:40.947043",18000.00
"2023-11-11 04:12:06.805542",15000.00
"2023-11-11 04:54:17.332074",640000.00
"2023-11-11 05:36:33.228905",16500.00
"2023-11-11 08:39:11.656181",16500.00
"2023-11-11 08:48:26.56375",10000.00
"2023-11-11 10:17:20.043065",170000.00
"2023-11-11 10:52:32.564825",72000.00
"2023-11-11 10:52:53.262846",2250000.00
"2023-11-11 13:56:21.296299",11000.00
"2023-11-11 14:41:26.297788",45000.00
"2023-11-11 15:27:16.959226",1350000.00
"2023-11-11 15:32:59.253686",320000.00
"2023-11-11 15:36:21.327731",85000.00
"2023-11-11 19:02:52.827675",180000.00
"2023-11-11 19:14:47.143231",180000.00
"2023-11-11 19:52:45.441557",225000.00
"2023-11-11 20:10:07.096667",180000.00
"2023-11-11 20:22:29.704832",640000.00
"2023-11-11 20:56:27.237597",25000.00
"2023-11-11 22:55:24.050232",2250000.00
"2023-11-11 23:54:39.32207",900000.00
"2023-11-12 00:31:36.265371",640000.00
"2023-11-12 00:48:41.011281",85000.00
"2023-11-12 01:30:20.519712",425000.00
"2023-11-12 01:46:59.372224",5500.00
"2023-11-12 01:49:44.475154",16500.00
"2023-11-12 01:50:05.211544",25000.00
"2023-11-12 02:51:33.678724",255000.00
"2023-11-12 03:57:21.16721",11000.00
"2023-11-12 07:09:51.108643",10000.00
"2023-11-12 10:45:22.544746",1280000.00
"2023-11-12 11:44:54.678189",25000.00
"2023-11-12 12:50:25.910799",7500.00
"2023-11-12 18:08:23.896642",1350000.00
"2023-11-12 19:46:03.306756",5000.00
"2023-11-12 21:43:39.271981",22000.00
"2023-11-12 22:59:51.819763",1350000.00
"2023-11-12 23:32:26.920766",30000.00
"2023-11-13 02:56:59.899638",5000.00
"2023-11-13 03:11:53.382741",7500.00
"2023-11-13 04:50:01.81482",72000.00
"2023-11-13 05:24:43.379024",1800000.00
"2023-11-13 05:55:47.084556",5000.00
"2023-11-13 06:36:45.133033",16500.00
"2023-11-13 07:18:26.983767",36000.00
"2023-11-13 07:46:11.106656",2250000.00
"2023-11-13 10:04:35.683116",25000.00
"2023-11-13 11:42:56.861263",340000.00
"2023-11-13 12:21:07.566756",18000.00
"2023-11-13 13:33:50.467798",960000.00
"2023-11-13 14:49:35.566419",5000.00
"2023-11-13 15:22:44.96749",54000.00
"2023-11-13 16:08:30.314982",2500.00
"2023-11-13 18:20:28.711155",5000.00
"2023-11-13 20:15:15.239947",900000.00
"2023-11-13 20:35:42.11082",135000.00
"2023-11-13 22:21:06.313209",85000.00
"2023-11-13 22:23:58.625411",18000.00
"2023-11-14 00:10:18.68677",1350000.00
"2023-11-14 02:47:25.295005",12000.00
"2023-11-14 03:37:54.403822",24000.00
"2023-11-14 05:23:15.162888",320000.00
"2023-11-14 05:36:14.86675",12500.00
"2023-11-14 05:54:03.267025",1600000.00
"2023-11-14 05:57:39.983785",180000.00
"2023-11-14 10:27:20.001238",340000.00
"2023-11-14 12:46:38.361916",30000.00
"2023-11-14 13:49:45.692931",72000.00
"2023-11-14 16:08:16.858972",180000.00
"2023-11-14 16:44:30.332275",1600000.00
"2023-11-14 16:59:28.984009",54000.00
"2023-11-14 19:25:03.191591",15000.00
"2023-11-14 20:42:45.127934",1350000.00
"2023-11-14 22:51:08.828358",90000.00
"2023-11-14 22:57:41.982917",72000.00
"2023-11-14 23:01:40.977129",90000.00
"2023-11-15 00:08:19.197877",225000.00
"2023-11-15 01:09:40.763337",18000.00
"2023-11-15 01:54:00.560925",22000.00
"2023-11-15 02:57:08.964852",7500.00
"2023-11-15 03:38:45.957142",20000.00
"2023-11-15 03:46:58.292792",180000.00
"2023-11-15 04:51:56.953126",25000.00
"2023-11-15 04:54:05.40487",2250000.00
"2023-11-15 05:46:04.206283",320000.00
"2023-11-15 06:44:49.496505",340000.00
"2023-11-15 08:05:49.276659",425000.00
"2023-11-15 09:07:12.874629",6000.00
"2023-11-15 09:31:00.209481",640000.00
"2023-11-15 09:46:17.918562",1800000.00
"2023-11-15 11:13:22.951398",1280000.00
"2023-11-15 11:36:17.19907",16500.00
"2023-11-15 12:02:39.184227",72000.00
"2023-11-15 13:15:18.585111",900000.00
"2023-11-15 15:14:51.968487",2250000.00
"2023-11-15 16:20:16.407652",12000.00
"2023-11-15 16:52:58.44673",22000.00
"2023-11-15 17:06:49.813918",7500.00
"2023-11-15 17:19:08.229597",1280000.00
"2023-11-15 17:28:28.979115",11000.00
"2023-11-15 19:59:07.023665",320000.00
"2023-11-15 21:46:47.026264",900000.00
"2023-11-15 23:25:20.126162",20000.00
"2023-11-16 00:45:43.861539",450000.00
"2023-11-16 01:17:45.444718",5000.00
"2023-11-16 02:21:03.550435",6000.00
"2023-11-16 03:23:32.134511",18000.00
"2023-11-16 03:43:18.793367",18000.00
"2023-11-16 04:04:15.409877",27500.00
"2023-11-16 06:24:54.659952",7500.00
"2023-11-16 06:29:39.113167",16500.00
"2023-11-16 06:46:21.697157",54000.00
"2023-11-16 07:27:12.388109",18000.00
"2023-11-16 07:34:13.550666",18000.00
"2023-11-16 08:11:06.087284",135000.00
"2023-11-16 08:17:19.466745",1600000.00
"2023-11-16 08:17:55.715738",27500.00
"2023-11-16 08:51:41.513575",90000.00
"2023-11-16 09:52:23.327278",90000.00
"2023-11-16 10:04:17.183675",2500.00
"2023-11-16 10:43:26.316276",10000.00
"2023-11-16 11:14:41.829743",180000.00
"2023-11-16 13:18:36.929813",12000.00
"2023-11-16 13:45:09.084914",900000.00
"2023-11-16 15:30:34.234935",425000.00
"2023-11-16 15:31:23.926882",255000.00
"2023-11-16 16:00:35.172524",960000.00
"2023-11-16 17:39:54.031038",12500.00
"2023-11-16 17:56:45.299085",225000.00
"2023-11-16 18:58:18.303176",340000.00
"2023-11-16 19:30:12.417587",7500.00
"2023-11-16 19:48:21.883698",7500.00
"2023-11-16 20:36:41.728063",18000.00
"2023-11-16 20:40:43.730547",640000.00
"2023-11-16 22:35:30.567534",180000.00
"2023-11-16 22:45:17.494595",425000.00
"2023-11-17 01:44:14.025939",20000.00
"2023-11-17 02:24:58.750056",640000.00
"2023-11-17 02:27:08.299063",36000.00
"2023-11-17 02:36:09.978787",15000.00
"2023-11-17 03:54:00.820643",340000.00
"2023-11-17 06:20:28.007561",450000.00
"2023-11-17 06:56:03.4121",1280000.00
"2023-11-17 07:02:00.153774",7500.00
"2023-11-17 08:51:47.934205",5000.00
"2023-11-17 09:29:12.870351",22000.00
"2023-11-17 10:22:21.08749",30000.00
"2023-11-17 12:42:22.039977",18000.00
"2023-11-17 13:25:27.932396",640000.00
"2023-11-17 13:25:34.440284",10000.00
"2023-11-17 14:52:03.901481",12000.00
"2023-11-17 15:03:58.367768",960000.00
"2023-11-17 15:17:57.094913",11000.00
"2023-11-17 16:55:57.265013",90000.00
"2023-11-17 17:01:07.013575",7500.00
"2023-11-17 18:07:55.753886",640000.00
"2023-11-17 18:39:08.134487",7500.00
"2023-11-17 19:08:39.597868",72000.00
"2023-11-17 20:50:02.330687",10000.00
"2023-11-17 21:39:30.602063",54000.00
"2023-11-17 23:24:26.666113",1600000.00
"2023-11-18 00:23:27.448237",960000.00
"2023-11-18 00:26:38.260216",1600000.00
"2023-11-18 06:30:42.473664",5000.00
"2023-11-18 07:21:56.731981",85000.00
"2023-11-18 08:22:45.831894",1280000.00
"2023-11-18 08:26:44.129036",54000.00
"2023-11-18 08:51:22.168977",72000.00
"2023-11-18 08:54:01.486542",27500.00
"2023-11-18 09:21:15.78672",2500.00
"2023-11-18 11:49:44.171901",425000.00
"2023-11-18 12:33:27.225119",12000.00
"2023-11-18 14:36:29.101063",225000.00
"2023-11-18 14:41:24.411979",1800000.00
"2023-11-18 15:33:00.794377",18000.00
"2023-11-18 15:58:59.307985",72000.00
"2023-11-18 18:40:38.450704",20000.00
"2023-11-18 18:51:03.957423",1280000.00
"2023-11-18 23:14:18.036502",16500.00
"2023-11-19 01:43:31.472232",5500.00
"2023-11-19 01:49:55.274589",10000.00
"2023-11-19 02:20:50.75176",225000.00
"2023-11-19 02:30:45.956765",180000.00
"2023-11-19 02:51:27.888857",24000.00
"2023-11-19 02:53:04.22841",20000.00
"2023-11-19 04:21:04.045547",45000.00
"2023-11-19 04:45:51.070668",900000.00
"2023-11-19 07:23:28.419193",135000.00
"2023-11-19 08:01:42.613859",1280000.00
"2023-11-19 08:28:30.083482",225000.00
"2023-11-19 09:42:45.750061",45000.00
"2023-11-19 09:55:33.174281",5500.00
"2023-11-19 12:39:01.853445",320000.00
"2023-11-19 18:17:29.663872",18000.00
"2023-11-19 18:29:00.133524",15000.00
"2023-11-19 19:50:30.621524",170000.00
"2023-11-19 20:13:00.191484",72000.00
"2023-11-19 21:40:58.007495",6000.00
"2023-11-19 21:55:14.250172",12500.00
"2023-11-19 23:24:56.954633",900000.00
"2023-11-20 00:05:00.331199",54000.00
"2023-11-20 02:08:18.898887",20000.00
"2023-11-20 02:50:20.881397",24000.00
"2023-11-20 04:08:38.37286",1280000.00
"2023-11-20 04:33:32.741137",6000.00
"2023-11-20 07:46:13.367928",30000.00
"2023-11-20 09:43:16.632566",10000.00
"2023-11-20 10:05:39.833758",255000.00
"2023-11-20 10:36:22.728213",72000.00
"2023-11-20 11:48:53.962655",22000.00
"2023-11-20 12:44:21.020715",340000.00
"2023-11-20 13:00:50.979486",15000.00
"2023-11-20 13:06:46.93127",320000.00
"2023-11-20 13:40:25.155083",10000.00
"2023-11-20 15:28:03.734464",425000.00
"2023-11-20 15:30:24.870967",22000.00
"2023-11-20 17:27:47.784608",45000.00
"2023-11-20 17:53:43.399181",18000.00
"2023-11-20 18:03:22.556524",36000.00
"2023-11-20 18:52:37.310531",320000.00
"2023-11-20 19:16:24.437015",36000.00
"2023-11-20 21:56:59.071486",90000.00
"2023-11-21 00:59:46.219584",10000.00
"2023-11-21 01:20:24.387931",2250000.00
"2023-11-21 02:01:19.766395",1600000.00
"2023-11-21 02:31:37.790202",170000.00
"2023-11-21 03:25:48.978065",225000.00
"2023-11-21 05:53:07.854136",20000.00
"2023-11-21 08:56:34.816487",18000.00
"2023-11-21 11:18:55.593872",255000.00
"2023-11-21 12:23:49.292322",6000.00
"2023-11-21 12:30:20.502311",640000.00
"2023-11-21 14:05:42.195817",25000.00
"2023-11-21 14:11:22.885238",45000.00
"2023-11-21 15:17:11.76175",640000.00
"2023-11-21 16:17:34.963479",15000.00
"2023-11-21 18:37:47.764053",27500.00
"2023-11-21 21:26:45.333579",18000.00
"2023-11-21 23:28:44.23627",16500.00
"2023-11-21 23:37:45.54783",12000.00
"2023-11-22 00:06:29.433317",5000.00
"2023-11-22 05:21:45.064752",1350000.00
"2023-11-22 06:43:04.818715",36000.00
"2023-11-22 07:55:55.705054",225000.00
"2023-11-22 07:57:28.579786",15000.00
"2023-11-22 10:27:31.124406",900000.00
"2023-11-22 10:42:58.110596",22000.00
"2023-11-22 11:17:44.332523",1280000.00
"2023-11-22 16:28:24.722021",30000.00
"2023-11-22 17:02:02.629077",6000.00
"2023-11-22 18:29:51.703363",6000.00
"2023-11-22 20:16:43.55766",90000.00
"2023-11-22 20:57:10.170351",45000.00
"2023-11-22 21:47:54.296148",18000.00
"2023-11-22 23:16:00.844438",6000.00
"2023-11-23 03:24:10.657041",5500.00
"2023-11-23 04:09:29.125848",22000.00
"2023-11-23 05:56:27.575596",5000.00
"2023-11-23 06:32:01.346637",10000.00
"2023-11-23 06:32:13.714407",170000.00
"2023-11-23 07:26:45.627851",2500.00
"2023-11-23 08:12:58.211414",960000.00
"2023-11-23 08:19:47.080189",340000.00
"2023-11-23 09:21:58.456866",30000.00
"2023-11-23 09:53:42.910409",36000.00
"2023-11-23 09:57:32.677198",225000.00
"2023-11-23 10:58:55.071792",225000.00
"2023-11-23 11:00:08.269198",12500.00
"2023-11-23 12:48:46.536411",1350000.00
"2023-11-23 12:53:27.117741",7500.00
"2023-11-23 14:50:41.517431",225000.00
"2023-11-23 14:59:58.260254",90000.00
"2023-11-23 15:24:31.205797",960000.00
"2023-11-23 17:26:36.673246",1280000.00
"2023-11-23 18:50:32.219879",11000.00
"2023-11-23 18:59:57.158452",6000.00
"2023-11-23 19:05:37.01797",225000.00
"2023-11-23 19:51:09.874889",2500.00
"2023-11-23 23:32:11.987788",180000.00
"2023-11-24 02:01:11.384314",5000.00
"2023-11-24 02:33:17.374412",30000.00
"2023-11-24 04:55:36.549726",6000.00
"2023-11-24 06:01:36.387905",90000.00
"2023-11-24 06:07:42.371568",16500.00
"2023-11-24 06:09:43.325141",2250000.00
"2023-11-24 07:29:48.696335",180000.00
"2023-11-24 08:38:02.617998",15000.00
"2023-11-24 11:16:37.456616",10000.00
"2023-11-24 12:53:38.975885",135000.00
"2023-11-24 13:34:09.578464",11000.00
"2023-11-24 14:20:53.85836",36000.00
"2023-11-24 14:27:02.045798",12000.00
"2023-11-24 16:23:44.261406",36000.00
"2023-11-24 16:26:31.300067",22000.00
"2023-11-24 17:41:43.344124",425000.00
"2023-11-24 17:42:32.485083",225000.00
"2023-11-24 18:02:37.61951",18000.00
"2023-11-24 21:42:41.755652",900000.00
"2023-11-24 23:39:30.300708",18000.00
"2023-11-24 23:56:33.967245",27500.00
"2023-11-25 01:44:13.051467",170000.00
"2023-11-25 02:27:47.198486",22000.00
"2023-11-25 04:48:02.307336",425000.00
"2023-11-25 04:53:29.221771",12500.00
"2023-11-25 05:06:14.119307",225000.00
"2023-11-25 05:23:33.422987",135000.00
"2023-11-25 06:03:35.274118",135000.00
"2023-11-25 06:42:51.803967",72000.00
"2023-11-25 07:57:51.924855",2250000.00
"2023-11-25 08:19:39.728922",25000.00
"2023-11-25 08:52:50.931696",10000.00
"2023-11-25 10:29:59.470568",54000.00
"2023-11-25 12:44:09.012884",10000.00
"2023-11-25 13:38:32.515078",6000.00
"2023-11-25 14:10:09.471746",255000.00
"2023-11-25 15:50:38.039772",90000.00
"2023-11-25 16:11:29.017711",6000.00
"2023-11-25 16:33:17.850428",72000.00
"2023-11-25 17:14:48.890429",18000.00
"2023-11-25 17:37:09.371539",1800000.00
"2023-11-25 18:28:09.075687",36000.00
"2023-11-25 19:39:44.146687",25000.00
"2023-11-25 21:37:25.677139",320000.00
"2023-11-25 22:05:10.551345",225000.00
"2023-11-26 01:53:16.559849",10000.00
"2023-11-26 02:26:49.899442",340000.00
"2023-11-26 03:35:31.185186",54000.00
"2023-11-26 04:19:38.783346",5000.00
"2023-11-26 05:00:51.742523",1600000.00
"2023-11-26 05:02:15.536695",425000.00
"2023-11-26 05:58:07.906649",1600000.00
"2023-11-26 13:49:50.998611",340000.00
"2023-11-26 14:04:55.990568",18000.00
"2023-11-26 14:05:40.899138",1800000.00
"2023-11-26 14:23:15.667913",170000.00
"2023-11-26 16:31:24.958187",36000.00
"2023-11-26 16:32:55.103136",960000.00
"2023-11-26 17:00:34.765942",15000.00
"2023-11-26 17:11:59.377452",10000.00
"2023-11-26 17:22:41.319139",1350000.00
"2023-11-26 22:27:48.766105",11000.00
"2023-11-26 22:53:49.228431",27500.00
"2023-11-27 03:04:43.071666",960000.00
"2023-11-27 03:14:48.674957",10000.00
"2023-11-27 07:44:07.893288",5000.00
"2023-11-27 07:54:20.960728",960000.00
"2023-11-27 09:56:20.846929",135000.00
"2023-11-27 11:39:44.434726",425000.00
"2023-11-27 11:45:13.292047",900000.00
"2023-11-27 12:34:10.368461",22000.00
"2023-11-27 13:33:34.612989",225000.00
"2023-11-27 14:34:06.190189",18000.00
"2023-11-27 14:40:57.846627",11000.00
"2023-11-27 14:53:35.078017",18000.00
"2023-11-27 14:59:11.933058",7500.00
"2023-11-27 15:35:09.404676",170000.00
"2023-11-27 15:37:28.679877",2250000.00
"2023-11-27 15:46:05.866674",5500.00
"2023-11-27 16:35:36.59785",16500.00
"2023-11-27 16:53:32.20508",225000.00
"2023-11-27 18:01:01.749068",180000.00
"2023-11-27 18:03:21.828795",2250000.00
"2023-11-27 20:55:09.060979",16500.00
"2023-11-27 21:15:46.226748",960000.00
"2023-11-27 21:29:24.057353",1800000.00
"2023-11-27 22:24:42.393532",1600000.00
"2023-11-28 00:23:43.901402",72000.00
"2023-11-28 00:51:44.045623",135000.00
"2023-11-28 02:48:46.786344",1600000.00
"2023-11-28 02:59:49.70971",10000.00
"2023-11-28 03:23:55.556191",5000.00
"2023-11-28 03:35:20.224687",90000.00
"2023-11-28 03:56:47.213316",2500.00
"2023-11-28 04:14:05.843922",170000.00
"2023-11-28 04:33:43.129962",425000.00
"2023-11-28 06:08:31.020519",36000.00
"2023-11-28 07:49:09.322593",5000.00
"2023-11-28 08:17:56.481048",170000.00
"2023-11-28 09:11:14.816637",25000.00
"2023-11-28 09:39:54.518323",255000.00
"2023-11-28 10:08:06.985234",255000.00
"2023-11-28 12:00:14.437021",11000.00
"2023-11-28 13:01:30.477847",135000.00
"2023-11-28 13:11:42.999353",135000.00
"2023-11-28 13:21:45.4793",12500.00
"2023-11-28 14:51:39.623613",18000.00
"2023-11-28 15:19:47.909102",72000.00
"2023-11-28 15:51:02.435245",24000.00
"2023-11-28 15:51:43.118402",340000.00
"2023-11-28 16:05:57.880487",1350000.00
"2023-11-28 17:14:13.222225",18000.00
"2023-11-28 17:36:14.617477",10000.00
"2023-11-28 19:48:32.796348",85000.00
"2023-11-28 23:04:45.094978",1800000.00
"2023-11-29 00:10:09.175064",10000.00
"2023-11-29 02:33:23.695097",7500.00
"2023-11-29 05:32:48.105187",340000.00
"2023-11-29 07:31:49.623101",450000.00
"2023-11-29 09:37:28.300109",6000.00
"2023-11-29 11:45:23.284828",18000.00
"2023-11-29 14:45:08.762611",18000.00
"2023-11-29 15:07:57.764611",12000.00
"2023-11-29 15:15:38.398263",36000.00
"2023-11-29 15:19:29.796953",24000.00
"2023-11-29 16:29:42.471312",225000.00
"2023-11-29 18:19:08.039187",10000.00
"2023-11-29 18:32:36.371036",5000.00
"2023-11-29 19:15:27.669068",11000.00
"2023-11-29 19:21:04.989348",10000.00
"2023-11-29 20:50:09.6304",425000.00
"2023-11-29 21:16:59.397933",1280000.00
"2023-11-29 21:40:04.123689",22000.00
"2023-11-29 23:32:43.212767",90000.00
"2023-11-30 00:10:30.135974",640000.00
"2023-11-30 03:22:51.783257",5000.00
"2023-11-30 03:39:32.277828",6000.00
"2023-11-30 07:48:30.949598",36000.00
"2023-11-30 08:23:40.451933",900000.00
"2023-11-30 09:31:20.669089",24000.00
"2023-11-30 09:46:53.919942",170000.00
"2023-11-30 10:24:16.261936",960000.00
"2023-11-30 11:20:36.438221",340000.00
"2023-11-30 11:31:06.823923",18000.00
"2023-11-30 13:18:51.109208",90000.00
"2023-11-30 13:24:28.237509",12000.00
"2023-11-30 15:17:14.882693",27500.00
"2023-11-30 15:53:13.75473",16500.00
"2023-11-30 17:00:41.728865",170000.00
"2023-11-30 18:27:28.208078",5500.00
"2023-11-30 18:46:15.078747",16500.00
"2023-11-30 19:57:28.605523",20000.00
"2023-11-30 22:40:02.043508",20000.00
"2023-11-30 22:45:38.366991",640000.00
"2023-11-30 23:26:50.33634",640000.00
"2023-12-01 00:45:00.876192",20000.00
"2023-12-01 00:52:25.972855",90000.00
"2023-12-01 02:02:51.700277",10000.00
"2023-12-01 04:13:09.08546",16500.00
"2023-12-01 04:29:38.775047",24000.00
"2023-12-01 06:06:48.847543",340000.00
"2023-12-01 06:36:47.497883",12000.00
"2023-12-01 08:07:06.058307",6000.00
"2023-12-01 09:50:00.518959",900000.00
"2023-12-01 10:36:29.625066",54000.00
"2023-12-01 13:40:01.549667",72000.00
"2023-12-01 14:44:49.205922",20000.00
"2023-12-01 15:18:32.488493",36000.00
"2023-12-01 15:24:51.352482",24000.00
"2023-12-01 15:44:16.049797",1600000.00
"2023-12-01 15:46:06.022477",1350000.00
"2023-12-01 16:42:29.057393",5500.00
"2023-12-01 16:47:01.157036",27500.00
"2023-12-01 18:22:34.899113",1800000.00
"2023-12-01 20:53:40.845587",2250000.00
"2023-12-01 21:47:53.018551",15000.00
"2023-12-01 22:06:02.537831",900000.00
"2023-12-02 00:05:45.283862",85000.00
"2023-12-02 04:00:04.99029",425000.00
"2023-12-02 04:08:36.059376",36000.00
"2023-12-02 06:50:18.430028",1600000.00
"2023-12-02 07:09:20.490005",2500.00
"2023-12-02 08:09:59.624569",960000.00
"2023-12-02 09:53:48.235789",27500.00
"2023-12-02 11:48:10.992687",45000.00
"2023-12-02 11:49:58.577996",20000.00
"2023-12-02 12:35:45.126683",90000.00
"2023-12-02 12:55:57.905117",5000.00
"2023-12-02 14:15:50.221786",1600000.00
"2023-12-02 14:25:33.511585",7500.00
"2023-12-02 15:00:00.95457",11000.00
"2023-12-02 16:54:12.44162",11000.00
"2023-12-02 18:13:13.239117",24000.00
"2023-12-02 20:34:12.251253",340000.00
"2023-12-02 21:17:45.073917",425000.00
"2023-12-02 22:32:26.965899",18000.00
"2023-12-02 23:29:07.440754",255000.00
"2023-12-02 23:53:04.205564",27500.00
"2023-12-03 00:28:34.909026",12500.00
"2023-12-03 01:33:34.597821",425000.00
"2023-12-03 01:39:39.402823",18000.00
"2023-12-03 02:29:59.872979",54000.00
"2023-12-03 05:24:33.522566",90000.00
"2023-12-03 05:28:31.285975",1800000.00
"2023-12-03 06:08:00.68085",5000.00
"2023-12-03 06:10:24.972485",180000.00
"2023-12-03 08:38:28.361469",54000.00
"2023-12-03 09:39:36.273027",180000.00
"2023-12-03 10:45:18.975983",5000.00
"2023-12-03 11:28:54.221147",1350000.00
"2023-12-03 11:29:52.415559",18000.00
"2023-12-03 11:47:13.589174",2250000.00
"2023-12-03 13:47:47.413466",320000.00
"2023-12-03 14:11:09.249751",12500.00
"2023-12-03 14:49:31.223669",960000.00
"2023-12-03 16:09:20.504572",320000.00
"2023-12-03 16:58:21.269542",900000.00
"2023-12-03 17:07:17.784592",425000.00
"2023-12-03 18:54:12.991922",54000.00
"2023-12-03 19:08:07.818397",425000.00
"2023-12-03 19:13:16.511429",12000.00
"2023-12-03 20:08:59.817309",22000.00
"2023-12-03 20:17:22.162848",10000.00
"2023-12-03 20:59:58.073413",12500.00
"2023-12-03 22:36:24.726151",27500.00
"2023-12-03 22:48:13.407099",20000.00
"2023-12-03 23:03:27.483912",20000.00
"2023-12-04 01:33:15.315325",18000.00
"2023-12-04 02:12:39.040472",640000.00
"2023-12-04 03:13:08.436267",45000.00
"2023-12-04 03:22:23.788116",960000.00
"2023-12-04 03:45:35.093173",22000.00
"2023-12-04 04:54:30.84983",72000.00
"2023-12-04 05:20:24.437999",30000.00
"2023-12-04 05:30:54.403398",2250000.00
"2023-12-04 06:37:03.869988",320000.00
"2023-12-04 06:43:07.325497",5000.00
"2023-12-04 07:19:40.796434",24000.00
"2023-12-04 07:55:22.272191",54000.00
"2023-12-04 08:56:18.847527",640000.00
"2023-12-04 11:07:31.767803",255000.00
"2023-12-04 13:00:10.237483",72000.00
"2023-12-04 14:01:36.110399",1280000.00
"2023-12-04 16:46:11.964108",18000.00
"2023-12-04 17:15:45.884421",18000.00
"2023-12-04 18:52:36.304628",1350000.00
"2023-12-04 19:07:16.28586",18000.00
"2023-12-04 19:47:27.729385",960000.00
"2023-12-04 20:27:33.38221",7500.00
"2023-12-04 20:51:52.349071",1600000.00
"2023-12-04 20:57:04.540592",1600000.00
"2023-12-04 22:23:10.945882",1280000.00
"2023-12-05 02:42:07.430811",12000.00
"2023-12-05 02:51:44.000298",24000.00
"2023-12-05 02:58:25.524169",425000.00
"2023-12-05 04:00:33.803384",36000.00
"2023-12-05 05:04:02.050731",22000.00
"2023-12-05 05:33:56.70239",5000.00
"2023-12-05 06:15:15.747269",960000.00
"2023-12-05 07:02:06.810183",170000.00
"2023-12-05 07:19:50.339675",255000.00
"2023-12-05 09:06:00.754074",5000.00
"2023-12-05 11:41:36.253476",5500.00
"2023-12-05 14:28:28.381466",1350000.00
"2023-12-05 16:38:45.741749",7500.00
"2023-12-05 20:07:42.888574",20000.00
"2023-12-05 20:15:13.921848",30000.00
"2023-12-05 21:46:58.11665",170000.00
"2023-12-05 22:32:22.082592",135000.00
"2023-12-06 01:23:07.698885",10000.00
"2023-12-06 03:14:55.096463",22000.00
"2023-12-06 04:14:20.04102",1280000.00
"2023-12-06 08:10:00.25503",11000.00
"2023-12-06 10:35:31.433192",18000.00
"2023-12-06 10:57:14.886594",25000.00
"2023-12-06 12:30:17.480064",450000.00
"2023-12-06 15:23:20.239285",5500.00
"2023-12-06 15:46:13.141871",20000.00
"2023-12-06 16:17:32.850018",90000.00
"2023-12-06 17:40:43.561542",10000.00
"2023-12-06 18:48:32.709428",450000.00
"2023-12-06 19:56:19.41319",320000.00
"2023-12-06 21:02:22.525953",5000.00
"2023-12-06 22:53:26.343882",36000.00
"2023-12-07 00:05:48.136316",425000.00
"2023-12-07 01:21:47.569874",1600000.00
"2023-12-07 02:38:23.349287",25000.00
"2023-12-07 02:45:08.078775",85000.00
"2023-12-07 03:36:43.118809",135000.00
"2023-12-07 04:09:01.918175",320000.00
"2023-12-07 04:13:39.21032",425000.00
"2023-12-07 05:44:47.466651",10000.00
"2023-12-07 05:48:00.891508",11000.00
"2023-12-07 06:26:35.572192",45000.00
"2023-12-07 07:39:05.34084",2500.00
"2023-12-07 07:55:23.334358",450000.00
"2023-12-07 10:25:04.066659",90000.00
"2023-12-07 12:02:01.58989",24000.00
"2023-12-07 13:24:43.953565",2250000.00
"2023-12-07 15:24:57.327045",15000.00
"2023-12-07 15:37:50.175536",135000.00
"2023-12-07 15:39:37.368319",36000.00
"2023-12-07 15:53:51.313357",5000.00
"2023-12-07 16:56:03.281506",425000.00
"2023-12-07 17:13:56.974824",27500.00
"2023-12-07 18:02:49.44859",2250000.00
"2023-12-07 18:09:49.580411",85000.00
"2023-12-07 20:04:44.48948",1350000.00
"2023-12-07 20:17:02.483171",5000.00
"2023-12-07 20:56:11.338246",16500.00
"2023-12-07 21:19:10.064374",225000.00
"2023-12-07 22:08:36.134152",25000.00
"2023-12-07 22:24:11.721733",5000.00
"2023-12-08 02:39:46.816432",54000.00
"2023-12-08 05:23:38.181709",5500.00
"2023-12-08 06:03:38.732591",18000.00
"2023-12-08 06:10:10.965504",11000.00
"2023-12-08 06:10:51.208309",135000.00
"2023-12-08 06:24:38.427922",225000.00
"2023-12-08 07:45:09.218286",960000.00
"2023-12-08 08:15:04.447368",135000.00
"2023-12-08 09:04:24.476902",10000.00
"2023-12-08 09:15:53.437558",6000.00
"2023-12-08 09:18:14.336271",1280000.00
"2023-12-08 09:19:58.431173",12000.00
"2023-12-08 09:39:25.695903",36000.00
"2023-12-08 09:51:52.189213",16500.00
"2023-12-08 10:00:01.585297",15000.00
"2023-12-08 10:02:49.387694",24000.00
"2023-12-08 10:26:20.439506",2250000.00
"2023-12-08 10:52:10.793727",170000.00
"2023-12-08 11:59:18.345797",340000.00
"2023-12-08 12:09:43.604001",5500.00
"2023-12-08 12:28:29.026284",180000.00
"2023-12-08 12:37:47.533222",7500.00
"2023-12-08 12:59:34.688407",960000.00
"2023-12-08 14:34:01.750071",54000.00
"2023-12-08 14:35:38.328334",2500.00
"2023-12-08 15:02:18.891841",27500.00
"2023-12-08 17:37:07.750994",18000.00
"2023-12-08 18:22:24.198133",85000.00
"2023-12-08 18:25:37.085132",255000.00
"2023-12-08 19:15:11.668667",10000.00
"2023-12-08 19:17:03.263297",12000.00
"2023-12-08 20:05:17.136025",16500.00
"2023-12-08 22:09:52.231793",6000.00
"2023-12-08 22:47:39.706326",25000.00
"2023-12-08 23:46:21.006435",10000.00
"2023-12-09 00:03:13.81455",900000.00
"2023-12-09 00:48:29.769251",90000.00
"2023-12-09 02:45:23.334977",180000.00
"2023-12-09 05:41:52.698611",24000.00
"2023-12-09 05:53:53.201764",2250000.00
"2023-12-09 06:07:06.891074",6000.00
"2023-12-09 06:11:53.141839",450000.00
"2023-12-09 06:39:22.186168",22000.00
"2023-12-09 09:47:51.908894",640000.00
"2023-12-09 10:04:54.446081",135000.00
"2023-12-09 10:43:11.199474",18000.00
"2023-12-09 11:01:25.853536",10000.00
"2023-12-09 11:12:21.241367",90000.00
"2023-12-09 11:42:52.321761",1350000.00
"2023-12-09 13:09:25.035264",5000.00
"2023-12-09 13:46:19.131864",320000.00
"2023-12-09 15:25:21.008631",340000.00
"2023-12-09 16:32:38.991906",90000.00
"2023-12-09 18:02:53.298883",15000.00
"2023-12-09 20:26:07.072431",18000.00
"2023-12-09 21:40:33.031107",425000.00
"2023-12-09 22:11:25.69458",450000.00
"2023-12-09 23:26:49.262194",27500.00
"2023-12-09 23:51:46.868104",54000.00
"2023-12-10 00:06:49.605512",30000.00
"2023-12-10 00:26:51.302543",5000.00
"2023-12-10 00:28:42.904254",340000.00
"2023-12-10 00:59:52.536721",1600000.00
"2023-12-10 01:26:57.382718",320000.00
"2023-12-10 01:49:10.881305",255000.00
"2023-12-10 01:55:35.97222",1600000.00
"2023-12-10 02:41:53.670013",1600000.00
"2023-12-10 04:43:46.839485",1600000.00
"2023-12-10 05:31:39.221882",340000.00
"2023-12-10 06:56:03.846349",5500.00
"2023-12-10 08:05:47.954857",12500.00
"2023-12-10 08:26:55.101379",450000.00
"2023-12-10 08:34:16.286134",18000.00
"2023-12-10 08:47:00.910039",12500.00
"2023-12-10 09:39:33.468169",180000.00
"2023-12-10 10:52:12.247027",24000.00
"2023-12-10 11:53:40.963422",27500.00
"2023-12-10 13:04:03.801708",1600000.00
"2023-12-10 13:16:57.998139",72000.00
"2023-12-10 14:51:14.813822",36000.00
"2023-12-10 16:22:44.021181",2250000.00
"2023-12-10 17:17:42.772539",36000.00
"2023-12-10 17:27:13.522369",90000.00
"2023-12-10 17:43:36.683924",18000.00
"2023-12-10 18:02:54.684817",5500.00
"2023-12-10 20:02:35.32641",90000.00
"2023-12-10 21:13:56.341025",320000.00
"2023-12-10 22:02:17.156573",5000.00
"2023-12-10 23:05:19.338232",6000.00
"2023-12-11 01:07:47.503904",900000.00
"2023-12-11 03:12:56.819827",900000.00
"2023-12-11 03:55:19.180085",27500.00
"2023-12-11 04:28:35.719766",340000.00
"2023-12-11 05:01:25.854447",72000.00
"2023-12-11 05:18:18.479457",1280000.00
"2023-12-11 06:53:16.03438",5000.00
"2023-12-11 07:53:25.727565",7500.00
"2023-12-11 08:11:08.538483",16500.00
"2023-12-11 08:12:46.23607",5000.00
"2023-12-11 11:02:44.711423",18000.00
"2023-12-11 12:06:35.23419",30000.00
"2023-12-11 12:20:33.568387",1280000.00
"2023-12-11 12:22:45.564369",5000.00
"2023-12-11 12:43:04.747667",180000.00
"2023-12-11 13:20:35.039423",225000.00
"2023-12-11 13:50:51.231036",1600000.00
"2023-12-11 16:57:31.931608",36000.00
"2023-12-11 17:05:18.658763",90000.00
"2023-12-11 18:18:42.679544",27500.00
"2023-12-11 18:24:26.536323",25000.00
"2023-12-11 19:40:39.318973",2250000.00
"2023-12-11 20:41:56.874086",22000.00
"2023-12-11 21:26:54.028551",340000.00
"2023-12-11 21:36:46.763223",16500.00
"2023-12-11 22:12:23.24296",1350000.00
"2023-12-11 22:48:01.252299",22000.00
"2023-12-11 23:26:40.702003",2500.00
"2023-12-11 23:37:35.52789",1800000.00
"2023-12-12 00:03:38.707336",36000.00
"2023-12-12 00:19:23.244043",54000.00
"2023-12-12 00:35:05.321719",5000.00
"2023-12-12 01:06:54.342169",20000.00
"2023-12-12 03:34:28.91374",20000.00
"2023-12-12 03:35:51.978545",5000.00
"2023-12-12 04:40:05.060648",900000.00
"2023-12-12 07:52:00.13088",2500.00
"2023-12-12 09:27:39.320072",425000.00
"2023-12-12 11:15:34.081429",900000.00
"2023-12-12 11:55:02.663099",25000.00
"2023-12-12 12:30:58.315451",45000.00
"2023-12-12 13:48:47.385022",45000.00
"2023-12-12 16:30:26.722502",16500.00
"2023-12-12 16:41:15.320242",90000.00
"2023-12-12 16:52:02.094532",11000.00
"2023-12-12 19:18:00.58207",1600000.00
"2023-12-12 20:56:45.369367",10000.00
"2023-12-12 21:12:33.979047",2500.00
"2023-12-12 22:52:10.445859",16500.00
"2023-12-13 00:55:26.673735",340000.00
"2023-12-13 02:36:42.455845",5000.00
"2023-12-13 03:17:15.247121",7500.00
"2023-12-13 03:38:01.619395",1800000.00
"2023-12-13 04:55:08.342129",170000.00
"2023-12-13 05:47:53.255698",7500.00
"2023-12-13 07:42:09.158913",5500.00
"2023-12-13 07:58:32.93512",6000.00
"2023-12-13 08:49:15.583559",85000.00
"2023-12-13 11:30:30.983296",72000.00
"2023-12-13 15:26:21.332918",320000.00
"2023-12-13 16:53:18.952347",15000.00
"2023-12-13 17:57:15.23966",54000.00
"2023-12-13 19:00:32.411505",12000.00
"2023-12-13 19:09:21.260129",225000.00
"2023-12-13 20:59:57.198833",11000.00
"2023-12-13 21:21:05.341327",425000.00
"2023-12-14 00:14:25.924406",20000.00
"2023-12-14 00:46:38.696288",15000.00
"2023-12-14 01:47:41.391376",1600000.00
"2023-12-14 04:49:06.229978",5000.00
"2023-12-14 05:50:25.295592",24000.00
"2023-12-14 06:01:54.95418",25000.00
"2023-12-14 07:02:55.169727",450000.00
"2023-12-14 09:46:21.814147",1600000.00
"2023-12-14 10:02:30.862857",1280000.00
"2023-12-14 10:27:53.866552",960000.00
"2023-12-14 12:18:19.101766",12000.00
"2023-12-14 12:36:13.072054",1280000.00
"2023-12-14 13:57:33.338473",22000.00
"2023-12-14 13:59:05.134554",72000.00
"2023-12-14 15:11:27.881015",12000.00
"2023-12-14 15:45:23.487673",90000.00
"2023-12-14 16:07:39.26117",1800000.00
"2023-12-14 16:17:02.290018",5000.00
"2023-12-14 17:05:27.200238",135000.00
"2023-12-14 17:59:50.075579",85000.00
"2023-12-14 18:14:49.800758",27500.00
"2023-12-14 19:03:56.54844",22000.00
"2023-12-14 19:11:28.9987",12500.00
"2023-12-14 21:50:03.717819",2500.00
"2023-12-14 23:00:36.651434",5500.00
"2023-12-15 00:46:39.021999",5500.00
"2023-12-15 02:36:33.13364",11000.00
"2023-12-15 03:58:04.758208",180000.00
"2023-12-15 04:52:13.553069",30000.00
"2023-12-15 05:06:28.587283",90000.00
"2023-12-15 05:20:40.101431",27500.00
"2023-12-15 07:42:42.789019",27500.00
"2023-12-15 08:17:06.25932",27500.00
"2023-12-15 08:27:02.938594",24000.00
"2023-12-15 08:50:51.270137",36000.00
"2023-12-15 09:25:37.387343",10000.00
"2023-12-15 11:38:06.716099",960000.00
"2023-12-15 14:10:45.149979",10000.00
"2023-12-15 15:07:47.146694",5000.00
"2023-12-15 15:26:14.709424",27500.00
"2023-12-15 16:05:12.261526",85000.00
"2023-12-15 16:14:17.327541",2500.00
"2023-12-15 17:24:01.778673",10000.00
"2023-12-15 17:25:22.288077",135000.00
"2023-12-15 18:20:26.619399",5500.00
"2023-12-15 19:47:02.053634",180000.00
"2023-12-15 21:01:01.201371",255000.00
"2023-12-15 22:23:15.802713",22000.00
"2023-12-15 23:38:48.33652",5000.00
"2023-12-16 00:21:30.606038",7500.00
"2023-12-16 00:56:04.821013",36000.00
"2023-12-16 02:43:57.258929",1800000.00
"2023-12-16 03:01:57.5406",6000.00
"2023-12-16 03:17:19.699941",25000.00
"2023-12-16 05:45:36.23348",90000.00
"2023-12-16 06:50:21.563742",2250000.00
"2023-12-16 07:28:02.317114",18000.00
"2023-12-16 08:16:33.805284",85000.00
"2023-12-16 08:33:48.388082",45000.00
"2023-12-16 12:35:06.999997",5000.00
"2023-12-16 13:08:25.729296",180000.00
"2023-12-16 15:22:25.042456",5000.00
"2023-12-16 15:23:39.235881",90000.00
"2023-12-16 15:52:53.345611",255000.00
"2023-12-16 16:26:59.548661",90000.00
"2023-12-16 16:39:15.537839",10000.00
"2023-12-16 17:19:46.691671",6000.00
"2023-12-16 19:11:11.148377",960000.00
"2023-12-16 19:45:32.094515",1350000.00
"2023-12-16 21:08:59.244072",5000.00
"2023-12-16 21:22:15.577032",7500.00
"2023-12-16 23:15:21.951128",900000.00
"2023-12-16 23:46:12.296935",255000.00
"2023-12-16 23:57:39.869223",170000.00
"2023-12-17 00:55:30.859825",20000.00
"2023-12-17 03:34:49.138154",1280000.00
"2023-12-17 03:40:30.253545",2500.00
"2023-12-17 03:46:08.325758",960000.00
"2023-12-17 06:03:37.045792",72000.00
"2023-12-17 07:14:28.965312",30000.00
"2023-12-17 07:23:40.41129",180000.00
"2023-12-17 08:26:49.638524",225000.00
"2023-12-17 09:09:57.160936",6000.00
"2023-12-17 09:23:11.806338",5500.00
"2023-12-17 09:35:54.600145",5500.00
"2023-12-17 09:47:14.91555",25000.00
"2023-12-17 10:54:59.662818",320000.00
"2023-12-17 12:09:28.207078",10000.00
"2023-12-17 12:40:53.703746",16500.00
"2023-12-17 13:07:51.60224",54000.00
"2023-12-17 13:13:34.610928",2500.00
"2023-12-17 14:25:35.317706",90000.00
"2023-12-17 14:44:11.745342",36000.00
"2023-12-17 14:51:34.923627",5000.00
"2023-12-17 15:20:33.704036",54000.00
"2023-12-17 16:29:51.324125",12500.00
"2023-12-17 17:35:32.19655",1800000.00
"2023-12-17 18:10:02.515808",25000.00
"2023-12-17 21:10:00.826655",54000.00
"2023-12-18 00:01:06.93707",18000.00
"2023-12-18 00:45:27.570678",450000.00
"2023-12-18 01:59:12.529806",450000.00
"2023-12-18 03:01:54.148747",12500.00
"2023-12-18 05:51:16.299845",960000.00
"2023-12-18 06:24:50.99226",320000.00
"2023-12-18 07:30:13.980766",25000.00
"2023-12-18 08:06:59.784434",340000.00
"2023-12-18 08:43:22.002519",6000.00
"2023-12-18 10:08:22.650918",18000.00
"2023-12-18 11:39:20.27759",90000.00
"2023-12-18 11:42:38.522646",5500.00
"2023-12-18 11:52:46.543143",1800000.00
"2023-12-18 12:35:30.620393",18000.00
"2023-12-18 12:49:52.126777",5000.00
"2023-12-18 13:04:03.038825",2250000.00
"2023-12-18 13:51:47.213016",5000.00
"2023-12-18 14:49:23.32286",54000.00
"2023-12-18 15:48:09.600402",18000.00
"2023-12-18 17:58:58.321974",6000.00
"2023-12-18 19:04:34.664588",1350000.00
"2023-12-18 23:11:50.829893",27500.00
"2023-12-18 23:24:22.092439",85000.00
"2023-12-18 23:34:36.121272",340000.00
"2023-12-19 00:09:43.639842",1350000.00
"2023-12-19 01:03:50.004554",135000.00
"2023-12-19 02:05:19.295585",1280000.00
"2023-12-19 02:08:23.683299",7500.00
"2023-12-19 03:15:58.232926",30000.00
"2023-12-19 03:36:46.906503",5000.00
"2023-12-19 04:01:05.337658",30000.00
"2023-12-19 06:02:48.815023",2250000.00
"2023-12-19 06:50:24.987902",255000.00
"2023-12-19 10:33:22.950832",170000.00
"2023-12-19 11:35:53.04387",18000.00
"2023-12-19 14:24:28.761228",340000.00
"2023-12-19 16:34:14.054795",135000.00
"2023-12-19 16:38:44.362805",7500.00
"2023-12-19 17:03:20.267465",22000.00
"2023-12-19 18:15:32.922607",5500.00
"2023-12-19 19:21:03.144489",72000.00
"2023-12-19 19:55:54.064494",320000.00
"2023-12-19 20:23:00.307342",10000.00
"2023-12-19 20:36:27.574684",25000.00
"2023-12-19 21:35:16.237634",16500.00
"2023-12-19 21:38:11.867847",450000.00
"2023-12-19 22:51:12.015352",2500.00
"2023-12-20 02:08:38.109453",180000.00
"2023-12-20 04:22:39.774979",22000.00
"2023-12-20 04:27:16.782341",90000.00
"2023-12-20 10:59:07.784503",45000.00
"2023-12-20 11:24:49.657922",24000.00
"2023-12-20 11:26:50.607499",1800000.00
"2023-12-20 11:33:05.498948",10000.00
"2023-12-20 11:56:56.502014",960000.00
"2023-12-20 12:40:32.200546",640000.00
"2023-12-20 13:41:50.301769",24000.00
"2023-12-20 13:51:31.517211",320000.00
"2023-12-20 15:15:22.368025",340000.00
"2023-12-20 15:17:49.662466",7500.00
"2023-12-20 19:39:47.669477",1800000.00
"2023-12-20 20:15:07.374149",18000.00
"2023-12-20 21:08:20.909025",2500.00
"2023-12-20 21:50:02.339524",45000.00
"2023-12-20 22:52:47.261061",225000.00
"2023-12-20 23:36:10.647755",135000.00
"2023-12-20 23:57:15.578412",5000.00
"2023-12-21 02:08:44.597062",18000.00
"2023-12-21 02:26:58.205984",6000.00
"2023-12-21 02:33:18.810622",5000.00
"2023-12-21 03:51:20.72394",54000.00
"2023-12-21 04:48:09.952649",640000.00
"2023-12-21 06:36:54.909533",180000.00
"2023-12-21 06:47:18.882728",225000.00
"2023-12-21 08:07:18.591733",30000.00
"2023-12-21 08:17:00.607769",12500.00
"2023-12-21 11:05:28.510895",960000.00
"2023-12-21 11:42:17.814413",45000.00
"2023-12-21 14:28:19.84705",5000.00
"2023-12-21 15:03:27.190325",180000.00
"2023-12-21 16:15:01.017422",5000.00
"2023-12-21 17:43:38.883044",225000.00
"2023-12-21 19:39:32.381643",15000.00
"2023-12-21 20:17:21.036382",22000.00
"2023-12-21 20:51:38.386678",85000.00
"2023-12-21 21:34:37.582136",11000.00
"2023-12-21 21:49:12.494652",320000.00
"2023-12-21 23:40:48.407954",6000.00
"2023-12-22 00:20:37.799362",5000.00
"2023-12-22 01:46:44.327393",11000.00
"2023-12-22 02:28:16.474079",36000.00
"2023-12-22 02:59:00.039909",22000.00
"2023-12-22 04:39:18.06092",6000.00
"2023-12-22 04:47:56.137187",180000.00
"2023-12-22 05:23:47.779578",425000.00
"2023-12-22 06:26:18.813982",30000.00
"2023-12-22 07:19:50.507951",22000.00
"2023-12-22 09:52:39.317533",15000.00
"2023-12-22 10:28:33.010587",22000.00
"2023-12-22 10:41:10.629844",225000.00
"2023-12-22 11:48:50.099878",5500.00
"2023-12-22 12:06:19.115405",6000.00
"2023-12-22 12:38:18.73939",255000.00
"2023-12-22 13:06:52.704377",6000.00
"2023-12-22 13:34:28.618019",6000.00
"2023-12-22 14:20:29.245144",6000.00
"2023-12-22 15:13:12.211578",1350000.00
"2023-12-22 16:23:23.789254",180000.00
"2023-12-22 16:30:04.684161",54000.00
"2023-12-22 18:51:36.038411",27500.00
"2023-12-22 19:14:31.262606",20000.00
"2023-12-22 20:11:16.383615",72000.00
"2023-12-22 20:25:46.147808",450000.00
"2023-12-22 23:17:06.210479",90000.00
"2023-12-22 23:50:08.863429",340000.00
"2023-12-22 23:55:26.198315",30000.00
"2023-12-23 00:33:25.440965",20000.00
"2023-12-23 03:16:09.915269",225000.00
"2023-12-23 04:28:55.829114",18000.00
"2023-12-23 04:32:42.663186",170000.00
"2023-12-23 05:12:30.301059",54000.00
"2023-12-23 05:30:43.742369",11000.00
"2023-12-23 05:47:53.362036",6000.00
"2023-12-23 05:52:15.519733",10000.00
"2023-12-23 07:55:47.21373",180000.00
"2023-12-23 08:11:38.229613",170000.00
"2023-12-23 08:14:06.431134",180000.00
"2023-12-23 09:02:37.776878",135000.00
"2023-12-23 10:20:23.84349",255000.00
"2023-12-23 13:55:12.276256",5000.00
"2023-12-23 14:25:33.143543",320000.00
"2023-12-23 16:05:40.783819",1280000.00
"2023-12-23 16:15:13.166686",54000.00
"2023-12-23 18:08:44.590369",2500.00
"2023-12-23 18:28:15.45035",36000.00
"2023-12-23 19:11:09.530356",225000.00
"2023-12-23 19:18:29.239559",18000.00
"2023-12-23 19:25:35.309667",90000.00
"2023-12-23 20:09:09.719443",425000.00
"2023-12-23 21:04:50.952932",45000.00
"2023-12-23 21:24:40.572027",1350000.00
"2023-12-23 23:52:34.032327",5000.00
"2023-12-24 03:51:47.074591",25000.00
"2023-12-24 04:05:07.922224",18000.00
"2023-12-24 05:09:16.497261",30000.00
"2023-12-24 05:11:06.475017",54000.00
"2023-12-24 05:15:07.250965",5500.00
"2023-12-24 05:33:02.801632",450000.00
"2023-12-24 06:04:21.872964",85000.00
"2023-12-24 07:03:14.04089",640000.00
"2023-12-24 07:50:53.570726",27500.00
"2023-12-24 08:09:23.428098",135000.00
"2023-12-24 08:32:28.034577",54000.00
"2023-12-24 09:59:48.149356",15000.00
"2023-12-24 10:20:26.475746",20000.00
"2023-12-24 10:29:04.733257",255000.00
"2023-12-24 11:21:18.245846",960000.00
"2023-12-24 11:23:08.761353",135000.00
"2023-12-24 11:54:18.282644",135000.00
"2023-12-24 14:55:10.334468",1350000.00
"2023-12-24 15:36:49.327736",30000.00
"2023-12-24 18:01:51.307616",170000.00
"2023-12-24 18:13:57.421927",5500.00
"2023-12-24 19:27:26.758147",2250000.00
"2023-12-24 20:54:04.853914",10000.00
"2023-12-24 21:55:23.509658",450000.00
"2023-12-24 22:46:20.871473",54000.00
"2023-12-24 22:54:55.409164",320000.00
"2023-12-24 22:56:38.387849",22000.00
"2023-12-24 23:46:56.967477",54000.00
"2023-12-25 02:16:01.25259",1280000.00
"2023-12-25 02:17:37.832858",72000.00
"2023-12-25 04:02:17.962906",180000.00
"2023-12-25 05:19:25.002547",10000.00
"2023-12-25 07:24:52.30371",900000.00
"2023-12-25 08:42:33.877132",11000.00
"2023-12-25 09:23:36.777524",135000.00
"2023-12-25 09:32:12.333111",5000.00
"2023-12-25 09:57:30.003131",85000.00
"2023-12-25 11:15:28.399557",18000.00
"2023-12-25 11:51:06.181724",7500.00
"2023-12-25 13:04:41.990295",10000.00
"2023-12-25 13:47:14.586857",5000.00
"2023-12-25 17:25:10.489668",12000.00
"2023-12-25 19:59:16.573339",90000.00
"2023-12-25 20:44:59.927036",20000.00
"2023-12-25 21:11:57.559784",18000.00
"2023-12-25 22:05:29.964295",6000.00
"2023-12-26 00:14:58.842312",20000.00
"2023-12-26 01:01:11.992744",90000.00
"2023-12-26 01:19:09.818987",1600000.00
"2023-12-26 02:13:23.974591",900000.00
"2023-12-26 03:42:21.541251",11000.00
"2023-12-26 03:43:19.60879",1350000.00
"2023-12-26 04:52:03.084402",255000.00
"2023-12-26 06:25:19.56804",15000.00
"2023-12-26 07:26:02.88476",900000.00
"2023-12-26 07:46:36.947945",22000.00
"2023-12-26 08:31:12.487048",5000.00
"2023-12-26 10:12:40.406877",12500.00
"2023-12-26 12:21:09.508418",5000.00
"2023-12-26 13:46:24.126461",24000.00
"2023-12-26 16:57:44.337534",2250000.00
"2023-12-26 18:50:02.250185",1800000.00
"2023-12-26 19:38:50.041183",450000.00
"2023-12-26 20:21:00.138813",15000.00
"2023-12-26 21:01:19.657227",170000.00
"2023-12-26 21:18:30.27368",1350000.00
"2023-12-26 22:09:08.591705",16500.00
"2023-12-26 23:09:19.414406",1600000.00
"2023-12-27 01:29:24.761875",170000.00
"2023-12-27 02:00:21.607974",1600000.00
"2023-12-27 02:05:07.182303",54000.00
"2023-12-27 02:33:24.602692",450000.00
"2023-12-27 02:37:34.669326",425000.00
"2023-12-27 03:27:29.677071",25000.00
"2023-12-27 04:49:07.658263",135000.00
"2023-12-27 05:47:53.338069",170000.00
"2023-12-27 06:49:53.101631",72000.00
"2023-12-27 07:06:19.888755",20000.00
"2023-12-27 07:21:35.432556",18000.00
"2023-12-27 08:06:08.477218",90000.00
"2023-12-27 08:12:44.656884",10000.00
"2023-12-27 09:07:23.209111",72000.00
"2023-12-27 10:33:35.172428",1600000.00
"2023-12-27 11:59:44.483028",90000.00
"2023-12-27 14:31:21.848228",11000.00
"2023-12-27 14:55:36.012298",1350000.00
"2023-12-27 15:05:14.954148",12000.00
"2023-12-27 16:35:49.641321",90000.00
"2023-12-27 17:09:06.19271",170000.00
"2023-12-27 17:31:30.368316",170000.00
"2023-12-27 18:00:34.547748",72000.00
"2023-12-27 18:01:36.545498",135000.00
"2023-12-27 21:10:26.15416",255000.00
"2023-12-27 21:32:25.450324",180000.00
"2023-12-27 21:41:51.905157",54000.00
"2023-12-27 22:44:30.828718",2250000.00
"2023-12-27 23:37:56.3746",45000.00
"2023-12-28 01:11:53.151638",2500.00
"2023-12-28 02:33:37.211997",320000.00
"2023-12-28 05:03:52.669588",1280000.00
"2023-12-28 06:07:52.688635",1800000.00
"2023-12-28 06:17:29.168154",11000.00
"2023-12-28 06:30:20.92467",36000.00
"2023-12-28 07:00:01.398499",1800000.00
"2023-12-28 07:31:11.205073",10000.00
"2023-12-28 09:15:18.005961",640000.00
"2023-12-28 09:29:47.070034",7500.00
"2023-12-28 10:57:29.840721",85000.00
"2023-12-28 11:16:50.385946",640000.00
"2023-12-28 11:21:00.510076",18000.00
"2023-12-28 11:26:38.150787",255000.00
"2023-12-28 12:19:30.253192",54000.00
"2023-12-28 12:37:43.73833",450000.00
"2023-12-28 14:58:18.568897",320000.00
"2023-12-28 17:44:52.22383",85000.00
"2023-12-28 19:16:17.299697",340000.00
"2023-12-28 20:32:35.812242",54000.00
"2023-12-28 21:57:50.274448",90000.00
"2023-12-28 22:18:35.296367",180000.00
"2023-12-29 00:06:42.903576",16500.00
"2023-12-29 00:54:39.789418",425000.00
"2023-12-29 01:55:27.421965",960000.00
"2023-12-29 03:30:52.436861",72000.00
"2023-12-29 03:35:42.884965",54000.00
"2023-12-29 04:47:59.040591",170000.00
"2023-12-29 06:04:19.237584",72000.00
"2023-12-29 07:28:48.761897",320000.00
"2023-12-29 11:32:16.598414",30000.00
"2023-12-29 11:41:38.890973",1600000.00
"2023-12-29 13:15:29.335401",11000.00
"2023-12-29 13:46:29.57743",7500.00
"2023-12-29 14:20:46.942607",1350000.00
"2023-12-29 14:55:27.794597",18000.00
"2023-12-29 20:11:48.824664",15000.00
"2023-12-29 23:04:42.954763",170000.00
"2023-12-30 03:10:28.297971",960000.00
"2023-12-30 03:16:00.885694",54000.00
"2023-12-30 03:28:39.347934",10000.00
"2023-12-30 04:13:07.990878",320000.00
"2023-12-30 05:39:08.205873",6000.00
"2023-12-30 06:28:33.124479",225000.00
"2023-12-30 07:35:32.488742",16500.00
"2023-12-30 07:40:37.12065",7500.00
"2023-12-30 07:54:19.456203",5500.00
"2023-12-30 09:19:51.963814",36000.00
"2023-12-30 09:54:44.156548",85000.00
"2023-12-30 10:08:49.963263",5000.00
"2023-12-30 10:53:17.615914",25000.00
"2023-12-30 12:05:44.588445",900000.00
"2023-12-30 12:20:46.336094",320000.00
"2023-12-30 13:00:53.492651",15000.00
"2023-12-30 14:39:58.445782",90000.00
"2023-12-30 14:46:47.132031",15000.00
"2023-12-30 15:01:43.293163",425000.00
"2023-12-30 15:10:17.392487",1600000.00
"2023-12-30 15:20:49.509024",10000.00
"2023-12-30 15:43:46.976164",340000.00
"2023-12-30 16:02:15.797642",90000.00
"2023-12-30 18:48:57.330398",10000.00
"2023-12-30 20:23:14.031825",30000.00
"2023-12-30 20:56:11.359438",1600000.00
"2023-12-30 22:23:48.138341",90000.00
"2023-12-31 05:09:29.896548",640000.00
"2023-12-31 06:48:41.716704",25000.00
"2023-12-31 07:17:23.146108",1280000.00
"2023-12-31 07:30:36.288218",640000.00
"2023-12-31 08:55:51.33554",18000.00
"2023-12-31 09:58:47.960734",85000.00
"2023-12-31 10:01:32.948803",1600000.00
"2023-12-31 10:45:32.132358",54000.00
"2023-12-31 11:01:54.134596",54000.00
"2023-12-31 14:42:12.060016",640000.00
"2023-12-31 14:59:53.850584",90000.00
"2023-12-31 20:43:15.157799",24000.00
"2023-12-31 21:28:06.659111",27500.00
"2023-12-31 22:44:44.743775",22000.00
"2024-01-01 02:54:39.297264",5500.00
"2024-01-01 03:15:28.155366",25000.00
"2024-01-01 03:53:40.258225",180000.00
"2024-01-01 04:09:54.699906",12000.00
"2024-01-01 04:26:40.352552",180000.00
"2024-01-01 05:37:33.328925",2500.00
"2024-01-01 07:37:05.532416",1800000.00
"2024-01-01 08:05:12.620525",12000.00
"2024-01-01 13:55:54.891378",24000.00
"2024-01-01 15:08:56.314865",10000.00
"2024-01-01 16:10:29.019002",16500.00
"2024-01-01 16:19:14.184445",72000.00
"2024-01-01 17:09:58.049751",27500.00
"2024-01-01 17:28:00.019343",27500.00
"2024-01-01 21:19:08.286196",1350000.00
"2024-01-01 21:24:40.047076",2250000.00
"2024-01-01 21:34:38.110683",18000.00
"2024-01-01 22:44:39.669275",225000.00
"2024-01-01 22:46:52.069684",2500.00
"2024-01-01 22:52:19.020813",20000.00
"2024-01-02 00:35:12.70833",85000.00
"2024-01-02 02:28:41.476517",10000.00
"2024-01-02 05:10:37.326409",450000.00
"2024-01-02 05:49:18.856684",425000.00
"2024-01-02 06:03:03.376424",36000.00
"2024-01-02 06:19:49.210466",36000.00
"2024-01-02 07:36:40.069089",85000.00
"2024-01-02 07:43:52.801236",1280000.00
"2024-01-02 08:14:01.960918",15000.00
"2024-01-02 08:54:59.773291",90000.00
"2024-01-02 09:28:43.677865",18000.00
"2024-01-02 10:19:48.20535",15000.00
"2024-01-02 12:02:38.83625",16500.00
"2024-01-02 13:30:49.114967",12000.00
"2024-01-02 16:32:46.949506",16500.00
"2024-01-02 16:40:29.474536",2250000.00
"2024-01-02 16:50:36.92177",85000.00
"2024-01-02 16:56:14.874618",10000.00
"2024-01-02 18:10:12.818189",18000.00
"2024-01-02 18:46:34.550082",90000.00
"2024-01-02 19:28:01.986274",225000.00
"2024-01-02 19:46:02.060076",180000.00
"2024-01-02 21:27:03.938788",16500.00
"2024-01-02 21:27:29.163038",425000.00
"2024-01-02 21:46:42.741592",12000.00
"2024-01-02 23:22:02.737952",1350000.00
"2024-01-03 01:24:12.749609",16500.00
"2024-01-03 03:07:19.465793",15000.00
"2024-01-03 06:23:37.594051",20000.00
"2024-01-03 06:37:30.15777",900000.00
"2024-01-03 06:59:08.771254",640000.00
"2024-01-03 07:58:10.921729",340000.00
"2024-01-03 09:51:38.965753",135000.00
"2024-01-03 11:40:03.329287",90000.00
"2024-01-03 11:45:52.64721",18000.00
"2024-01-03 11:48:41.421883",425000.00
"2024-01-03 12:24:10.789299",90000.00
"2024-01-03 14:37:29.012722",5000.00
"2024-01-03 17:23:44.249135",10000.00
"2024-01-03 19:28:38.345269",22000.00
"2024-01-03 19:45:40.839189",22000.00
"2024-01-03 19:46:33.581576",10000.00
"2024-01-03 21:46:18.099422",18000.00
"2024-01-03 22:38:41.419479",425000.00
"2024-01-03 23:14:55.957498",18000.00
"2024-01-03 23:22:03.838693",11000.00
"2024-01-03 23:45:09.542009",2500.00
"2024-01-04 01:28:17.87531",10000.00
"2024-01-04 02:33:32.972281",640000.00
"2024-01-04 05:30:21.21881",16500.00
"2024-01-04 06:08:46.918639",170000.00
"2024-01-04 06:24:22.570123",15000.00
"2024-01-04 08:36:42.599976",5500.00
"2024-01-04 10:34:26.774151",10000.00
"2024-01-04 11:43:43.58929",36000.00
"2024-01-04 11:59:05.061632",12500.00
"2024-01-04 13:46:21.410317",450000.00
"2024-01-04 15:17:34.441935",5000.00
"2024-01-04 18:33:54.66592",255000.00
"2024-01-04 19:05:21.73829",36000.00
"2024-01-04 20:10:22.352938",135000.00
"2024-01-04 20:58:42.664559",5000.00
"2024-01-04 21:13:31.698082",90000.00
"2024-01-04 21:53:49.907686",90000.00
"2024-01-04 22:22:00.499687",5000.00
"2024-01-04 23:02:52.47832",54000.00
"2024-01-04 23:36:05.251069",27500.00
"2024-01-05 05:29:42.851211",340000.00
"2024-01-05 05:38:23.397117",450000.00
"2024-01-05 05:40:27.015098",24000.00
"2024-01-05 06:03:34.45711",7500.00
"2024-01-05 07:01:57.856072",6000.00
"2024-01-05 07:07:21.380021",90000.00
"2024-01-05 07:28:33.380724",27500.00
"2024-01-05 08:59:03.569228",18000.00
"2024-01-05 11:18:12.80934",36000.00
"2024-01-05 12:20:12.866076",255000.00
"2024-01-05 16:26:46.258371",1350000.00
"2024-01-05 17:02:23.093394",340000.00
"2024-01-05 18:33:34.303194",2250000.00
"2024-01-05 19:02:53.287871",15000.00
"2024-01-05 19:25:26.992437",54000.00
"2024-01-05 21:01:26.12252",6000.00
"2024-01-05 23:10:02.217474",18000.00
"2024-01-06 00:22:45.940392",30000.00
"2024-01-06 01:29:38.592914",6000.00
"2024-01-06 01:29:47.006373",425000.00
"2024-01-06 04:06:04.798293",1800000.00
"2024-01-06 06:32:40.587344",30000.00
"2024-01-06 08:24:31.422121",1600000.00
"2024-01-06 08:41:19.031315",18000.00
"2024-01-06 08:57:42.092323",2500.00
"2024-01-06 09:11:51.790988",7500.00
"2024-01-06 09:16:24.460209",425000.00
"2024-01-06 10:51:22.341034",24000.00
"2024-01-06 11:06:20.820983",180000.00
"2024-01-06 11:17:57.357764",54000.00
"2024-01-06 12:02:02.553197",450000.00
"2024-01-06 12:49:29.112823",1600000.00
"2024-01-06 13:55:59.587241",12000.00
"2024-01-06 14:05:21.936051",900000.00
"2024-01-06 15:40:54.477282",450000.00
"2024-01-06 19:08:46.637733",24000.00
"2024-01-06 19:26:23.452629",11000.00
"2024-01-06 20:09:47.943753",18000.00
"2024-01-06 20:10:53.823806",72000.00
"2024-01-06 22:48:26.57954",24000.00
"2024-01-06 23:25:37.846095",27500.00
"2024-01-07 00:46:05.155132",54000.00
"2024-01-07 01:12:46.650767",12500.00
"2024-01-07 03:03:47.627663",16500.00
"2024-01-07 04:08:55.492379",5000.00
"2024-01-07 04:28:39.347336",25000.00
"2024-01-07 06:56:54.139122",30000.00
"2024-01-07 10:10:17.004431",2500.00
"2024-01-07 11:01:10.268201",11000.00
"2024-01-07 12:13:36.601375",30000.00
"2024-01-07 12:49:35.340962",1800000.00
"2024-01-07 15:39:41.670942",900000.00
"2024-01-07 16:21:25.324166",36000.00
"2024-01-07 19:04:26.885356",25000.00
"2024-01-07 19:21:50.838232",16500.00
"2024-01-07 19:40:51.874494",5000.00
"2024-01-07 20:17:33.063191",450000.00
"2024-01-07 20:22:43.129224",5500.00
"2024-01-07 20:37:22.369386",960000.00
"2024-01-07 21:06:33.863175",340000.00
"2024-01-07 23:24:47.913596",36000.00
"2024-01-08 01:15:14.326208",10000.00
"2024-01-08 02:05:48.921276",90000.00
"2024-01-08 02:12:00.3134",16500.00
"2024-01-08 02:51:49.473468",1350000.00
"2024-01-08 03:40:45.963165",2500.00
"2024-01-08 03:54:57.77922",135000.00
"2024-01-08 08:00:14.31303",90000.00
"2024-01-08 08:02:11.484551",425000.00
"2024-01-08 08:37:56.232765",10000.00
"2024-01-08 10:12:09.203989",54000.00
"2024-01-08 11:32:25.160324",7500.00
"2024-01-08 13:56:26.247502",180000.00
"2024-01-08 16:12:26.649973",10000.00
"2024-01-08 16:25:45.095583",45000.00
"2024-01-08 21:01:08.781203",1600000.00
"2024-01-08 21:05:10.630744",5000.00
"2024-01-08 22:08:33.183036",900000.00
"2024-01-09 00:23:09.538025",16500.00
"2024-01-09 00:36:52.942343",1280000.00
"2024-01-09 00:56:09.313833",36000.00
"2024-01-09 01:32:34.654024",255000.00
"2024-01-09 02:15:16.039427",25000.00
"2024-01-09 02:46:18.10636",320000.00
"2024-01-09 03:43:37.226975",1600000.00
"2024-01-09 03:47:02.212104",10000.00
"2024-01-09 05:10:14.517143",12000.00
"2024-01-09 05:27:30.525933",2250000.00
"2024-01-09 06:04:44.624939",10000.00
"2024-01-09 06:23:02.358452",5500.00
"2024-01-09 06:23:48.480285",10000.00
"2024-01-09 07:18:30.965676",5500.00
"2024-01-09 09:00:14.699454",2250000.00
"2024-01-09 09:13:42.873021",72000.00
"2024-01-09 09:52:09.301386",10000.00
"2024-01-09 11:12:58.206052",1600000.00
"2024-01-09 11:34:51.30841",2500.00
"2024-01-09 16:13:45.522157",1800000.00
"2024-01-09 18:15:41.90541",25000.00
"2024-01-09 18:28:41.081787",135000.00
"2024-01-09 19:11:40.21964",12500.00
"2024-01-09 20:08:48.19611",5000.00
"2024-01-09 21:21:31.864753",960000.00
"2024-01-09 23:08:21.017303",16500.00
"2024-01-10 00:00:53.471053",1800000.00
"2024-01-10 00:53:40.698919",1280000.00
"2024-01-10 01:36:21.497852",20000.00
"2024-01-10 03:04:51.737085",22000.00
"2024-01-10 04:57:56.328813",11000.00
"2024-01-10 07:09:04.475764",900000.00
"2024-01-10 07:52:03.142792",180000.00
"2024-01-10 07:52:47.917753",255000.00
"2024-01-10 10:13:05.467185",2250000.00
"2024-01-10 11:28:25.118313",12000.00
"2024-01-10 13:38:30.349606",20000.00
"2024-01-10 15:53:04.425011",340000.00
"2024-01-10 15:58:42.352785",36000.00
"2024-01-10 16:25:20.940322",24000.00
"2024-01-10 19:41:04.841838",960000.00
"2024-01-10 21:31:02.968606",10000.00
"2024-01-10 22:42:11.557853",10000.00
"2024-01-11 02:05:15.736615",24000.00
"2024-01-11 06:00:12.207137",12000.00
"2024-01-11 07:02:25.520263",640000.00
"2024-01-11 09:06:59.293023",340000.00
"2024-01-11 09:41:16.174661",54000.00
"2024-01-11 11:18:00.992897",2250000.00
"2024-01-11 11:32:54.391736",27500.00
"2024-01-11 11:59:08.96305",900000.00
"2024-01-11 11:59:38.872584",24000.00
"2024-01-11 13:37:50.540808",45000.00
"2024-01-11 17:08:49.040039",18000.00
"2024-01-11 18:24:27.562962",12000.00
"2024-01-11 18:40:02.853662",640000.00
"2024-01-11 20:16:22.610919",25000.00
"2024-01-11 20:19:30.955795",45000.00
"2024-01-11 22:50:57.914945",135000.00
"2024-01-11 23:16:05.137348",640000.00
"2024-01-11 23:37:03.114314",340000.00
"2024-01-11 23:46:11.252912",20000.00
"2024-01-11 23:49:50.473432",5500.00
"2024-01-12 02:08:03.881596",90000.00
"2024-01-12 03:18:02.935982",5000.00
"2024-01-12 05:52:18.259952",1280000.00
"2024-01-12 06:03:21.576365",1280000.00
"2024-01-12 06:34:14.471756",24000.00
"2024-01-12 07:22:17.283749",1800000.00
"2024-01-12 08:36:19.409069",135000.00
"2024-01-12 09:35:42.787695",320000.00
"2024-01-12 10:09:00.226526",7500.00
"2024-01-12 11:20:25.760185",5500.00
"2024-01-12 11:26:34.548015",960000.00
"2024-01-12 11:31:17.618647",340000.00
"2024-01-12 11:49:08.582509",225000.00
"2024-01-12 12:53:17.471531",2250000.00
"2024-01-12 13:24:55.691077",2250000.00
"2024-01-12 15:19:49.607104",36000.00
"2024-01-12 16:22:01.102774",12500.00
"2024-01-12 16:23:35.778741",5000.00
"2024-01-12 19:45:59.73373",180000.00
"2024-01-12 22:20:39.020432",22000.00
"2024-01-12 23:03:52.166798",1800000.00
"2024-01-12 23:51:05.98463",12500.00
"2024-01-13 01:18:21.754929",1350000.00
"2024-01-13 03:59:53.61443",90000.00
"2024-01-13 04:11:56.075824",22000.00
"2024-01-13 04:15:04.442449",1800000.00
"2024-01-13 04:54:41.58553",25000.00
"2024-01-13 08:22:01.753014",1600000.00
"2024-01-13 12:15:11.116812",425000.00
"2024-01-13 14:13:52.710595",2250000.00
"2024-01-13 14:17:35.025856",640000.00
"2024-01-13 14:39:53.904291",425000.00
"2024-01-13 15:24:31.694031",320000.00
"2024-01-13 17:06:31.293891",1350000.00
"2024-01-13 20:06:01.735545",54000.00
"2024-01-13 22:21:30.133611",12000.00
"2024-01-13 23:29:34.459785",425000.00
"2024-01-13 23:41:49.909158",18000.00
"2024-01-14 01:15:50.761038",900000.00
"2024-01-14 02:14:08.006206",10000.00
"2024-01-14 03:07:23.858176",18000.00
"2024-01-14 04:22:50.895871",170000.00
"2024-01-14 05:11:58.108541",54000.00
"2024-01-14 07:15:05.183182",12000.00
"2024-01-14 08:20:52.442245",72000.00
"2024-01-14 08:26:32.564138",10000.00
"2024-01-14 09:36:46.19165",5500.00
"2024-01-14 12:47:15.525714",170000.00
"2024-01-14 13:25:11.299039",45000.00
"2024-01-14 13:51:01.782045",135000.00
"2024-01-14 14:27:31.006413",135000.00
"2024-01-14 15:04:22.588907",16500.00
"2024-01-14 16:45:42.388799",15000.00
"2024-01-14 17:18:47.591904",10000.00
"2024-01-14 17:23:32.948416",85000.00
"2024-01-14 19:00:15.058601",6000.00
"2024-01-14 20:27:05.019568",12000.00
"2024-01-14 20:43:17.245712",54000.00
"2024-01-14 22:08:18.029752",36000.00
"2024-01-14 22:49:26.875109",18000.00
"2024-01-14 22:51:52.61058",180000.00
"2024-01-14 23:25:51.446421",27500.00
"2024-01-15 01:14:38.360795",45000.00
"2024-01-15 01:19:49.286666",1600000.00
"2024-01-15 01:54:20.260984",36000.00
"2024-01-15 03:03:47.199029",1600000.00
"2024-01-15 03:05:05.038721",1600000.00
"2024-01-15 03:25:14.861",12000.00
"2024-01-15 04:09:34.555633",135000.00
"2024-01-15 04:12:14.131446",170000.00
"2024-01-15 06:50:18.306485",30000.00
"2024-01-15 07:43:55.817201",5000.00
"2024-01-15 07:54:48.3402",72000.00
"2024-01-15 09:34:12.26263",16500.00
"2024-01-15 09:36:43.33325",45000.00
"2024-01-15 11:49:33.180065",45000.00
"2024-01-15 12:04:12.481625",2250000.00
"2024-01-15 16:28:38.03053",85000.00
"2024-01-15 16:45:54.509375",16500.00
"2024-01-15 17:05:22.459019",72000.00
"2024-01-15 18:15:54.386052",24000.00
"2024-01-15 20:36:55.90915",5500.00
"2024-01-15 21:08:16.81588",15000.00
"2024-01-15 21:55:59.445846",72000.00
"2024-01-16 01:14:32.318121",12500.00
"2024-01-16 02:00:15.475344",640000.00
"2024-01-16 04:27:11.733833",2500.00
"2024-01-16 04:43:09.388323",18000.00
"2024-01-16 05:07:22.438547",960000.00
"2024-01-16 08:52:24.93513",22000.00
"2024-01-16 09:57:10.128798",5000.00
"2024-01-16 15:11:03.744216",135000.00
"2024-01-16 15:20:38.05693",1800000.00
"2024-01-16 17:41:03.456717",640000.00
"2024-01-16 19:40:06.396809",72000.00
"2024-01-16 22:07:41.534983",5000.00
"2024-01-16 22:37:42.466607",12000.00
"2024-01-16 23:10:55.013989",45000.00
"2024-01-17 00:00:41.685206",18000.00
"2024-01-17 03:09:24.57986",255000.00
"2024-01-17 04:11:32.042057",1350000.00
"2024-01-17 04:58:28.402171",12500.00
"2024-01-17 05:12:52.309982",1350000.00
"2024-01-17 07:36:45.465804",12500.00
"2024-01-17 08:14:21.10999",11000.00
"2024-01-17 08:14:35.686632",1280000.00
"2024-01-17 09:03:32.764585",36000.00
"2024-01-17 09:13:58.440163",30000.00
"2024-01-17 10:25:24.254898",45000.00
"2024-01-17 10:40:09.039127",960000.00
"2024-01-17 13:05:52.021144",1800000.00
"2024-01-17 14:15:04.328115",7500.00
"2024-01-17 14:26:36.547283",15000.00
"2024-01-17 14:31:49.697734",1350000.00
"2024-01-17 15:27:37.374958",5000.00
"2024-01-17 16:08:18.014824",180000.00
"2024-01-17 19:44:52.836652",2250000.00
"2024-01-17 21:38:20.180064",12000.00
"2024-01-17 23:01:09.159187",2500.00
"2024-01-17 23:15:52.165322",1280000.00
"2024-01-18 01:05:32.401096",18000.00
"2024-01-18 01:31:51.667136",90000.00
"2024-01-18 02:04:13.421635",90000.00
"2024-01-18 03:36:10.598745",10000.00
"2024-01-18 06:00:12.873049",640000.00
"2024-01-18 12:56:07.917481",255000.00
"2024-01-18 15:01:28.374541",36000.00
"2024-01-18 16:58:40.58231",2500.00
"2024-01-18 18:49:16.141718",11000.00
"2024-01-18 19:32:48.847192",54000.00
"2024-01-18 21:46:18.340937",640000.00
"2024-01-19 00:54:56.591105",170000.00
"2024-01-19 02:35:24.376424",6000.00
"2024-01-19 04:42:53.466402",1800000.00
"2024-01-19 05:29:40.99581",12000.00
"2024-01-19 07:22:59.449397",12000.00
"2024-01-19 07:34:38.947512",30000.00
"2024-01-19 10:57:23.947908",25000.00
"2024-01-19 11:02:03.685457",10000.00
"2024-01-19 11:07:22.454348",6000.00
"2024-01-19 11:22:02.431294",16500.00
"2024-01-19 11:52:52.309884",5000.00
"2024-01-19 12:58:56.128812",960000.00
"2024-01-19 19:15:05.599594",18000.00
"2024-01-19 20:02:53.301546",90000.00
"2024-01-19 20:11:56.171266",18000.00
"2024-01-19 21:03:38.202409",27500.00
"2024-01-19 21:35:30.245478",180000.00
"2024-01-19 22:25:52.923019",450000.00
"2024-01-19 23:17:03.892896",6000.00
"2024-01-20 00:44:14.516612",16500.00
"2024-01-20 01:45:54.938442",1800000.00
"2024-01-20 02:22:59.980875",255000.00
"2024-01-20 02:42:50.739961",5500.00
"2024-01-20 03:29:24.161718",1350000.00
"2024-01-20 03:31:42.442239",18000.00
"2024-01-20 03:40:41.726311",180000.00
"2024-01-20 05:12:00.557385",12000.00
"2024-01-20 05:16:23.279635",7500.00
"2024-01-20 05:27:39.282644",12000.00
"2024-01-20 05:54:27.803493",90000.00
"2024-01-20 09:11:16.725269",54000.00
"2024-01-20 10:46:05.980397",6000.00
"2024-01-20 11:15:12.801953",11000.00
"2024-01-20 13:34:31.009521",450000.00
"2024-01-20 14:41:44.487908",425000.00
"2024-01-20 15:39:04.293972",12000.00
"2024-01-20 15:43:46.831188",12000.00
"2024-01-20 16:51:04.071155",12000.00
"2024-01-20 17:20:21.64656",72000.00
"2024-01-20 19:40:28.291417",18000.00
"2024-01-20 19:40:59.607296",90000.00
"2024-01-20 20:01:51.859158",45000.00
"2024-01-20 20:19:23.981152",135000.00
"2024-01-20 20:33:55.852838",320000.00
"2024-01-20 22:25:39.093979",18000.00
"2024-01-20 22:35:07.293709",6000.00
"2024-01-20 23:44:28.711912",1800000.00
"2024-01-21 00:00:55.347738",72000.00
"2024-01-21 00:19:00.639203",640000.00
"2024-01-21 01:47:49.075365",2250000.00
"2024-01-21 03:48:51.545135",180000.00
"2024-01-21 04:26:39.705819",30000.00
"2024-01-21 04:32:49.478389",960000.00
"2024-01-21 05:07:31.681314",2500.00
"2024-01-21 05:24:49.157108",320000.00
"2024-01-21 06:45:58.263371",90000.00
"2024-01-21 07:16:24.954292",72000.00
"2024-01-21 07:33:49.675548",22000.00
"2024-01-21 08:33:22.972651",18000.00
"2024-01-21 08:47:05.487203",135000.00
"2024-01-21 09:44:48.57654",170000.00
"2024-01-21 10:58:16.497237",90000.00
"2024-01-21 13:31:51.238455",18000.00
"2024-01-21 16:51:00.945323",18000.00
"2024-01-21 17:13:34.971515",10000.00
"2024-01-21 18:09:05.242098",425000.00
"2024-01-21 18:26:32.054986",18000.00
"2024-01-21 18:30:55.64037",1280000.00
"2024-01-21 19:01:48.106213",1280000.00
"2024-01-21 20:18:46.021885",30000.00
"2024-01-21 21:09:13.142559",90000.00
"2024-01-21 22:46:16.030574",5000.00
"2024-01-21 23:19:34.896329",225000.00
"2024-01-22 01:17:51.380619",900000.00
"2024-01-22 05:36:57.59471",1280000.00
"2024-01-22 05:50:54.343083",255000.00
"2024-01-22 06:04:20.726635",640000.00
"2024-01-22 06:14:24.169861",54000.00
"2024-01-22 09:02:03.859953",450000.00
"2024-01-22 09:59:07.860436",90000.00
"2024-01-22 12:13:49.488316",11000.00
"2024-01-22 12:59:29.865192",25000.00
"2024-01-22 13:19:17.941884",425000.00
"2024-01-22 14:56:44.491239",90000.00
"2024-01-22 16:49:57.795201",7500.00
"2024-01-22 20:43:35.303802",30000.00
"2024-01-22 20:57:48.885214",225000.00
"2024-01-22 20:58:29.157143",255000.00
"2024-01-22 21:07:17.737786",12000.00
"2024-01-22 22:48:37.40866",18000.00
"2024-01-22 22:50:24.885552",6000.00
"2024-01-22 22:54:01.693349",27500.00
"2024-01-22 23:44:15.801763",1280000.00
"2024-01-23 01:41:32.476781",255000.00
"2024-01-23 01:51:50.493618",30000.00
"2024-01-23 02:11:30.758634",1350000.00
"2024-01-23 03:47:04.426555",425000.00
"2024-01-23 07:20:27.261001",135000.00
"2024-01-23 07:45:11.15143",425000.00
"2024-01-23 09:52:39.081073",12000.00
"2024-01-23 11:22:34.475495",135000.00
"2024-01-23 12:10:45.205033",24000.00
"2024-01-23 13:19:23.633822",640000.00
"2024-01-23 14:26:37.086736",22000.00
"2024-01-23 14:30:52.961803",340000.00
"2024-01-23 16:25:00.8456",180000.00
"2024-01-23 17:23:38.554887",340000.00
"2024-01-23 17:23:38.628009",10000.00
"2024-01-23 18:15:27.322404",10000.00
"2024-01-23 18:46:35.21738",85000.00
"2024-01-23 20:11:48.130263",30000.00
"2024-01-23 20:59:51.323176",25000.00
"2024-01-23 21:24:21.977763",36000.00
"2024-01-23 22:36:16.691856",24000.00
"2024-01-24 00:13:35.941413",320000.00
"2024-01-24 01:02:07.979909",640000.00
"2024-01-24 01:26:07.750251",255000.00
"2024-01-24 01:42:30.592665",16500.00
"2024-01-24 02:59:11.006428",5500.00
"2024-01-24 06:04:16.508363",170000.00
"2024-01-24 06:31:13.772836",24000.00
"2024-01-24 06:32:50.956223",85000.00
"2024-01-24 08:08:05.67573",90000.00
"2024-01-24 08:14:31.591201",11000.00
"2024-01-24 10:23:20.820671",18000.00
"2024-01-24 10:37:26.105615",45000.00
"2024-01-24 11:57:33.729751",11000.00
"2024-01-24 14:58:19.483249",12500.00
"2024-01-24 15:38:58.450159",180000.00
"2024-01-24 18:03:07.606303",900000.00
"2024-01-24 19:18:40.178204",10000.00
"2024-01-24 20:33:28.808045",72000.00
"2024-01-24 22:27:05.562934",425000.00
"2024-01-25 00:00:07.571417",5000.00
"2024-01-25 01:04:08.78003",255000.00
"2024-01-25 03:13:49.253242",5500.00
"2024-01-25 05:40:29.720988",450000.00
"2024-01-25 06:40:22.650089",5500.00
"2024-01-25 07:46:45.195147",11000.00
"2024-01-25 07:51:36.845097",6000.00
"2024-01-25 08:15:35.466445",10000.00
"2024-01-25 09:11:52.597194",340000.00
"2024-01-25 10:53:57.158972",170000.00
"2024-01-25 11:00:34.085061",450000.00
"2024-01-25 12:30:01.266709",180000.00
"2024-01-25 18:27:12.616167",24000.00
"2024-01-25 19:17:51.583075",54000.00
"2024-01-25 19:27:00.635767",16500.00
"2024-01-25 20:00:35.318223",18000.00
"2024-01-25 22:08:36.264157",12000.00
"2024-01-25 23:09:58.430983",1800000.00
"2024-01-25 23:15:14.99776",425000.00
"2024-01-26 00:30:40.237715",24000.00
"2024-01-26 02:29:55.944576",20000.00
"2024-01-26 04:14:36.318217",1280000.00
"2024-01-26 06:06:17.915348",2250000.00
"2024-01-26 06:37:11.823295",5500.00
"2024-01-26 08:11:42.273146",10000.00
"2024-01-26 08:42:32.884127",72000.00
"2024-01-26 10:59:46.780578",255000.00
"2024-01-26 11:33:07.80121",72000.00
"2024-01-26 11:56:30.238353",1280000.00
"2024-01-26 11:57:07.41378",18000.00
"2024-01-26 12:17:04.14021",5000.00
"2024-01-26 12:26:30.18511",5500.00
"2024-01-26 12:50:23.39642",450000.00
"2024-01-26 12:56:28.781995",2500.00
"2024-01-26 21:02:17.392479",225000.00
"2024-01-26 23:19:40.997917",90000.00
"2024-01-26 23:51:58.300476",180000.00
"2024-01-27 00:53:37.889917",90000.00
"2024-01-27 02:28:46.30239",180000.00
"2024-01-27 07:58:29.185381",10000.00
"2024-01-27 12:41:44.846602",640000.00
"2024-01-27 14:07:32.824638",900000.00
"2024-01-27 15:56:45.729279",90000.00
"2024-01-27 17:08:57.096438",90000.00
"2024-01-27 18:01:44.698427",320000.00
"2024-01-27 20:13:37.897605",5500.00
"2024-01-27 21:18:27.065472",22000.00
"2024-01-27 21:59:45.627561",12000.00
"2024-01-27 22:01:24.819744",90000.00
"2024-01-27 22:19:33.681329",12500.00
"2024-01-27 23:00:07.66034",18000.00
"2024-01-27 23:00:09.330829",425000.00
"2024-01-27 23:18:01.955874",10000.00
"2024-01-27 23:33:59.086022",320000.00
"2024-01-28 02:27:23.073181",15000.00
"2024-01-28 04:48:08.955912",5000.00
"2024-01-28 06:06:02.223356",72000.00
"2024-01-28 07:22:44.201125",225000.00
"2024-01-28 07:40:39.574116",900000.00
"2024-01-28 08:30:11.579188",27500.00
"2024-01-28 09:46:56.55934",90000.00
"2024-01-28 10:43:10.601922",1280000.00
"2024-01-28 11:32:29.660488",10000.00
"2024-01-28 11:46:48.442608",225000.00
"2024-01-28 13:45:10.925698",16500.00
"2024-01-28 14:20:42.689163",900000.00
"2024-01-28 16:47:51.52734",5000.00
"2024-01-28 19:02:41.453858",30000.00
"2024-01-28 21:17:54.345798",1350000.00
"2024-01-28 21:27:06.438821",18000.00
"2024-01-29 01:19:01.109227",255000.00
"2024-01-29 02:23:50.834897",960000.00
"2024-01-29 05:11:16.052499",10000.00
"2024-01-29 06:14:35.129097",90000.00
"2024-01-29 06:27:51.524741",5500.00
"2024-01-29 10:04:35.289788",255000.00
"2024-01-29 10:15:27.431926",10000.00
"2024-01-29 10:21:56.523802",135000.00
"2024-01-29 13:13:13.961081",72000.00
"2024-01-29 13:22:09.287434",5000.00
"2024-01-29 13:26:21.384303",2500.00
"2024-01-29 13:46:14.205007",960000.00
"2024-01-29 15:02:40.254498",320000.00
"2024-01-29 15:53:06.305464",960000.00
"2024-01-29 20:03:31.933432",18000.00
"2024-01-29 21:34:52.605337",5000.00
"2024-01-29 21:48:34.298203",225000.00
"2024-01-30 01:57:42.156999",85000.00
"2024-01-30 02:04:52.131659",425000.00
"2024-01-30 02:10:21.28916",16500.00
"2024-01-30 02:25:59.581546",1280000.00
"2024-01-30 02:26:34.69197",5000.00
"2024-01-30 03:47:23.857379",900000.00
"2024-01-30 04:49:44.799771",27500.00
"2024-01-30 06:12:43.91864",5000.00
"2024-01-30 06:48:00.532191",18000.00
"2024-01-30 06:58:34.366929",12000.00
"2024-01-30 09:37:45.686579",12500.00
"2024-01-30 10:20:42.79689",24000.00
"2024-01-30 10:55:08.103554",5000.00
"2024-01-30 15:33:11.068423",5500.00
"2024-01-30 18:21:15.873203",135000.00
"2024-01-30 18:56:31.864243",170000.00
"2024-01-30 20:23:53.04935",36000.00
"2024-01-30 20:48:03.886911",90000.00
"2024-01-30 22:05:18.915811",1280000.00
"2024-01-30 22:41:43.507838",36000.00
"2024-01-30 22:57:45.549917",340000.00
"2024-01-30 23:46:08.265078",900000.00
"2024-01-31 00:48:34.247285",320000.00
"2024-01-31 02:09:51.342071",960000.00
"2024-01-31 02:41:35.662858",24000.00
"2024-01-31 03:08:23.168545",45000.00
"2024-01-31 03:48:18.112938",6000.00
"2024-01-31 04:41:18.623154",36000.00
"2024-01-31 05:07:18.464084",16500.00
"2024-01-31 06:09:49.676729",5500.00
"2024-01-31 08:58:21.606219",10000.00
"2024-01-31 12:35:11.081079",225000.00
"2024-01-31 18:03:40.670517",54000.00
"2024-01-31 19:19:01.197019",90000.00
"2024-01-31 19:22:01.625318",1800000.00
"2024-01-31 20:20:38.791251",5000.00
"2024-01-31 21:19:08.860442",18000.00
"2024-01-31 21:49:45.335477",1280000.00
"2024-01-31 21:52:17.309519",450000.00
"2024-01-31 22:35:04.026225",85000.00
"2024-01-31 22:36:21.734358",5000.00
"2024-01-31 23:29:51.46963",30000.00
"2024-02-01 00:55:26.661112",72000.00
"2024-02-01 01:32:39.741734",25000.00
"2024-02-01 01:40:28.175017",320000.00
"2024-02-01 02:21:00.082516",6000.00
"2024-02-01 02:36:06.631524",6000.00
"2024-02-01 05:30:50.693552",30000.00
"2024-02-01 06:22:35.509177",2250000.00
"2024-02-01 08:14:15.844428",11000.00
"2024-02-01 10:01:50.549619",85000.00
"2024-02-01 10:11:56.079039",11000.00
"2024-02-01 10:29:46.921644",450000.00
"2024-02-01 10:47:46.17153",11000.00
"2024-02-01 11:28:49.462653",960000.00
"2024-02-01 14:11:34.103345",90000.00
"2024-02-01 14:41:14.371363",10000.00
"2024-02-01 14:59:17.037175",255000.00
"2024-02-01 15:05:06.608202",54000.00
"2024-02-01 16:54:09.432682",5000.00
"2024-02-01 17:41:44.440158",135000.00
"2024-02-01 17:58:53.813311",425000.00
"2024-02-01 19:18:06.662589",5500.00
"2024-02-01 19:29:09.572129",340000.00
"2024-02-01 19:56:42.362904",255000.00
"2024-02-01 20:32:34.027721",20000.00
"2024-02-01 22:22:56.985743",27500.00
"2024-02-02 00:55:58.580827",24000.00
"2024-02-02 02:57:33.4506",255000.00
"2024-02-02 02:59:43.064936",30000.00
"2024-02-02 07:17:03.226166",24000.00
"2024-02-02 07:27:00.481161",30000.00
"2024-02-02 08:44:44.995642",640000.00
"2024-02-02 12:48:47.690202",11000.00
"2024-02-02 13:06:12.12916",640000.00
"2024-02-02 13:19:39.081796",45000.00
"2024-02-02 13:28:20.599904",24000.00
"2024-02-02 13:38:54.708234",170000.00
"2024-02-02 14:08:57.040358",2500.00
"2024-02-02 15:28:41.66885",11000.00
"2024-02-02 15:46:40.621348",5000.00
"2024-02-02 17:57:49.620896",25000.00
"2024-02-02 18:13:10.87839",24000.00
"2024-02-02 20:11:43.244421",5000.00
"2024-02-02 21:27:11.74246",320000.00
"2024-02-02 21:52:21.135944",1350000.00
"2024-02-02 22:11:33.100018",180000.00
"2024-02-02 22:22:36.110481",320000.00
"2024-02-02 22:38:33.916448",12500.00
"2024-02-02 23:14:16.707045",18000.00
"2024-02-03 02:26:06.311536",10000.00
"2024-02-03 03:15:42.310603",1600000.00
"2024-02-03 03:34:02.834624",6000.00
"2024-02-03 06:09:16.931777",12000.00
"2024-02-03 06:36:23.587171",225000.00
"2024-02-03 09:15:43.183705",340000.00
"2024-02-03 09:20:14.330412",16500.00
"2024-02-03 12:09:50.715851",12500.00
"2024-02-03 12:21:13.48895",20000.00
"2024-02-03 12:29:12.645811",1800000.00
"2024-02-03 12:59:21.416448",12000.00
"2024-02-03 13:31:07.246155",20000.00
"2024-02-03 13:35:00.046781",135000.00
"2024-02-03 15:02:24.0062",5500.00
"2024-02-03 15:10:01.893407",1800000.00
"2024-02-03 15:20:47.105059",320000.00
"2024-02-03 16:04:18.204783",10000.00
"2024-02-03 19:59:53.844113",320000.00
"2024-02-03 22:37:00.031633",20000.00
"2024-02-03 23:01:19.696379",1280000.00
"2024-02-03 23:04:30.503914",340000.00
"2024-02-04 00:08:24.080911",12500.00
"2024-02-04 00:11:07.377564",2500.00
"2024-02-04 00:34:20.055276",180000.00
"2024-02-04 02:00:33.213987",1600000.00
"2024-02-04 03:11:05.917697",960000.00
"2024-02-04 04:11:30.929076",54000.00
"2024-02-04 07:17:32.082429",5000.00
"2024-02-04 07:51:03.822203",22000.00
"2024-02-04 09:21:41.273799",54000.00
"2024-02-04 10:34:25.859493",640000.00
"2024-02-04 10:51:32.310793",11000.00
"2024-02-04 11:42:58.439657",1350000.00
"2024-02-04 11:56:01.084822",18000.00
"2024-02-04 12:27:12.99303",6000.00
"2024-02-04 13:37:51.653225",12500.00
"2024-02-04 13:48:09.524185",1600000.00
"2024-02-04 14:59:20.939785",135000.00
"2024-02-04 15:38:37.384999",2250000.00
"2024-02-04 17:19:55.334793",18000.00
"2024-02-04 18:33:20.663384",20000.00
"2024-02-04 20:42:54.527703",27500.00
"2024-02-04 21:46:25.723366",450000.00
"2024-02-04 23:29:55.243314",24000.00
"2024-02-05 04:22:11.952896",27500.00
"2024-02-05 05:44:52.647439",90000.00
"2024-02-05 08:52:02.273578",6000.00
"2024-02-05 09:03:22.230392",5000.00
"2024-02-05 10:09:32.100879",5000.00
"2024-02-05 11:03:25.392708",25000.00
"2024-02-05 11:13:12.801109",225000.00
"2024-02-05 11:23:40.055557",1280000.00
"2024-02-05 11:35:08.864093",7500.00
"2024-02-05 12:27:25.980823",11000.00
"2024-02-05 13:29:22.888243",30000.00
"2024-02-05 13:48:05.790578",225000.00
"2024-02-05 13:51:50.49316",7500.00
"2024-02-05 20:18:02.208747",255000.00
"2024-02-05 21:06:40.313923",45000.00
"2024-02-05 21:57:26.126321",24000.00
"2024-02-06 00:15:05.669115",1600000.00
"2024-02-06 01:29:55.743638",6000.00
"2024-02-06 01:57:03.401646",960000.00
"2024-02-06 02:16:06.670678",36000.00
"2024-02-06 03:14:43.959428",2250000.00
"2024-02-06 04:02:22.477139",85000.00
"2024-02-06 04:08:01.103882",450000.00
"2024-02-06 04:28:13.4994",960000.00
"2024-02-06 04:42:04.693155",18000.00
"2024-02-06 04:50:38.788046",1600000.00
"2024-02-06 09:19:55.352982",45000.00
"2024-02-06 10:51:15.653863",450000.00
"2024-02-06 11:33:27.670937",425000.00
"2024-02-06 13:25:53.651812",450000.00
"2024-02-06 13:43:00.265944",18000.00
"2024-02-06 15:55:25.874061",2250000.00
"2024-02-06 15:59:48.469792",170000.00
"2024-02-06 16:10:35.074856",960000.00
"2024-02-06 16:18:49.578541",5000.00
"2024-02-06 17:24:41.620923",900000.00
"2024-02-06 18:02:21.684863",170000.00
"2024-02-06 18:53:51.134324",340000.00
"2024-02-06 20:20:31.138814",5500.00
"2024-02-06 23:40:09.616745",960000.00
"2024-02-07 00:35:26.327266",7500.00
"2024-02-07 01:07:15.17394",6000.00
"2024-02-07 01:38:23.438691",22000.00
"2024-02-07 01:43:10.430352",225000.00
"2024-02-07 02:03:17.275699",90000.00
"2024-02-07 02:59:14.083998",85000.00
"2024-02-07 03:11:03.779718",7500.00
"2024-02-07 04:44:18.856375",2250000.00
"2024-02-07 07:31:08.980359",7500.00
"2024-02-07 07:42:58.541071",340000.00
"2024-02-07 08:09:45.525299",45000.00
"2024-02-07 09:30:14.450819",6000.00
"2024-02-07 09:45:41.020683",18000.00
"2024-02-07 10:56:59.26301",10000.00
"2024-02-07 13:05:20.585681",2250000.00
"2024-02-07 13:56:12.828397",24000.00
"2024-02-07 16:16:11.017653",85000.00
"2024-02-07 16:23:39.975421",12500.00
"2024-02-07 16:47:21.395237",225000.00
"2024-02-07 16:48:31.97573",22000.00
"2024-02-07 16:51:18.765381",11000.00
"2024-02-07 17:26:27.243556",20000.00
"2024-02-07 18:02:04.345206",90000.00
"2024-02-07 19:36:02.019845",85000.00
"2024-02-07 19:55:49.925505",170000.00
"2024-02-07 20:50:49.537954",25000.00
"2024-02-07 21:19:24.449426",18000.00
"2024-02-07 22:56:36.409475",90000.00
"2024-02-07 23:17:21.362643",1800000.00
"2024-02-08 00:47:26.828978",1350000.00
"2024-02-08 00:49:41.486724",18000.00
"2024-02-08 04:03:41.686516",11000.00
"2024-02-08 05:20:35.979545",5000.00
"2024-02-08 05:22:44.391654",15000.00
"2024-02-08 05:35:32.910037",22000.00
"2024-02-08 05:36:21.960111",18000.00
"2024-02-08 05:39:03.578348",5000.00
"2024-02-08 05:51:15.725139",20000.00
"2024-02-08 06:10:28.801118",450000.00
"2024-02-08 06:41:49.487434",320000.00
"2024-02-08 06:55:00.299667",5500.00
"2024-02-08 08:58:56.997946",85000.00
"2024-02-08 09:19:32.871065",2500.00
"2024-02-08 09:26:25.564616",2250000.00
"2024-02-08 09:48:22.195058",5000.00
"2024-02-08 09:56:09.496462",12500.00
"2024-02-08 11:53:41.775528",11000.00
"2024-02-08 11:58:32.44465",15000.00
"2024-02-08 12:11:06.116092",1280000.00
"2024-02-08 13:04:15.0681",27500.00
"2024-02-08 14:11:44.491546",45000.00
"2024-02-08 15:26:56.723716",72000.00
"2024-02-08 17:32:50.851904",27500.00
"2024-02-08 17:40:43.172606",18000.00
"2024-02-08 19:46:06.698158",640000.00
"2024-02-08 22:14:21.709757",5000.00
"2024-02-08 22:30:03.337584",1600000.00
"2024-02-09 00:02:20.471446",22000.00
"2024-02-09 00:13:22.040886",90000.00
"2024-02-09 00:53:00.671585",54000.00
"2024-02-09 01:09:03.43991",135000.00
"2024-02-09 01:47:26.444862",1600000.00
"2024-02-09 04:09:14.994332",5500.00
"2024-02-09 05:38:18.994956",18000.00
"2024-02-09 06:29:38.378925",5000.00
"2024-02-09 06:54:39.780602",180000.00
"2024-02-09 07:08:20.003526",5000.00
"2024-02-09 07:47:41.937081",1280000.00
"2024-02-09 09:39:13.640646",225000.00
"2024-02-09 09:54:51.755337",24000.00
"2024-02-09 10:03:03.389635",5500.00
"2024-02-09 11:10:51.008872",450000.00
"2024-02-09 12:39:04.773357",72000.00
"2024-02-09 14:23:42.312382",12500.00
"2024-02-09 14:24:39.637436",5500.00
"2024-02-09 15:17:50.923102",960000.00
"2024-02-09 16:17:49.505579",18000.00
"2024-02-09 16:44:23.089441",6000.00
"2024-02-09 16:53:48.667477",24000.00
"2024-02-09 16:56:05.325591",10000.00
"2024-02-09 18:28:26.195445",180000.00
"2024-02-09 19:20:48.096672",45000.00
"2024-02-09 19:26:20.688241",85000.00
"2024-02-09 20:33:24.745114",72000.00
"2024-02-09 20:38:26.926335",5000.00
"2024-02-09 21:44:33.617991",5500.00
"2024-02-09 21:46:39.837547",5500.00
"2024-02-09 22:27:20.442632",20000.00
"2024-02-09 23:46:15.638519",960000.00
"2024-02-10 00:40:10.500752",6000.00
"2024-02-10 01:50:47.429507",1600000.00
"2024-02-10 02:57:52.584433",640000.00
"2024-02-10 06:51:29.633833",1280000.00
"2024-02-10 07:26:20.915949",11000.00
"2024-02-10 07:44:09.634736",10000.00
"2024-02-10 07:56:40.679093",225000.00
"2024-02-10 08:21:43.870608",16500.00
"2024-02-10 09:37:50.27991",225000.00
"2024-02-10 09:51:35.08383",72000.00
"2024-02-10 10:35:31.891473",18000.00
"2024-02-10 12:00:57.555767",12500.00
"2024-02-10 15:23:39.634391",27500.00
"2024-02-10 16:03:06.572608",5500.00
"2024-02-10 17:07:19.889095",640000.00
"2024-02-10 17:36:46.666253",450000.00
"2024-02-10 17:41:40.609716",18000.00
"2024-02-10 17:56:27.061042",135000.00
"2024-02-10 19:26:52.783389",225000.00
"2024-02-10 22:35:35.657567",85000.00
"2024-02-11 02:09:19.291231",640000.00
"2024-02-11 02:20:34.131483",90000.00
"2024-02-11 02:24:45.72629",450000.00
"2024-02-11 04:08:17.54845",5500.00
"2024-02-11 04:37:12.363684",12500.00
"2024-02-11 05:37:42.844966",900000.00
"2024-02-11 06:04:36.956835",72000.00
"2024-02-11 11:56:44.367966",135000.00
"2024-02-11 11:59:16.865164",135000.00
"2024-02-11 13:15:12.887518",225000.00
"2024-02-11 16:02:47.031725",30000.00
"2024-02-11 18:41:13.688805",24000.00
"2024-02-11 18:46:29.286097",15000.00
"2024-02-11 19:49:31.661629",1600000.00
"2024-02-11 19:51:13.615338",225000.00
"2024-02-11 19:53:15.643323",450000.00
"2024-02-12 00:12:16.854887",18000.00
"2024-02-12 00:20:20.548543",135000.00
"2024-02-12 00:21:59.745362",15000.00
"2024-02-12 00:23:53.811791",18000.00
"2024-02-12 01:30:49.584253",5000.00
"2024-02-12 05:35:20.255052",11000.00
"2024-02-12 07:20:18.141392",170000.00
"2024-02-12 08:55:44.692656",2250000.00
"2024-02-12 09:05:46.098938",170000.00
"2024-02-12 09:26:00.678309",425000.00
"2024-02-12 12:07:47.990841",22000.00
"2024-02-12 12:08:53.354879",640000.00
"2024-02-12 12:23:54.338657",225000.00
"2024-02-12 12:43:45.528305",1800000.00
"2024-02-12 12:52:48.309429",2500.00
"2024-02-12 13:05:30.119228",320000.00
"2024-02-12 14:12:32.774647",5000.00
"2024-02-12 14:43:27.709203",18000.00
"2024-02-12 15:09:38.176555",640000.00
"2024-02-12 15:37:00.038986",2250000.00
"2024-02-12 15:41:33.588176",25000.00
"2024-02-12 15:47:29.978592",12500.00
"2024-02-12 17:08:52.52902",18000.00
"2024-02-12 18:49:26.447717",340000.00
"2024-02-12 20:23:52.799575",135000.00
"2024-02-12 22:06:20.924752",170000.00
"2024-02-13 00:54:04.918492",1350000.00
"2024-02-13 01:09:28.011248",1350000.00
"2024-02-13 02:20:20.001183",12500.00
"2024-02-13 03:30:13.876394",1350000.00
"2024-02-13 04:19:51.091416",170000.00
"2024-02-13 05:34:15.348656",36000.00
"2024-02-13 06:05:31.561191",72000.00
"2024-02-13 07:36:38.919145",7500.00
"2024-02-13 08:06:01.742926",24000.00
"2024-02-13 09:15:14.065542",320000.00
"2024-02-13 11:24:20.058599",180000.00
"2024-02-13 11:42:25.64764",180000.00
"2024-02-13 13:20:06.909329",20000.00
"2024-02-13 14:03:27.988419",900000.00
"2024-02-13 15:00:49.317641",45000.00
"2024-02-13 19:58:56.146993",24000.00
"2024-02-13 20:12:49.037544",24000.00
"2024-02-13 20:45:30.511239",10000.00
"2024-02-13 22:10:34.376106",90000.00
"2024-02-13 22:30:08.483448",425000.00
"2024-02-14 01:19:11.961447",27500.00
"2024-02-14 01:31:32.630749",30000.00
"2024-02-14 02:01:00.60673",27500.00
"2024-02-14 03:31:10.488557",12500.00
"2024-02-14 04:06:39.486698",450000.00
"2024-02-14 04:18:32.179219",10000.00
"2024-02-14 04:43:46.760701",85000.00
"2024-02-14 06:22:31.925686",255000.00
"2024-02-14 06:46:56.527411",900000.00
"2024-02-14 07:01:51.492701",255000.00
"2024-02-14 09:48:16.50432",10000.00
"2024-02-14 10:10:25.272004",170000.00
"2024-02-14 13:35:10.410062",22000.00
"2024-02-14 17:55:29.265228",27500.00
"2024-02-14 18:16:33.981398",30000.00
"2024-02-14 18:46:20.801283",25000.00
"2024-02-14 18:52:12.199512",85000.00
"2024-02-14 19:04:48.018875",72000.00
"2024-02-14 19:46:13.709346",10000.00
"2024-02-14 20:52:11.014742",36000.00
"2024-02-14 21:58:50.387718",6000.00
"2024-02-14 22:06:28.302613",2250000.00
"2024-02-14 22:08:01.781276",85000.00
"2024-02-14 22:38:00.494536",24000.00
"2024-02-14 23:34:14.432452",180000.00
"2024-02-15 01:14:06.232688",12000.00
"2024-02-15 02:28:04.793296",90000.00
"2024-02-15 02:34:27.51472",255000.00
"2024-02-15 02:39:42.762729",425000.00
"2024-02-15 05:41:02.885738",12000.00
"2024-02-15 05:56:04.744054",1600000.00
"2024-02-15 06:54:10.650574",27500.00
"2024-02-15 07:44:07.820363",24000.00
"2024-02-15 11:58:16.451849",20000.00
"2024-02-15 12:27:51.605283",10000.00
"2024-02-15 12:38:43.796151",12000.00
"2024-02-15 14:08:46.120981",12000.00
"2024-02-15 15:12:50.038234",18000.00
"2024-02-15 16:45:58.430312",45000.00
"2024-02-15 16:55:03.861197",15000.00
"2024-02-15 18:00:30.095286",22000.00
"2024-02-15 18:49:53.828008",36000.00
"2024-02-15 18:56:00.734986",450000.00
"2024-02-15 20:35:06.380658",1800000.00
"2024-02-15 21:24:11.105137",5000.00
"2024-02-16 00:18:25.896262",12500.00
"2024-02-16 00:49:19.285997",7500.00
"2024-02-16 01:50:04.17741",425000.00
"2024-02-16 01:57:11.043758",5000.00
"2024-02-16 02:38:06.579205",5000.00
"2024-02-16 03:37:42.993604",1800000.00
"2024-02-16 03:38:09.524612",1800000.00
"2024-02-16 04:23:45.89151",1800000.00
"2024-02-16 05:08:18.984641",450000.00
"2024-02-16 06:22:03.955232",5500.00
"2024-02-16 07:05:45.982598",15000.00
"2024-02-16 07:54:03.17055",11000.00
"2024-02-16 07:54:03.414332",1350000.00
"2024-02-16 11:23:40.544729",2250000.00
"2024-02-16 11:27:24.080253",16500.00
"2024-02-16 11:35:50.853612",12000.00
"2024-02-16 11:39:35.878422",10000.00
"2024-02-16 12:03:35.476514",1800000.00
"2024-02-16 13:17:19.431157",90000.00
"2024-02-16 15:13:51.582972",27500.00
"2024-02-16 16:24:14.17325",2250000.00
"2024-02-16 17:01:54.312502",1600000.00
"2024-02-16 18:19:08.329721",25000.00
"2024-02-16 18:22:44.273795",225000.00
"2024-02-16 19:56:44.182875",54000.00
"2024-02-16 21:35:31.575789",85000.00
"2024-02-16 22:01:47.347821",7500.00
"2024-02-16 22:43:02.275223",450000.00
"2024-02-16 23:12:53.636817",5500.00
"2024-02-17 01:49:28.888333",27500.00
"2024-02-17 02:53:53.857452",54000.00
"2024-02-17 03:26:08.417178",5000.00
"2024-02-17 03:38:26.045323",54000.00
"2024-02-17 03:41:03.165439",27500.00
"2024-02-17 03:59:03.360502",90000.00
"2024-02-17 05:16:35.322641",425000.00
"2024-02-17 05:53:21.08885",72000.00
"2024-02-17 06:11:45.5146",5500.00
"2024-02-17 06:38:54.590647",24000.00
"2024-02-17 07:04:50.80987",12000.00
"2024-02-17 07:33:54.213835",36000.00
"2024-02-17 08:18:14.485129",27500.00
"2024-02-17 08:49:47.494673",5000.00
"2024-02-17 09:34:03.540963",72000.00
"2024-02-17 10:59:38.502334",15000.00
"2024-02-17 17:05:03.67123",255000.00
"2024-02-17 17:36:32.579952",1350000.00
"2024-02-17 17:49:41.332851",135000.00
"2024-02-17 19:06:31.044379",24000.00
"2024-02-17 19:49:30.803658",340000.00
"2024-02-17 20:27:28.76271",90000.00
"2024-02-17 21:17:06.634707",85000.00
"2024-02-17 23:35:06.942305",425000.00
"2024-02-18 01:54:20.991956",27500.00
"2024-02-18 04:14:49.723752",255000.00
"2024-02-18 05:09:54.239568",24000.00
"2024-02-18 05:48:08.922081",15000.00
"2024-02-18 06:08:48.247903",2500.00
"2024-02-18 07:25:12.917444",2250000.00
"2024-02-18 08:17:36.445873",5000.00
"2024-02-18 09:37:48.64719",1800000.00
"2024-02-18 10:42:21.121083",135000.00
"2024-02-18 10:42:38.212923",960000.00
"2024-02-18 11:11:19.886402",90000.00
"2024-02-18 12:19:29.676963",25000.00
"2024-02-18 12:44:00.389063",22000.00
"2024-02-18 14:48:45.197147",5000.00
"2024-02-18 14:54:26.203896",36000.00
"2024-02-18 19:07:12.943156",72000.00
"2024-02-18 19:16:36.569859",12500.00
"2024-02-19 00:10:16.216269",170000.00
"2024-02-19 00:26:26.991186",18000.00
"2024-02-19 00:49:56.203602",2500.00
"2024-02-19 01:00:10.924329",22000.00
"2024-02-19 01:09:07.320414",5000.00
"2024-02-19 01:25:32.488034",15000.00
"2024-02-19 01:40:10.708592",54000.00
"2024-02-19 03:24:03.572475",10000.00
"2024-02-19 03:30:42.677812",11000.00
"2024-02-19 04:26:06.732686",12500.00
"2024-02-19 05:18:38.156666",135000.00
"2024-02-19 05:34:02.770442",90000.00
"2024-02-19 06:07:19.158347",1800000.00
"2024-02-19 08:00:39.04564",1350000.00
"2024-02-19 09:48:55.762014",16500.00
"2024-02-19 09:57:14.049792",640000.00
"2024-02-19 12:16:09.10371",170000.00
"2024-02-19 13:59:00.637812",45000.00
"2024-02-19 16:16:58.214941",15000.00
"2024-02-19 16:27:13.143584",5000.00
"2024-02-19 16:54:51.298755",18000.00
"2024-02-19 18:42:37.460259",72000.00
"2024-02-19 19:46:16.639444",1800000.00
"2024-02-19 22:23:53.225094",6000.00
"2024-02-19 22:51:58.099623",30000.00
"2024-02-19 23:22:52.888026",255000.00
"2024-02-20 00:45:36.215129",340000.00
"2024-02-20 01:16:33.706709",72000.00
"2024-02-20 02:16:32.191921",1600000.00
"2024-02-20 04:05:42.596884",225000.00
"2024-02-20 07:11:46.797833",22000.00
"2024-02-20 09:22:02.44836",11000.00
"2024-02-20 09:46:49.948914",90000.00
"2024-02-20 09:54:27.516188",54000.00
"2024-02-20 09:55:04.090054",18000.00
"2024-02-20 10:23:40.133948",27500.00
"2024-02-20 11:54:56.981856",18000.00
"2024-02-20 12:30:22.450073",170000.00
"2024-02-20 12:35:15.788889",90000.00
"2024-02-20 14:29:03.12518",12500.00
"2024-02-20 17:15:48.525041",45000.00
"2024-02-20 17:22:21.886409",340000.00
"2024-02-20 17:37:05.097051",640000.00
"2024-02-20 18:44:43.309466",2500.00
"2024-02-20 19:57:01.052726",54000.00
"2024-02-20 21:08:03.584035",2250000.00
"2024-02-20 22:14:10.673629",640000.00
"2024-02-21 01:09:12.17546",45000.00
"2024-02-21 02:15:47.183418",90000.00
"2024-02-21 03:18:10.534369",1350000.00
"2024-02-21 03:23:44.683477",30000.00
"2024-02-21 06:06:29.184002",320000.00
"2024-02-21 07:16:38.398789",90000.00
"2024-02-21 07:26:25.795944",90000.00
"2024-02-21 07:36:14.537568",6000.00
"2024-02-21 10:10:45.84265",450000.00
"2024-02-21 10:49:02.689203",1350000.00
"2024-02-21 12:56:19.221859",10000.00
"2024-02-21 13:23:18.490384",1800000.00
"2024-02-21 13:53:01.478651",10000.00
"2024-02-21 15:24:55.402083",12000.00
"2024-02-21 16:22:29.374731",15000.00
"2024-02-21 18:09:37.706274",30000.00
"2024-02-21 18:39:25.679092",1350000.00
"2024-02-21 18:48:13.926675",10000.00
"2024-02-21 19:29:57.763328",27500.00
"2024-02-21 19:49:21.285705",85000.00
"2024-02-21 21:35:51.154308",11000.00
"2024-02-21 21:37:10.19398",5500.00
"2024-02-21 22:55:13.628307",900000.00
"2024-02-22 01:20:12.375313",6000.00
"2024-02-22 02:11:11.95078",45000.00
"2024-02-22 04:37:45.123362",7500.00
"2024-02-22 10:18:15.003405",72000.00
"2024-02-22 11:37:27.039868",72000.00
"2024-02-22 11:48:06.849365",10000.00
"2024-02-22 14:01:38.01977",25000.00
"2024-02-22 14:24:55.287899",5000.00
"2024-02-22 16:31:03.242682",27500.00
"2024-02-22 17:25:51.485932",640000.00
"2024-02-22 17:31:44.206124",72000.00
"2024-02-22 17:36:44.729071",18000.00
"2024-02-22 19:31:18.603896",45000.00
"2024-02-22 20:32:55.235441",15000.00
"2024-02-22 23:58:15.895435",24000.00
"2024-02-23 01:23:05.864624",24000.00
"2024-02-23 02:16:59.028748",18000.00
"2024-02-23 03:21:30.375045",7500.00
"2024-02-23 06:16:47.855935",45000.00
"2024-02-23 06:54:18.174185",1350000.00
"2024-02-23 07:07:27.757943",425000.00
"2024-02-23 07:21:12.158127",25000.00
"2024-02-23 07:41:27.794477",5000.00
"2024-02-23 07:54:13.530806",24000.00
"2024-02-23 11:28:04.51991",5000.00
"2024-02-23 13:04:50.483345",15000.00
"2024-02-23 13:59:29.551565",11000.00
"2024-02-23 14:49:34.051439",90000.00
"2024-02-23 15:16:42.824538",1600000.00
"2024-02-23 15:55:57.556634",5000.00
"2024-02-23 16:17:21.858037",135000.00
"2024-02-23 17:00:53.052623",225000.00
"2024-02-23 17:12:48.956229",27500.00
"2024-02-23 18:22:03.067522",5000.00
"2024-02-23 20:32:34.306623",18000.00
"2024-02-23 20:52:47.944524",18000.00
"2024-02-23 22:25:01.710764",54000.00
"2024-02-24 05:28:14.219577",85000.00
"2024-02-24 06:00:05.851098",225000.00
"2024-02-24 07:43:57.038813",18000.00
"2024-02-24 09:23:14.937351",900000.00
"2024-02-24 09:28:06.049588",54000.00
"2024-02-24 11:42:53.192492",5000.00
"2024-02-24 12:11:36.739977",22000.00
"2024-02-24 17:09:03.733155",25000.00
"2024-02-24 18:39:59.213685",960000.00
"2024-02-24 21:57:02.48188",900000.00
"2024-02-24 22:07:55.067132",45000.00
"2024-02-24 23:52:59.153188",12500.00
"2024-02-25 03:01:03.358319",320000.00
"2024-02-25 03:08:14.435885",11000.00
"2024-02-25 09:17:31.802177",135000.00
"2024-02-25 12:58:15.591229",1280000.00
"2024-02-25 13:16:09.216302",340000.00
"2024-02-25 15:50:20.183719",18000.00
"2024-02-25 16:48:49.812247",900000.00
"2024-02-25 16:49:44.39345",900000.00
"2024-02-25 17:17:35.939041",85000.00
"2024-02-25 17:27:58.510379",1280000.00
"2024-02-25 19:06:00.453092",1350000.00
"2024-02-25 19:19:56.404519",72000.00
"2024-02-25 19:53:55.810932",12500.00
"2024-02-25 19:59:20.962713",450000.00
"2024-02-25 20:07:59.321272",6000.00
"2024-02-25 21:19:13.56614",45000.00
"2024-02-25 21:51:10.416405",10000.00
"2024-02-25 23:02:58.025727",2250000.00
"2024-02-25 23:36:48.776645",1280000.00
"2024-02-26 00:10:10.062181",2500.00
"2024-02-26 03:02:42.949654",2500.00
"2024-02-26 03:39:02.260157",2500.00
"2024-02-26 03:55:17.221545",25000.00
"2024-02-26 03:55:22.071425",1600000.00
"2024-02-26 04:49:35.431315",90000.00
"2024-02-26 06:34:26.228135",90000.00
"2024-02-26 06:34:33.419855",15000.00
"2024-02-26 07:45:53.74972",5000.00
"2024-02-26 08:37:31.872524",450000.00
"2024-02-26 09:03:53.92209",900000.00
"2024-02-26 09:36:33.105255",960000.00
"2024-02-26 10:07:58.579813",22000.00
"2024-02-26 10:22:47.684706",340000.00
"2024-02-26 11:44:07.357346",425000.00
"2024-02-26 12:23:44.212508",425000.00
"2024-02-26 13:43:46.52528",180000.00
"2024-02-26 15:35:55.107701",45000.00
"2024-02-26 17:47:34.638759",2250000.00
"2024-02-26 17:48:29.603191",36000.00
"2024-02-26 18:11:16.801328",255000.00
"2024-02-26 19:10:45.575629",960000.00
"2024-02-26 19:33:42.272373",900000.00
"2024-02-26 19:47:07.761107",5000.00
"2024-02-26 20:26:13.682561",170000.00
"2024-02-26 20:59:44.288347",12000.00
"2024-02-26 22:01:26.843965",90000.00
"2024-02-26 22:51:07.63931",425000.00
"2024-02-27 01:22:50.165011",135000.00
"2024-02-27 03:09:19.846359",180000.00
"2024-02-27 04:39:03.368172",1350000.00
"2024-02-27 06:14:13.331552",640000.00
"2024-02-27 07:22:24.463665",10000.00
"2024-02-27 07:27:15.597511",1600000.00
"2024-02-27 07:44:03.636504",36000.00
"2024-02-27 09:30:40.492188",18000.00
"2024-02-27 10:34:48.060285",640000.00
"2024-02-27 11:21:17.391501",960000.00
"2024-02-27 11:31:24.739113",16500.00
"2024-02-27 12:07:31.121685",180000.00
"2024-02-27 12:10:35.585633",340000.00
"2024-02-27 12:15:27.975926",18000.00
"2024-02-27 12:29:58.953889",85000.00
"2024-02-27 13:28:45.269332",255000.00
"2024-02-27 13:46:54.371306",7500.00
"2024-02-27 13:55:37.268706",960000.00
"2024-02-27 14:35:26.220634",11000.00
"2024-02-27 15:12:11.648534",1280000.00
"2024-02-27 16:21:06.7394",5000.00
"2024-02-27 19:01:59.740156",425000.00
"2024-02-27 19:21:53.759731",340000.00
"2024-02-27 22:31:11.048901",5500.00
"2024-02-27 22:34:48.075302",450000.00
"2024-02-28 01:41:51.557805",640000.00
"2024-02-28 03:10:07.705898",18000.00
"2024-02-28 03:21:22.09223",6000.00
"2024-02-28 04:56:21.946502",11000.00
"2024-02-28 05:52:04.248819",16500.00
"2024-02-28 06:30:36.795003",450000.00
"2024-02-28 06:30:38.541734",12500.00
"2024-02-28 06:55:21.118912",5000.00
"2024-02-28 11:54:00.53824",36000.00
"2024-02-28 14:13:54.515037",22000.00
"2024-02-28 16:31:26.316033",170000.00
"2024-02-28 19:13:59.005729",12000.00
"2024-02-28 20:13:28.001195",1350000.00
"2024-02-28 20:52:22.575589",1600000.00
"2024-02-28 20:56:48.417211",25000.00
"2024-02-28 21:10:23.397634",5000.00
"2024-02-28 21:58:28.694344",2250000.00
"2024-02-28 23:14:33.66379",11000.00
"2024-02-28 23:23:58.222901",36000.00
"2024-02-29 01:02:28.416616",72000.00
"2024-02-29 02:22:04.405533",11000.00
"2024-02-29 02:31:36.255968",25000.00
"2024-02-29 02:48:30.127849",12500.00
"2024-02-29 03:55:31.60292",180000.00
"2024-02-29 04:55:01.969718",320000.00
"2024-02-29 05:00:07.525111",18000.00
"2024-02-29 05:48:15.012871",1350000.00
"2024-02-29 06:17:32.674444",15000.00
"2024-02-29 08:30:10.703696",7500.00
"2024-02-29 09:05:09.004464",27500.00
"2024-02-29 10:32:30.904613",5000.00
"2024-02-29 10:33:47.636151",1350000.00
"2024-02-29 14:07:13.948086",10000.00
"2024-02-29 15:24:30.486409",10000.00
"2024-02-29 15:25:18.934973",6000.00
"2024-02-29 17:42:19.003419",425000.00
"2024-02-29 18:15:00.694055",425000.00
"2024-02-29 19:26:33.603097",90000.00
"2024-02-29 19:57:43.370325",5000.00
"2024-02-29 21:09:16.441282",5000.00
"2024-02-29 22:08:47.749777",45000.00
"2024-02-29 22:47:42.194146",225000.00
"2024-02-29 22:59:56.662148",425000.00
"2024-02-29 23:01:43.851114",30000.00
"2024-02-29 23:12:07.154865",5000.00
"2024-03-01 01:25:42.946515",1280000.00
"2024-03-01 01:43:41.399547",10000.00
"2024-03-01 01:46:58.873069",900000.00
"2024-03-01 02:36:36.042513",5000.00
"2024-03-01 02:56:28.260597",170000.00
"2024-03-01 04:49:12.273722",12500.00
"2024-03-01 04:55:24.665517",15000.00
"2024-03-01 05:41:59.278434",2250000.00
"2024-03-01 05:47:50.953974",255000.00
"2024-03-01 08:29:26.144974",24000.00
"2024-03-01 09:13:42.35958",72000.00
"2024-03-01 10:31:48.406189",54000.00
"2024-03-01 11:01:48.648406",5000.00
"2024-03-01 11:27:55.33888",11000.00
"2024-03-01 12:49:31.150302",11000.00
"2024-03-01 13:54:36.723649",320000.00
"2024-03-01 15:21:56.075544",320000.00
"2024-03-01 17:14:47.45749",90000.00
"2024-03-01 19:23:27.176375",320000.00
"2024-03-01 21:45:22.589729",900000.00
"2024-03-01 22:33:45.188654",54000.00
"2024-03-02 00:08:11.9155",960000.00
"2024-03-02 00:49:21.410402",135000.00
"2024-03-02 02:27:05.687346",10000.00
"2024-03-02 04:35:43.476359",20000.00
"2024-03-02 04:38:38.495738",25000.00
"2024-03-02 04:52:23.789892",11000.00
"2024-03-02 05:26:34.549351",11000.00
"2024-03-02 09:03:59.693623",255000.00
"2024-03-02 09:06:23.237709",10000.00
"2024-03-02 10:12:43.202297",12500.00
"2024-03-02 11:28:35.9904",640000.00
"2024-03-02 11:41:17.826545",12500.00
"2024-03-02 12:20:12.155474",16500.00
"2024-03-02 12:30:51.781519",22000.00
"2024-03-02 13:12:04.777427",6000.00
"2024-03-02 14:48:53.815586",1800000.00
"2024-03-02 14:57:09.083578",960000.00
"2024-03-02 15:03:31.151579",425000.00
"2024-03-02 15:42:49.483507",1350000.00
"2024-03-02 16:19:24.992849",7500.00
"2024-03-02 16:26:29.359568",72000.00
"2024-03-02 17:11:15.797489",72000.00
"2024-03-02 17:51:02.705664",18000.00
"2024-03-02 22:59:36.663431",15000.00
"2024-03-03 00:31:10.471763",1280000.00
"2024-03-03 01:49:37.539912",22000.00
"2024-03-03 04:23:41.902855",90000.00
"2024-03-03 06:13:01.550067",18000.00
"2024-03-03 07:12:06.448698",10000.00
"2024-03-03 09:24:47.92541",425000.00
"2024-03-03 09:49:45.531742",90000.00
"2024-03-03 11:44:17.791177",1280000.00
"2024-03-03 14:26:42.139173",6000.00
"2024-03-03 16:03:55.498188",72000.00
"2024-03-03 18:16:22.072662",225000.00
"2024-03-03 20:42:10.021052",320000.00
"2024-03-03 21:40:07.173434",90000.00
"2024-03-03 22:26:46.702507",450000.00
"2024-03-03 23:26:10.732337",18000.00
"2024-03-04 01:24:36.183073",225000.00
"2024-03-04 01:41:12.524385",2500.00
"2024-03-04 02:20:22.339991",12000.00
"2024-03-04 02:29:40.478262",36000.00
"2024-03-04 02:32:39.971364",7500.00
"2024-03-04 06:37:29.096853",425000.00
"2024-03-04 06:51:09.721255",1800000.00
"2024-03-04 07:35:56.450022",18000.00
"2024-03-04 07:42:41.835618",225000.00
"2024-03-04 07:51:15.354174",12000.00
"2024-03-04 09:28:46.59618",5500.00
"2024-03-04 09:38:34.924647",320000.00
"2024-03-04 12:49:45.544879",320000.00
"2024-03-04 12:53:20.087478",72000.00
"2024-03-04 14:42:24.070638",10000.00
"2024-03-04 15:52:21.827127",7500.00
"2024-03-04 15:54:37.465765",10000.00
"2024-03-04 16:29:50.664997",1280000.00
"2024-03-04 17:50:08.320673",11000.00
"2024-03-04 17:54:36.530827",255000.00
"2024-03-04 18:10:39.590354",2500.00
"2024-03-04 19:05:29.424906",15000.00
"2024-03-04 19:35:28.715653",16500.00
"2024-03-04 21:04:59.802353",6000.00
"2024-03-04 21:27:11.805023",16500.00
"2024-03-04 21:42:56.66643",1600000.00
"2024-03-05 02:23:02.002161",340000.00
"2024-03-05 03:30:25.205773",24000.00
"2024-03-05 04:57:11.342029",640000.00
"2024-03-05 05:01:20.951809",135000.00
"2024-03-05 05:13:38.184379",340000.00
"2024-03-05 06:26:58.649613",11000.00
"2024-03-05 09:40:05.862734",90000.00
"2024-03-05 09:55:09.456188",7500.00
"2024-03-05 10:21:35.182709",960000.00
"2024-03-05 10:23:21.145048",340000.00
"2024-03-05 12:19:21.333557",5000.00
"2024-03-05 12:42:03.935526",5500.00
"2024-03-05 15:09:30.231379",18000.00
"2024-03-05 17:43:45.661066",5500.00
"2024-03-05 20:43:28.847926",640000.00
"2024-03-05 20:53:51.06309",960000.00
"2024-03-05 21:27:00.114446",16500.00
"2024-03-06 00:37:02.450666",170000.00
"2024-03-06 03:06:38.476372",6000.00
"2024-03-06 03:51:46.231485",1800000.00
"2024-03-06 06:08:06.548991",450000.00
"2024-03-06 06:45:48.59087",425000.00
"2024-03-06 06:57:09.996273",450000.00
"2024-03-06 07:03:05.473591",5500.00
"2024-03-06 07:33:02.413121",135000.00
"2024-03-06 08:24:24.911359",20000.00
"2024-03-06 08:53:51.817203",5500.00
"2024-03-06 11:23:30.308777",30000.00
"2024-03-06 11:45:22.788153",6000.00
"2024-03-06 12:37:10.395588",18000.00
"2024-03-06 13:25:05.684396",225000.00
"2024-03-06 13:29:18.01219",72000.00
"2024-03-06 13:29:18.361578",425000.00
"2024-03-06 15:50:11.083185",135000.00
"2024-03-06 20:06:34.80865",11000.00
"2024-03-06 20:13:39.547237",20000.00
"2024-03-06 20:52:57.875743",16500.00
"2024-03-06 20:53:18.224973",54000.00
"2024-03-06 20:58:48.844677",54000.00
"2024-03-06 21:31:17.602568",5500.00
"2024-03-06 23:16:58.922757",85000.00
"2024-03-07 00:04:21.141957",640000.00
"2024-03-07 01:46:07.552605",2500.00
"2024-03-07 02:01:04.991504",45000.00
"2024-03-07 02:48:52.596013",27500.00
"2024-03-07 02:50:42.702763",960000.00
"2024-03-07 07:10:28.903155",25000.00
"2024-03-07 07:16:16.952807",27500.00
"2024-03-07 07:46:14.562814",72000.00
"2024-03-07 08:39:10.195171",135000.00
"2024-03-07 09:56:09.234215",1350000.00
"2024-03-07 10:10:31.312685",18000.00
"2024-03-07 13:14:55.142511",45000.00
"2024-03-07 14:17:32.974681",27500.00
"2024-03-07 15:28:04.647563",450000.00
"2024-03-07 17:44:51.867324",7500.00
"2024-03-07 18:33:44.456274",425000.00
"2024-03-07 19:49:32.552708",11000.00
"2024-03-07 20:24:12.119912",24000.00
"2024-03-07 20:25:45.910606",12500.00
"2024-03-07 21:14:07.598864",27500.00
"2024-03-07 22:38:49.180637",24000.00
"2024-03-08 00:46:06.453393",7500.00
"2024-03-08 01:21:33.475648",1350000.00
"2024-03-08 01:33:35.14934",2250000.00
"2024-03-08 02:49:54.896506",12000.00
"2024-03-08 03:19:49.622569",6000.00
"2024-03-08 07:12:02.796886",10000.00
"2024-03-08 07:13:36.777738",12000.00
"2024-03-08 07:21:54.721068",5500.00
"2024-03-08 08:39:26.791302",5000.00
"2024-03-08 11:31:54.18229",10000.00
"2024-03-08 12:53:08.739281",900000.00
"2024-03-08 13:22:02.456098",18000.00
"2024-03-08 14:02:03.911797",45000.00
"2024-03-08 14:38:43.204339",12500.00
"2024-03-08 14:43:22.382468",960000.00
"2024-03-08 14:55:24.469285",2500.00
"2024-03-08 16:06:49.230247",24000.00
"2024-03-08 16:31:40.792918",12500.00
"2024-03-08 17:42:21.110074",27500.00
"2024-03-08 18:08:21.141884",22000.00
"2024-03-08 18:55:49.946168",225000.00
"2024-03-08 19:08:09.943842",255000.00
"2024-03-08 19:14:49.678241",12000.00
"2024-03-08 19:26:23.856425",45000.00
"2024-03-08 20:28:40.677158",960000.00
"2024-03-08 20:33:40.700148",10000.00
"2024-03-08 21:07:56.484917",15000.00
"2024-03-08 23:00:49.503445",85000.00
"2024-03-08 23:18:09.843612",2500.00
"2024-03-08 23:28:18.135419",90000.00
"2024-03-08 23:56:54.385012",340000.00
"2024-03-09 01:19:31.767158",425000.00
"2024-03-09 01:35:07.705469",16500.00
"2024-03-09 03:22:44.909895",20000.00
"2024-03-09 03:41:07.68956",18000.00
"2024-03-09 06:40:09.849581",11000.00
"2024-03-09 06:59:43.683346",30000.00
"2024-03-09 07:40:00.556788",15000.00
"2024-03-09 07:56:16.778981",225000.00
"2024-03-09 10:21:05.94299",15000.00
"2024-03-09 14:50:54.555737",54000.00
"2024-03-09 15:23:59.041461",85000.00
"2024-03-09 15:32:53.615415",90000.00
"2024-03-09 16:14:13.006037",1600000.00
"2024-03-09 19:23:31.022017",1600000.00
"2024-03-09 20:56:34.09932",16500.00
"2024-03-09 21:11:45.986536",18000.00
"2024-03-09 22:17:18.272771",170000.00
"2024-03-09 22:22:35.83441",22000.00
"2024-03-09 23:02:21.836998",425000.00
"2024-03-09 23:51:17.220773",5000.00
"2024-03-10 06:10:16.122107",12000.00
"2024-03-10 07:38:16.629623",24000.00
"2024-03-10 08:00:13.915517",5500.00
"2024-03-10 10:10:17.60587",1800000.00
"2024-03-10 12:42:43.880468",1350000.00
"2024-03-10 13:22:21.978785",10000.00
"2024-03-10 15:26:20.663599",900000.00
"2024-03-10 15:54:29.709492",320000.00
"2024-03-10 16:10:09.340423",1280000.00
"2024-03-10 16:23:49.181021",11000.00
"2024-03-10 16:26:57.453792",900000.00
"2024-03-10 17:08:37.458689",170000.00
"2024-03-10 18:10:05.372934",18000.00
"2024-03-10 18:29:59.908865",5000.00
"2024-03-10 21:26:10.993963",15000.00
"2024-03-10 23:23:44.20818",16500.00
"2024-03-11 00:34:44.061349",255000.00
"2024-03-11 01:12:54.768889",18000.00
"2024-03-11 02:35:39.823558",24000.00
"2024-03-11 05:30:19.640324",16500.00
"2024-03-11 06:15:44.407952",15000.00
"2024-03-11 07:52:03.183495",24000.00
"2024-03-11 09:42:03.900984",20000.00
"2024-03-11 13:04:35.594418",36000.00
"2024-03-11 15:47:21.744388",11000.00
"2024-03-11 18:13:41.002366",1800000.00
"2024-03-11 18:28:05.579604",22000.00
"2024-03-11 18:51:41.893641",20000.00
"2024-03-11 19:38:51.497247",20000.00
"2024-03-11 19:41:39.921627",25000.00
"2024-03-11 23:04:00.518374",24000.00
"2024-03-12 00:25:08.150368",180000.00
"2024-03-12 01:00:52.422359",72000.00
"2024-03-12 01:07:41.009113",20000.00
"2024-03-12 01:26:41.094183",340000.00
"2024-03-12 01:32:40.348208",320000.00
"2024-03-12 01:46:35.656789",2250000.00
"2024-03-12 02:50:25.218339",15000.00
"2024-03-12 03:34:39.101116",20000.00
"2024-03-12 04:29:36.988812",12500.00
"2024-03-12 04:47:42.280014",6000.00
"2024-03-12 09:16:11.999554",960000.00
"2024-03-12 10:08:33.468016",27500.00
"2024-03-12 13:17:44.722581",960000.00
"2024-03-12 16:20:45.815512",16500.00
"2024-03-12 16:48:59.872184",640000.00
"2024-03-12 18:42:52.286042",5500.00
"2024-03-12 19:20:39.59861",25000.00
"2024-03-12 20:30:44.870007",225000.00
"2024-03-12 22:00:03.516227",16500.00
"2024-03-12 22:07:53.387237",90000.00
"2024-03-12 22:28:11.327516",7500.00
"2024-03-12 23:36:42.204264",320000.00
"2024-03-12 23:44:31.556755",85000.00
"2024-03-13 00:40:15.672631",170000.00
"2024-03-13 00:51:09.705688",90000.00
"2024-03-13 01:31:21.208976",425000.00
"2024-03-13 02:05:23.986048",135000.00
"2024-03-13 03:15:31.273367",72000.00
"2024-03-13 05:43:39.721838",450000.00
"2024-03-13 05:56:54.36988",45000.00
"2024-03-13 07:23:51.706175",18000.00
"2024-03-13 07:26:28.908201",12000.00
"2024-03-13 08:10:37.772767",640000.00
"2024-03-13 09:05:40.292969",10000.00
"2024-03-13 09:06:57.638333",20000.00
"2024-03-13 09:09:11.888985",12500.00
"2024-03-13 10:42:11.450786",18000.00
"2024-03-13 11:40:46.326728",2500.00
"2024-03-13 11:55:04.897196",11000.00
"2024-03-13 12:15:19.069662",90000.00
"2024-03-13 12:25:33.472625",12500.00
"2024-03-13 12:28:16.177548",25000.00
"2024-03-13 12:36:03.625241",85000.00
"2024-03-13 15:31:04.481778",5000.00
"2024-03-13 15:36:45.290053",72000.00
"2024-03-13 16:18:05.885068",12500.00
"2024-03-13 16:42:04.872525",85000.00
"2024-03-13 17:10:48.676392",1350000.00
"2024-03-13 17:46:40.975422",24000.00
"2024-03-13 19:00:26.924535",27500.00
"2024-03-13 20:03:49.129545",1600000.00
"2024-03-13 21:15:58.37106",7500.00
"2024-03-13 21:41:59.665127",7500.00
"2024-03-13 22:40:06.521395",10000.00
"2024-03-13 22:56:13.350706",90000.00
"2024-03-14 01:19:10.60699",450000.00
"2024-03-14 01:50:50.060902",36000.00
"2024-03-14 02:01:25.510768",2250000.00
"2024-03-14 02:16:28.900688",170000.00
"2024-03-14 03:15:51.696744",425000.00
"2024-03-14 03:17:51.935009",16500.00
"2024-03-14 03:53:37.776849",320000.00
"2024-03-14 04:05:37.859618",11000.00
"2024-03-14 04:08:02.640575",900000.00
"2024-03-14 05:51:50.413375",27500.00
"2024-03-14 07:59:07.546956",900000.00
"2024-03-14 08:30:07.000146",7500.00
"2024-03-14 11:00:23.679782",11000.00
"2024-03-14 11:33:09.600936",180000.00
"2024-03-14 11:59:11.853833",5000.00
"2024-03-14 12:05:07.442516",5000.00
"2024-03-14 13:26:29.941798",72000.00
"2024-03-14 14:11:22.922447",22000.00
"2024-03-14 15:38:25.116065",10000.00
"2024-03-14 17:26:53.293953",12000.00
"2024-03-14 19:13:20.039816",36000.00
"2024-03-14 21:06:25.124345",255000.00
"2024-03-14 21:30:35.646877",340000.00
"2024-03-14 21:31:54.360048",18000.00
"2024-03-14 21:58:26.861305",1280000.00
"2024-03-15 02:47:19.320401",7500.00
"2024-03-15 03:55:00.1729",90000.00
"2024-03-15 05:53:21.282073",180000.00
"2024-03-15 06:48:18.753431",5000.00
"2024-03-15 07:05:41.868554",15000.00
"2024-03-15 09:25:47.077187",15000.00
"2024-03-15 09:36:57.557454",225000.00
"2024-03-15 10:41:40.247863",340000.00
"2024-03-15 14:01:23.955274",18000.00
"2024-03-15 15:49:59.183807",450000.00
"2024-03-15 15:57:59.60519",36000.00
"2024-03-15 18:09:36.551135",27500.00
"2024-03-15 18:37:15.898847",27500.00
"2024-03-15 21:41:55.739523",5000.00
"2024-03-15 23:01:30.525786",7500.00
"2024-03-15 23:25:05.205943",11000.00
"2024-03-15 23:40:42.854093",255000.00
"2024-03-16 00:23:50.574429",960000.00
"2024-03-16 01:27:07.461741",1280000.00
"2024-03-16 02:33:29.701142",12000.00
"2024-03-16 02:56:02.440074",85000.00
"2024-03-16 02:56:06.236137",25000.00
"2024-03-16 03:10:34.359062",45000.00
"2024-03-16 03:50:35.317439",7500.00
"2024-03-16 05:25:45.452345",10000.00
"2024-03-16 06:10:11.136132",1600000.00
"2024-03-16 06:15:32.192591",960000.00
"2024-03-16 06:45:36.890646",45000.00
"2024-03-16 08:43:36.046128",24000.00
"2024-03-16 13:32:12.309745",450000.00
"2024-03-16 15:04:25.464",45000.00
"2024-03-16 16:05:00.184125",90000.00
"2024-03-16 16:09:42.640818",425000.00
"2024-03-16 16:11:37.409529",5000.00
"2024-03-16 17:47:45.74333",7500.00
"2024-03-16 20:20:33.121044",36000.00
"2024-03-16 21:56:30.926057",12500.00
"2024-03-16 23:16:56.424833",170000.00
"2024-03-16 23:46:37.800804",255000.00
"2024-03-17 00:01:32.551201",85000.00
"2024-03-17 04:09:28.241436",960000.00
"2024-03-17 04:17:57.971329",6000.00
"2024-03-17 04:57:50.148503",320000.00
"2024-03-17 05:04:27.836352",960000.00
"2024-03-17 06:13:38.985336",36000.00
"2024-03-17 07:25:34.42093",54000.00
"2024-03-17 08:01:26.789446",450000.00
"2024-03-17 08:24:29.151152",960000.00
"2024-03-17 09:29:25.255718",1800000.00
"2024-03-17 09:42:43.020912",2250000.00
"2024-03-17 10:12:55.93694",90000.00
"2024-03-17 10:24:00.79424",170000.00
"2024-03-17 10:35:02.633874",1600000.00
"2024-03-17 10:46:47.072487",2250000.00
"2024-03-17 12:15:18.099349",1350000.00
"2024-03-17 12:59:04.407531",320000.00
"2024-03-17 14:20:02.968483",16500.00
"2024-03-17 15:20:11.611735",12000.00
"2024-03-17 16:49:49.285723",16500.00
"2024-03-17 18:16:53.29286",7500.00
"2024-03-17 19:58:42.397366",12000.00
"2024-03-17 22:56:30.400903",425000.00
"2024-03-17 23:18:46.863439",25000.00
"2024-03-18 00:18:29.485238",18000.00
"2024-03-18 00:22:40.369883",1800000.00
"2024-03-18 02:41:03.944779",1600000.00
"2024-03-18 04:10:28.404308",320000.00
"2024-03-18 06:55:24.812796",5000.00
"2024-03-18 08:38:10.446541",90000.00
"2024-03-18 11:30:39.114633",22000.00
"2024-03-18 15:18:12.139519",2250000.00
"2024-03-18 15:28:37.208418",85000.00
"2024-03-18 15:40:41.018974",22000.00
"2024-03-18 16:15:42.257868",72000.00
"2024-03-18 16:41:06.974196",90000.00
"2024-03-18 16:53:55.766352",450000.00
"2024-03-18 17:09:01.789793",45000.00
"2024-03-18 18:55:33.634487",5000.00
"2024-03-18 19:53:45.505769",12500.00
"2024-03-18 23:25:57.845074",640000.00
"2024-03-19 00:00:13.286245",20000.00
"2024-03-19 02:40:02.552531",180000.00
"2024-03-19 04:01:11.453541",5000.00
"2024-03-19 04:21:24.701357",1800000.00
"2024-03-19 05:46:54.98719",11000.00
"2024-03-19 06:20:34.75158",27500.00
"2024-03-19 06:50:17.473557",1350000.00
"2024-03-19 07:14:44.627184",225000.00
"2024-03-19 07:50:24.945297",10000.00
"2024-03-19 08:57:28.39995",6000.00
"2024-03-19 10:01:36.896192",1350000.00
"2024-03-19 10:43:18.834818",24000.00
"2024-03-19 11:29:39.371354",22000.00
"2024-03-19 11:33:15.059839",2500.00
"2024-03-19 16:43:52.530469",5000.00
"2024-03-19 17:11:56.710835",18000.00
"2024-03-19 17:30:15.380401",11000.00
"2024-03-19 17:46:03.117554",16500.00
"2024-03-19 18:34:23.627664",2250000.00
"2024-03-19 19:04:39.061647",1800000.00
"2024-03-19 20:46:35.968082",135000.00
"2024-03-19 22:22:24.040607",18000.00
"2024-03-20 00:21:43.084264",2250000.00
"2024-03-20 01:57:18.893567",5000.00
"2024-03-20 03:34:01.692049",2500.00
"2024-03-20 05:31:00.553188",22000.00
"2024-03-20 07:08:16.282945",225000.00
"2024-03-20 07:11:50.006033",85000.00
"2024-03-20 10:02:15.422092",255000.00
"2024-03-20 10:53:41.94482",16500.00
"2024-03-20 15:06:06.836297",2250000.00
"2024-03-20 15:25:02.916372",225000.00
"2024-03-20 17:39:19.947922",180000.00
"2024-03-20 18:09:16.366867",24000.00
"2024-03-20 18:48:47.108433",7500.00
"2024-03-20 19:02:35.863219",1600000.00
"2024-03-20 19:15:46.765149",16500.00
"2024-03-20 20:19:21.889801",85000.00
"2024-03-21 00:18:02.559315",225000.00
"2024-03-21 02:12:26.419424",340000.00
"2024-03-21 02:38:06.822028",450000.00
"2024-03-21 03:09:51.187334",225000.00
"2024-03-21 03:20:08.417946",25000.00
"2024-03-21 04:03:55.305151",640000.00
"2024-03-21 04:10:14.280338",22000.00
"2024-03-21 06:11:47.670572",90000.00
"2024-03-21 06:47:08.545192",11000.00
"2024-03-21 08:14:50.66278",1280000.00
"2024-03-21 08:41:37.797511",10000.00
"2024-03-21 12:20:27.108982",6000.00
"2024-03-21 12:34:27.470318",27500.00
"2024-03-21 14:13:50.913082",36000.00
"2024-03-21 14:15:04.290606",225000.00
"2024-03-21 18:26:58.44536",2250000.00
"2024-03-21 18:30:03.768271",90000.00
"2024-03-21 18:31:35.25443",170000.00
"2024-03-21 20:24:27.315297",7500.00
"2024-03-21 22:31:01.370479",22000.00
"2024-03-21 23:57:08.485301",18000.00
"2024-03-22 00:06:47.787589",20000.00
"2024-03-22 01:40:41.376684",135000.00
"2024-03-22 04:16:48.298763",20000.00
"2024-03-22 06:12:02.638963",6000.00
"2024-03-22 06:39:44.405077",960000.00
"2024-03-22 08:28:55.950713",1280000.00
"2024-03-22 09:45:14.025995",225000.00
"2024-03-22 11:35:22.667692",1800000.00
"2024-03-22 13:24:59.293793",425000.00
"2024-03-22 14:01:26.677571",90000.00
"2024-03-22 15:50:28.028618",72000.00
"2024-03-22 15:56:28.021568",5000.00
"2024-03-22 16:32:10.133897",255000.00
"2024-03-22 19:42:22.456722",2250000.00
"2024-03-22 20:25:08.942476",180000.00
"2024-03-22 20:50:28.742207",340000.00
"2024-03-22 22:53:31.886135",960000.00
"2024-03-22 23:05:42.881693",15000.00
"2024-03-22 23:22:30.67094",1800000.00
"2024-03-23 01:51:23.588118",15000.00
"2024-03-23 01:54:37.469839",2500.00
"2024-03-23 02:34:15.821094",7500.00
"2024-03-23 03:54:40.091159",1600000.00
"2024-03-23 04:23:56.906331",900000.00
"2024-03-23 06:34:09.807734",27500.00
"2024-03-23 10:05:58.535297",1600000.00
"2024-03-23 10:58:38.579116",27500.00
"2024-03-23 12:07:48.275024",5000.00
"2024-03-23 12:31:31.53157",25000.00
"2024-03-23 16:53:49.360069",5000.00
"2024-03-23 17:31:28.016642",18000.00
"2024-03-24 00:50:34.688718",425000.00
"2024-03-24 02:57:14.858904",225000.00
"2024-03-24 03:28:28.181648",11000.00
"2024-03-24 05:46:55.164084",340000.00
"2024-03-24 08:23:31.683131",1280000.00
"2024-03-24 11:42:21.182971",24000.00
"2024-03-24 12:23:17.217745",22000.00
"2024-03-24 12:33:02.849036",170000.00
"2024-03-24 12:38:38.911984",1800000.00
"2024-03-24 12:58:20.157146",5000.00
"2024-03-24 13:59:22.998603",340000.00
"2024-03-24 15:30:15.564525",18000.00
"2024-03-24 16:19:06.856765",90000.00
"2024-03-24 16:52:45.278665",425000.00
"2024-03-24 18:10:50.885073",2500.00
"2024-03-24 18:32:31.980313",27500.00
"2024-03-24 18:47:51.656959",10000.00
"2024-03-24 20:10:12.582099",225000.00
"2024-03-24 20:47:23.327744",1280000.00
"2024-03-24 20:54:36.544216",22000.00
"2024-03-24 21:18:59.10164",5500.00
"2024-03-24 21:20:52.279278",255000.00
"2024-03-24 21:35:43.757276",6000.00
"2024-03-24 21:37:46.088057",255000.00
"2024-03-24 23:15:50.93796",72000.00
"2024-03-25 00:48:05.011658",320000.00
"2024-03-25 01:24:08.934115",320000.00
"2024-03-25 02:29:21.615657",22000.00
"2024-03-25 02:54:58.126619",90000.00
"2024-03-25 03:57:39.861102",2250000.00
"2024-03-25 04:32:36.23715",450000.00
"2024-03-25 07:58:02.386314",1600000.00
"2024-03-25 08:33:50.010923",2250000.00
"2024-03-25 08:42:06.2428",45000.00
"2024-03-25 09:11:27.270154",24000.00
"2024-03-25 10:42:52.638204",7500.00
"2024-03-25 11:06:35.132563",90000.00
"2024-03-25 14:31:05.752783",5000.00
"2024-03-25 17:40:21.011779",36000.00
"2024-03-25 18:29:24.159304",30000.00
"2024-03-25 18:30:31.580519",2250000.00
"2024-03-25 19:23:04.771016",10000.00
"2024-03-25 20:28:10.989293",25000.00
"2024-03-25 20:54:46.393903",2500.00
"2024-03-25 21:00:21.541299",20000.00
"2024-03-25 21:00:24.230167",2500.00
"2024-03-25 22:54:08.026052",54000.00
"2024-03-26 00:22:29.216101",36000.00
"2024-03-26 00:51:04.91825",10000.00
"2024-03-26 06:33:56.3227",18000.00
"2024-03-26 06:34:44.939129",425000.00
"2024-03-26 07:41:04.574295",45000.00
"2024-03-26 08:26:16.480259",24000.00
"2024-03-26 09:42:42.029719",1280000.00
"2024-03-26 10:54:57.345296",640000.00
"2024-03-26 13:51:52.859418",135000.00
"2024-03-26 14:13:13.402144",1600000.00
"2024-03-26 14:35:55.580918",27500.00
"2024-03-26 16:15:12.749902",15000.00
"2024-03-26 18:09:10.238499",90000.00
"2024-03-26 18:10:15.044972",18000.00
"2024-03-26 19:25:03.644359",5000.00
"2024-03-26 22:22:49.899511",72000.00
"2024-03-27 00:38:54.598146",90000.00
"2024-03-27 00:45:47.681362",90000.00
"2024-03-27 02:29:40.051706",20000.00
"2024-03-27 02:36:09.589535",22000.00
"2024-03-27 09:49:26.609303",10000.00
"2024-03-27 12:44:27.760294",1280000.00
"2024-03-27 12:57:26.103081",170000.00
"2024-03-27 14:14:03.866049",25000.00
"2024-03-27 14:49:42.832062",27500.00
"2024-03-27 14:54:32.422089",15000.00
"2024-03-27 14:56:54.726249",90000.00
"2024-03-27 14:56:55.613435",12500.00
"2024-03-27 18:56:08.740664",1350000.00
"2024-03-27 19:39:52.260379",1800000.00
"2024-03-27 21:05:17.61375",320000.00
"2024-03-27 21:22:14.739116",20000.00
"2024-03-27 21:24:15.479394",36000.00
"2024-03-27 21:30:24.958423",425000.00
"2024-03-27 21:46:45.733026",5500.00
"2024-03-27 22:20:28.764588",225000.00
"2024-03-28 00:54:24.55896",25000.00
"2024-03-28 01:17:26.502301",45000.00
"2024-03-28 01:24:36.31661",12500.00
"2024-03-28 01:25:22.236815",90000.00
"2024-03-28 02:21:29.729848",54000.00
"2024-03-28 02:42:42.864017",18000.00
"2024-03-28 03:44:16.697901",10000.00
"2024-03-28 03:47:35.355142",320000.00
"2024-03-28 05:23:53.317252",1600000.00
"2024-03-28 05:53:33.556875",16500.00
"2024-03-28 09:54:27.580515",12000.00
"2024-03-28 10:05:50.586906",22000.00
"2024-03-28 10:57:49.80517",2500.00
"2024-03-28 11:31:02.156454",10000.00
"2024-03-28 12:07:37.299775",90000.00
"2024-03-28 12:07:39.272116",1600000.00
"2024-03-28 12:29:24.360122",45000.00
"2024-03-28 13:01:42.514319",425000.00
"2024-03-28 13:18:45.415405",5000.00
"2024-03-28 14:34:26.590185",24000.00
"2024-03-28 14:42:08.378588",12500.00
"2024-03-28 14:43:41.491352",425000.00
"2024-03-28 15:15:19.20863",7500.00
"2024-03-28 15:43:12.296452",22000.00
"2024-03-28 15:53:48.357275",27500.00
"2024-03-28 18:41:45.811303",340000.00
"2024-03-28 19:12:35.011902",36000.00
"2024-03-28 19:24:41.659995",7500.00
"2024-03-28 20:31:35.71702",12000.00
"2024-03-28 21:38:19.016531",180000.00
"2024-03-28 23:11:07.119193",18000.00
"2024-03-29 00:10:59.414621",2500.00
"2024-03-29 03:40:39.295228",640000.00
"2024-03-29 04:16:45.445912",15000.00
"2024-03-29 04:37:21.709635",20000.00
"2024-03-29 04:41:22.577787",5500.00
"2024-03-29 06:01:51.236827",135000.00
"2024-03-29 07:19:26.625387",180000.00
"2024-03-29 08:25:53.121666",30000.00
"2024-03-29 10:11:49.419108",1600000.00
"2024-03-29 12:17:29.879868",18000.00
"2024-03-29 14:33:30.679494",22000.00
"2024-03-29 17:47:57.672704",16500.00
"2024-03-29 18:17:59.643264",30000.00
"2024-03-29 18:31:29.045034",640000.00
"2024-03-29 19:31:54.154748",90000.00
"2024-03-29 19:50:38.910598",6000.00
"2024-03-29 22:16:27.112072",180000.00
"2024-03-29 22:32:17.063873",20000.00
"2024-03-29 23:24:25.96319",450000.00
"2024-03-30 02:12:30.433499",640000.00
"2024-03-30 03:11:21.956344",640000.00
"2024-03-30 03:24:15.844135",170000.00
"2024-03-30 04:42:42.3643",340000.00
"2024-03-30 04:55:39.976141",12500.00
"2024-03-30 06:09:42.518489",1350000.00
"2024-03-30 06:43:56.605023",11000.00
"2024-03-30 06:48:47.554652",340000.00
"2024-03-30 08:36:23.242669",18000.00
"2024-03-30 09:14:38.374029",225000.00
"2024-03-30 12:39:15.028515",2250000.00
"2024-03-30 13:25:06.90466",10000.00
"2024-03-30 14:54:19.749256",5500.00
"2024-03-30 16:03:14.728107",1280000.00
"2024-03-30 16:27:31.163341",340000.00
"2024-03-30 16:52:25.795181",12000.00
"2024-03-30 17:39:33.718683",340000.00
"2024-03-30 18:37:03.422215",2250000.00
"2024-03-30 19:41:44.560255",25000.00
"2024-03-30 20:13:03.452678",18000.00
"2024-03-30 22:32:25.100373",180000.00
"2024-03-31 01:08:18.511006",24000.00
"2024-03-31 01:45:38.505979",45000.00
"2024-03-31 02:19:39.874259",12000.00
"2024-03-31 04:32:53.853327",72000.00
"2024-03-31 05:23:40.488449",90000.00
"2024-03-31 06:06:19.577266",20000.00
"2024-03-31 07:10:31.903008",85000.00
"2024-03-31 09:37:08.72964",18000.00
"2024-03-31 10:02:03.544709",12500.00
"2024-03-31 10:36:07.926376",12500.00
"2024-03-31 11:20:22.158528",90000.00
"2024-03-31 13:29:10.46774",15000.00
"2024-03-31 14:50:43.756396",2250000.00
"2024-03-31 15:16:25.852413",5500.00
"2024-03-31 16:02:52.661158",5000.00
"2024-03-31 16:30:54.347797",450000.00
"2024-03-31 16:38:13.039617",6000.00
"2024-03-31 16:45:15.109605",2500.00
"2024-03-31 18:07:45.347886",12500.00
"2024-03-31 20:24:18.792177",320000.00
